CustomerID,Age,Gender,Region,ContractType,MonthlyCharges,SignupDate,
CUST_0,43,Male,Urban,Yearly,48.18,20-03-2021,50.07
CUST_1,43,Female,Suburban,Prepaid,38.94,25-01-2020,
CUST_2,46,Female,Rural,Monthly,48.56,31-08-2022,
CUST_3,43,Female,Urban,Prepaid,24.22,09-12-2018,
CUST_4,60,Male,Rural,Monthly,67.86,28-12-2022,
CUST_5,25,Female,Urban,Prepaid,44.77,02-08-2022,
CUST_6,38,Female,Suburban,Yearly,38.67,05-11-2022,
CUST_7,43,Female,Rural,Monthly,40.41,25-12-2018,
CUST_8,36,Male,Suburban,Yearly,50.25,20-12-2022,
CUST_9,43,Male,Urban,Yearly,51.79,16-10-2022,
CUST_10,43,Female,Urban,Prepaid,47.81,29-04-2022,
CUST_11,43,Female,Suburban,Monthly,47.74,02-04-2021,
CUST_12,41,Female,Urban,Yearly,58.25,19-07-2022,
CUST_13,43,Male,Suburban,Monthly,33.52,21-02-2022,
CUST_14,43,Male,Suburban,Monthly,53.38,04-06-2023,
CUST_15,41,Male,Suburban,Monthly,45.23,13-03-2019,
CUST_16,20,Female,Urban,Monthly,20.03,06-02-2018,
CUST_17,43,Male,Rural,Prepaid,33.75,10-10-2021,
CUST_18,19,Female,Suburban,Monthly,38.12,17-09-2018,
CUST_19,41,Female,Rural,Prepaid,75.06,01-12-2021,
CUST_20,61,Male,Urban,Prepaid,56.79,09-06-2019,
CUST_21,47,Female,Urban,Prepaid,54.06,25-12-2020,
CUST_22,55,Male,Rural,Prepaid,42.7,08-10-2020,
CUST_23,43,Female,Suburban,Monthly,42.31,17-12-2022,
CUST_24,38,Female,Urban,Prepaid,32.26,02-07-2018,
CUST_25,50,Male,Suburban,Prepaid,45.1,17-05-2022,
CUST_26,29,Female,Suburban,Monthly,70.63,26-10-2018,
CUST_27,39,Female,Rural,Monthly,30.23,06-07-2021,
CUST_28,43,Female,Urban,Monthly,41.2,13-09-2022,
CUST_29,42,Female,Rural,Yearly,63.89,04-09-2021,
CUST_30,43,Female,Urban,Prepaid,63.85,13-06-2019,
CUST_31,44,Female,Rural,Prepaid,39.19,11-03-2019,
CUST_32,59,Female,Urban,Prepaid,67.45,02-03-2023,
CUST_33,45,Female,Urban,Yearly,43.48,24-12-2019,
CUST_34,33,Male,Urban,Monthly,32.76,03-05-2022,
CUST_35,32,Male,Suburban,Prepaid,72.47,25-09-2018,
CUST_36,64,Female,Suburban,Prepaid,51.38,27-08-2021,
CUST_37,68,Female,Rural,Monthly,47.48,27-06-2018,
CUST_38,43,Male,Rural,Prepaid,52.62,30-01-2022,
CUST_39,69,Female,Urban,Monthly,35.45,26-09-2018,
CUST_40,20,Male,Urban,Yearly,41.57,08-01-2020,
CUST_41,54,Male,Suburban,Monthly,71.55,12-04-2020,
CUST_42,68,Male,Suburban,Yearly,77.89,28-01-2021,
CUST_43,24,Female,Suburban,Prepaid,33.3,30-04-2022,
CUST_44,38,Female,Rural,Monthly,44.16,03-11-2019,
CUST_45,26,Female,Suburban,Yearly,50.07,19-01-2023,
CUST_46,56,Male,Rural,Monthly,53.01,31-07-2018,
CUST_47,35,Male,Suburban,Monthly,35.74,29-03-2018,
CUST_48,43,Male,Suburban,Monthly,59.76,27-05-2022,
CUST_49,43,Female,Urban,Yearly,60.89,18-11-2019,
CUST_50,31,Male,Rural,Prepaid,62.75,12-06-2018,
CUST_51,67,Male,Suburban,Prepaid,61.29,30-05-2022,
CUST_52,26,Female,Urban,Prepaid,51.22,01-01-2022,
CUST_53,43,Male,Rural,Yearly,64.86,17-11-2020,
CUST_54,19,Male,Rural,Yearly,58.16,30-05-2019,
CUST_55,37,Female,Suburban,Prepaid,27.74,03-11-2021,
CUST_56,45,Female,Rural,Prepaid,27.85,17-09-2018,
CUST_57,64,Male,Urban,Yearly,54.63,10-03-2021,
CUST_58,24,Female,Urban,Prepaid,69.29,21-05-2019,
CUST_59,43,Male,Rural,Prepaid,56.69,06-12-2018,
CUST_60,25,Female,Urban,Prepaid,58.82,22-09-2019,
CUST_61,43,Male,Rural,Prepaid,34.11,19-08-2021,
CUST_62,43,Female,Urban,Monthly,51.01,11-06-2019,
CUST_63,43,Male,Rural,Monthly,67.13,03-04-2021,
CUST_64,34,Female,Rural,Monthly,56.69,16-06-2023,
CUST_65,53,Female,Rural,Yearly,257.85,28-04-2021,
CUST_66,67,Female,Urban,Prepaid,58.91,25-03-2020,
CUST_67,57,Female,Rural,Prepaid,53.4,22-06-2018,
CUST_68,21,Female,Rural,Yearly,67.62,01-10-2021,
CUST_69,19,Female,Suburban,Monthly,53.39,15-11-2022,
CUST_70,23,Female,Suburban,Prepaid,49.54,03-04-2020,
CUST_71,59,Male,Rural,Prepaid,34.29,02-04-2021,
CUST_72,21,Male,Suburban,Prepaid,68.22,17-11-2022,
CUST_73,46,Female,Rural,Monthly,35.89,20-03-2021,
CUST_74,35,Female,Suburban,Prepaid,53.56,31-08-2022,
CUST_75,43,Male,Urban,Monthly,62.01,19-11-2018,
CUST_76,43,Male,Urban,Prepaid,76.84,26-04-2023,
CUST_77,43,Female,Rural,Yearly,53.4,21-03-2019,
CUST_78,43,Male,Rural,Prepaid,70.87,26-05-2022,
CUST_79,53,Male,Urban,Monthly,50.41,25-05-2023,
CUST_80,31,Female,Urban,Prepaid,41.59,01-11-2021,
CUST_81,48,Female,Suburban,Prepaid,91.5,12-08-2020,
CUST_82,65,Female,Rural,Monthly,31.73,07-04-2018,
CUST_83,43,Male,Urban,Monthly,93.82,15-08-2021,
CUST_84,43,Female,Urban,Monthly,74.43,10-03-2022,
CUST_85,31,Female,Rural,Monthly,41.38,16-07-2019,
CUST_86,40,Male,Suburban,Prepaid,59.75,04-07-2018,
CUST_87,57,Female,Suburban,Monthly,29.03,18-04-2020,
CUST_88,43,Male,Suburban,Prepaid,58.9,25-11-2022,
CUST_89,33,Male,Suburban,Prepaid,54.83,06-02-2023,
CUST_90,62,Male,Urban,Monthly,63,16-09-2022,
CUST_91,35,Male,Rural,Yearly,43.94,28-07-2019,
CUST_92,64,Male,Rural,Monthly,52.39,09-06-2018,
CUST_93,41,Male,Urban,Yearly,57.14,08-08-2020,
CUST_94,43,Female,Urban,Yearly,42.67,30-01-2020,
CUST_95,43,Female,Urban,Prepaid,71.09,15-07-2019,
CUST_96,43,Female,Rural,Yearly,51.95,30-01-2023,
CUST_97,58,Male,Rural,Monthly,55.17,05-05-2023,
CUST_98,43,Female,Rural,Yearly,37.51,15-11-2022,
CUST_99,32,Male,Suburban,Monthly,25.23,20-04-2021,
CUST_100,62,Female,Urban,Monthly,29.8,14-10-2021,
CUST_101,18,Male,Urban,Monthly,58.94,19-11-2019,
CUST_102,42,Female,Urban,Prepaid,38.15,22-07-2021,
CUST_103,24,Male,Rural,Yearly,60.93,04-03-2021,
CUST_104,43,Female,Urban,Prepaid,74.82,02-11-2018,
CUST_105,43,Male,Urban,Prepaid,61.56,13-05-2018,
CUST_106,18,Female,Suburban,Prepaid,56.39,29-01-2022,
CUST_107,61,Male,Rural,Prepaid,59.84,08-07-2022,
CUST_108,25,Female,Urban,Prepaid,66.56,04-07-2021,
CUST_109,41,Female,Rural,Prepaid,54.68,29-05-2022,
CUST_110,43,Female,Rural,Monthly,59.96,17-04-2023,
CUST_111,68,Male,Rural,Monthly,41.52,23-01-2018,
CUST_112,34,Male,Suburban,Prepaid,35.36,17-03-2019,
CUST_113,25,Male,Rural,Prepaid,42.41,12-06-2021,
CUST_114,43,Male,Rural,Yearly,45.1,24-03-2023,
CUST_115,52,Male,Rural,Prepaid,44.49,15-10-2021,
CUST_116,43,Female,Urban,Prepaid,67.2,24-06-2023,
CUST_117,22,Male,Suburban,Prepaid,9.26,18-10-2020,
CUST_118,43,Female,Urban,Prepaid,46.79,30-08-2019,
CUST_119,56,Female,Suburban,Monthly,61.15,14-10-2022,
CUST_120,58,Male,Suburban,Prepaid,60.6,21-02-2023,
CUST_121,45,Female,Rural,Monthly,37.72,27-12-2020,
CUST_122,24,Male,Rural,Prepaid,76.08,04-01-2018,
CUST_123,26,Male,Urban,Monthly,29.24,25-06-2020,
CUST_124,43,Male,Suburban,Monthly,44.75,27-01-2023,
CUST_125,43,Female,Rural,Prepaid,45.35,05-05-2023,
CUST_126,43,Male,Rural,Prepaid,45.2,11-04-2021,
CUST_127,43,Male,Rural,Prepaid,70.4,16-05-2022,
CUST_128,43,Male,Rural,Monthly,50.24,09-03-2019,
CUST_129,40,Female,Urban,Prepaid,54.8,23-09-2018,
CUST_130,41,Male,Urban,Monthly,63.19,18-12-2020,
CUST_131,54,Female,Rural,Prepaid,40.41,19-08-2020,
CUST_132,43,Female,Rural,Prepaid,47.68,27-02-2022,
CUST_133,61,Male,Rural,Prepaid,75.14,01-04-2020,
CUST_134,57,Female,Rural,Prepaid,55.67,09-04-2020,
CUST_135,43,Female,Rural,Prepaid,33.58,15-12-2018,
CUST_136,44,Male,Suburban,Prepaid,37.15,03-05-2021,
CUST_137,52,Male,Suburban,Monthly,63.38,25-03-2019,
CUST_138,43,Male,Suburban,Prepaid,33.06,04-05-2023,
CUST_139,43,Female,Suburban,Monthly,42.91,07-12-2021,
CUST_140,43,Male,Rural,Monthly,53.05,16-07-2021,
CUST_141,43,Female,Suburban,Monthly,50.2,21-06-2018,
CUST_142,31,Female,Suburban,Yearly,72.25,13-11-2020,
CUST_143,20,Female,Urban,Prepaid,13.24,07-01-2020,
CUST_144,43,Female,Suburban,Prepaid,57.23,08-06-2019,
CUST_145,22,Female,Suburban,Monthly,45.76,04-07-2018,
CUST_146,43,Male,Rural,Monthly,69.76,01-01-2019,
CUST_147,31,Male,Suburban,Monthly,46.47,03-03-2021,
CUST_148,56,Female,Suburban,Prepaid,46.9,17-05-2023,
CUST_149,43,Female,Rural,Monthly,49.94,27-12-2022,
CUST_150,26,Male,Suburban,Yearly,40.08,26-06-2019,
CUST_151,32,Male,Rural,Prepaid,41.14,16-07-2018,
CUST_152,32,Female,Suburban,Yearly,47.77,28-05-2019,
CUST_153,43,Female,Urban,Prepaid,74.67,08-02-2019,
CUST_154,43,Male,Urban,Prepaid,42.63,14-10-2020,
CUST_155,30,Male,Suburban,Prepaid,39.69,02-08-2021,
CUST_156,68,Female,Urban,Monthly,44,21-02-2019,
CUST_157,49,Male,Rural,Monthly,50.05,11-07-2018,
CUST_158,43,Male,Suburban,Monthly,76.89,17-04-2022,
CUST_159,66,Female,Rural,Monthly,38.54,01-09-2019,
CUST_160,69,Female,Urban,Prepaid,87.49,17-12-2022,
CUST_161,43,Female,Rural,Prepaid,56.78,15-05-2022,
CUST_162,43,Male,Urban,Prepaid,35,12-04-2019,
CUST_163,43,Female,Urban,Yearly,41.79,09-09-2021,
CUST_164,43,Male,Urban,Prepaid,20.95,27-05-2018,
CUST_165,43,Female,Rural,Yearly,51.6,06-09-2023,
CUST_166,56,Female,Urban,Prepaid,65.77,27-04-2018,
CUST_167,62,Male,Suburban,Prepaid,50.47,12-06-2022,
CUST_168,32,Male,Urban,Prepaid,62.04,04-09-2018,
CUST_169,60,Female,Suburban,Prepaid,56.43,22-04-2021,
CUST_170,46,Female,Suburban,Yearly,68.15,13-11-2022,
CUST_171,53,Male,Suburban,Monthly,35.3,19-12-2018,
CUST_172,30,Female,Suburban,Yearly,63.24,06-10-2021,
CUST_173,49,Male,Rural,Yearly,78.3,09-10-2019,
CUST_174,43,Male,Suburban,Monthly,88.48,07-12-2021,
CUST_175,43,Female,Urban,Monthly,71.3,15-09-2019,
CUST_176,43,Male,Suburban,Monthly,52.57,17-07-2018,
CUST_177,45,Male,Urban,Monthly,35.52,20-05-2019,
CUST_178,19,Male,Rural,Prepaid,37.75,01-04-2018,
CUST_179,59,Female,Suburban,Monthly,47.4,03-04-2022,
CUST_180,43,Male,Urban,Monthly,77.9,28-03-2020,
CUST_181,43,Female,Rural,Prepaid,42.04,19-12-2022,
CUST_182,45,Female,Rural,Monthly,52.69,03-11-2023,
CUST_183,45,Female,Urban,Yearly,64.11,31-01-2019,
CUST_184,61,Male,Suburban,Monthly,0.72,23-06-2021,
CUST_185,61,Male,Rural,Monthly,34.05,01-07-2020,
CUST_186,37,Female,Urban,Prepaid,79.3,29-03-2021,
CUST_187,47,Female,Suburban,Monthly,65.64,22-08-2020,
CUST_188,28,Male,Rural,Prepaid,65.74,05-09-2020,
CUST_189,45,Female,Urban,Yearly,35.91,28-04-2018,
CUST_190,42,Female,Rural,Yearly,71.77,25-08-2021,
CUST_191,43,Male,Rural,Yearly,37.75,01-01-2019,
CUST_192,43,Female,Urban,Prepaid,51.37,09-11-2018,
CUST_193,18,Male,Rural,Prepaid,60.42,04-04-2021,
CUST_194,44,Male,Urban,Yearly,62.49,30-03-2022,
CUST_195,69,Female,Suburban,Yearly,57.4,14-04-2020,
CUST_196,43,Male,Urban,Yearly,46.99,15-01-2023,
CUST_197,43,Male,Suburban,Monthly,22.29,16-04-2021,
CUST_198,43,Male,Rural,Monthly,51.24,13-01-2018,
CUST_199,56,Female,Urban,Prepaid,17.47,11-07-2020,
CUST_200,23,Female,Urban,Yearly,58.51,03-12-2021,
CUST_201,25,Female,Urban,Monthly,176.6,16-12-2020,
CUST_202,44,Male,Urban,Prepaid,47.61,29-11-2020,
CUST_203,26,Male,Suburban,Prepaid,42.33,26-04-2021,
CUST_204,43,Female,Suburban,Monthly,58.49,06-03-2023,
CUST_205,50,Female,Rural,Monthly,38.15,13-03-2018,
CUST_206,43,Male,Rural,Prepaid,53.84,27-03-2020,
CUST_207,59,Female,Rural,Prepaid,52.77,06-04-2021,
CUST_208,43,Female,Rural,Prepaid,50.99,23-07-2021,
CUST_209,43,Female,Urban,Prepaid,55.89,02-09-2023,
CUST_210,32,Female,Suburban,Yearly,31.96,06-05-2021,
CUST_211,49,Female,Suburban,Monthly,32.51,09-04-2022,
CUST_212,43,Male,Suburban,Monthly,71.5,06-11-2020,
CUST_213,41,Female,Suburban,Monthly,26.9,14-12-2022,
CUST_214,58,Female,Rural,Prepaid,82.5,20-12-2019,
CUST_215,69,Male,Urban,Monthly,47.93,05-11-2022,
CUST_216,66,Male,Suburban,Yearly,37.24,25-03-2019,
CUST_217,66,Male,Urban,Monthly,62.92,31-05-2019,
CUST_218,43,Male,Urban,Monthly,41.57,15-03-2020,
CUST_219,29,Female,Urban,Monthly,55.07,08-07-2021,
CUST_220,56,Female,Urban,Yearly,68.65,18-11-2021,
CUST_221,19,Female,Suburban,Prepaid,60.7,02-01-2022,
CUST_222,43,Female,Suburban,Prepaid,56.4,03-06-2023,
CUST_223,66,Male,Suburban,Yearly,59.82,09-03-2020,
CUST_224,54,Male,Rural,Yearly,50.6,14-08-2019,
CUST_225,66,Female,Suburban,Monthly,62.17,16-09-2022,
CUST_226,43,Female,Rural,Prepaid,33.91,06-04-2019,
CUST_227,66,Female,Rural,Prepaid,71.89,05-12-2018,
CUST_228,43,Female,Rural,Monthly,47.66,28-09-2022,
CUST_229,43,Male,Suburban,Yearly,52.66,19-01-2023,
CUST_230,43,Female,Suburban,Prepaid,45.3,17-01-2019,
CUST_231,40,Male,Suburban,Monthly,59.09,24-04-2021,
CUST_232,54,Male,Rural,Yearly,65.81,30-03-2019,
CUST_233,49,Male,Rural,Prepaid,35.12,01-04-2022,
CUST_234,50,Male,Urban,Monthly,48.96,19-07-2022,
CUST_235,18,Female,Rural,Prepaid,52.55,10-01-2019,
CUST_236,36,Female,Rural,Yearly,56.54,10-05-2021,
CUST_237,19,Female,Suburban,Yearly,45.63,26-05-2021,
CUST_238,61,Female,Urban,Prepaid,43.52,08-02-2022,
CUST_239,43,Male,Urban,Yearly,63.29,19-04-2021,
CUST_240,49,Male,Urban,Yearly,57.63,24-03-2018,
CUST_241,23,Male,Suburban,Yearly,53.23,21-09-2021,
CUST_242,43,Female,Urban,Monthly,68.74,12-10-2018,
CUST_243,21,Male,Urban,Monthly,29.93,14-11-2019,
CUST_244,28,Male,Suburban,Prepaid,61.98,17-04-2019,
CUST_245,34,Male,Urban,Prepaid,55.6,28-01-2019,
CUST_246,55,Male,Rural,Monthly,28.18,15-01-2020,
CUST_247,41,Female,Rural,Prepaid,67.49,06-12-2019,
CUST_248,22,Male,Rural,Monthly,58.85,06-09-2022,
CUST_249,69,Male,Rural,Monthly,60.85,24-01-2021,
CUST_250,51,Female,Rural,Yearly,45.45,03-02-2022,
CUST_251,43,Female,Rural,Yearly,61.44,11-10-2018,
CUST_252,39,Female,Rural,Prepaid,39.04,15-10-2022,
CUST_253,43,Male,Rural,Monthly,29.82,28-04-2018,
CUST_254,43,Male,Rural,Monthly,49.8,17-05-2018,
CUST_255,33,Male,Suburban,Prepaid,60.13,06-08-2023,
CUST_256,50,Male,Suburban,Prepaid,65.22,24-05-2018,
CUST_257,26,Female,Rural,Yearly,52.26,06-10-2018,
CUST_258,43,Male,Suburban,Prepaid,51.1,30-01-2022,
CUST_259,43,Male,Suburban,Yearly,65.21,20-02-2018,
CUST_260,46,Female,Rural,Yearly,44.99,16-04-2022,
CUST_261,20,Female,Rural,Monthly,41.57,20-12-2021,
CUST_262,37,Female,Suburban,Yearly,74.27,03-01-2019,
CUST_263,53,Male,Rural,Prepaid,45.83,21-12-2022,
CUST_264,43,Male,Rural,Yearly,63.75,12-08-2022,
CUST_265,43,Male,Rural,Yearly,70.39,24-06-2022,
CUST_266,20,Male,Rural,Prepaid,53.15,22-11-2019,
CUST_267,43,Male,Suburban,Monthly,53.96,20-03-2023,
CUST_268,37,Female,Urban,Monthly,76.97,15-01-2022,
CUST_269,49,Female,Suburban,Prepaid,30.38,13-01-2019,
CUST_270,24,Male,Urban,Yearly,30.13,09-06-2022,
CUST_271,43,Male,Urban,Monthly,62.23,29-01-2018,
CUST_272,58,Male,Urban,Monthly,43.87,26-05-2019,
CUST_273,43,Male,Suburban,Prepaid,62.92,18-06-2022,
CUST_274,43,Male,Suburban,Monthly,49.15,11-02-2021,
CUST_275,56,Female,Suburban,Yearly,62.49,16-11-2018,
CUST_276,43,Female,Suburban,Monthly,36.78,03-05-2021,
CUST_277,57,Female,Suburban,Monthly,59.2,01-11-2021,
CUST_278,18,Male,Urban,Monthly,42.49,01-03-2023,
CUST_279,28,Male,Suburban,Prepaid,60.8,11-06-2018,
CUST_280,43,Female,Urban,Monthly,85.47,14-04-2020,
CUST_281,42,Female,Suburban,Prepaid,37.93,29-03-2022,
CUST_282,67,Male,Suburban,Prepaid,44.69,30-11-2018,
CUST_283,40,Female,Rural,Prepaid,48.08,17-08-2021,
CUST_284,43,Female,Urban,Yearly,54.84,14-01-2019,
CUST_285,47,Male,Suburban,Yearly,15.63,25-02-2023,
CUST_286,43,Female,Suburban,Prepaid,50.5,12-11-2021,
CUST_287,52,Female,Suburban,Prepaid,46.72,17-03-2023,
CUST_288,24,Female,Rural,Prepaid,46.83,11-05-2018,
CUST_289,33,Male,Urban,Yearly,54.42,25-06-2022,
CUST_290,43,Female,Suburban,Monthly,55.31,28-04-2023,
CUST_291,43,Female,Suburban,Monthly,55.08,02-06-2022,
CUST_292,69,Female,Suburban,Monthly,33.84,22-03-2022,
CUST_293,43,Male,Rural,Monthly,46.24,28-11-2021,
CUST_294,43,Male,Suburban,Prepaid,45.61,14-05-2020,
CUST_295,18,Female,Urban,Prepaid,57.91,16-07-2018,
CUST_296,65,Male,Urban,Prepaid,35.51,04-04-2019,
CUST_297,43,Female,Urban,Monthly,52.9,07-10-2020,
CUST_298,22,Male,Urban,Yearly,74.13,21-02-2018,
CUST_299,54,Male,Suburban,Prepaid,10.09,16-02-2019,
CUST_300,43,Female,Rural,Prepaid,47.45,16-11-2021,
CUST_301,43,Female,Rural,Yearly,20.23,06-03-2018,
CUST_302,58,Female,Rural,Prepaid,50,05-01-2023,
CUST_303,52,Male,Suburban,Prepaid,62.53,14-06-2022,
CUST_304,36,Female,Rural,Yearly,42.34,14-12-2020,
CUST_305,43,Male,Urban,Monthly,63.89,16-01-2022,
CUST_306,43,Male,Suburban,Monthly,70.41,09-01-2019,
CUST_307,20,Female,Rural,Monthly,56.03,13-07-2019,
CUST_308,37,Male,Urban,Monthly,42.28,03-01-2018,
CUST_309,43,Female,Urban,Prepaid,58.04,17-06-2023,
CUST_310,43,Male,Suburban,Monthly,75.21,26-09-2021,
CUST_311,43,Female,Suburban,Monthly,30.03,09-02-2022,
CUST_312,69,Male,Rural,Yearly,66.62,09-05-2019,
CUST_313,28,Male,Rural,Yearly,30.67,16-03-2019,
CUST_314,66,Female,Rural,Prepaid,27.24,06-01-2018,
CUST_315,25,Male,Suburban,Monthly,31.5,22-04-2019,
CUST_316,53,Female,Rural,Prepaid,49.41,12-06-2021,
CUST_317,43,Male,Rural,Prepaid,68.94,30-06-2019,
CUST_318,57,Male,Urban,Monthly,19.83,18-05-2019,
CUST_319,37,Male,Urban,Monthly,64.84,10-09-2021,
CUST_320,43,Female,Urban,Monthly,47.7,24-04-2023,
CUST_321,43,Female,Rural,Monthly,33.46,29-07-2019,
CUST_322,42,Female,Suburban,Yearly,58.87,02-08-2020,
CUST_323,43,Female,Urban,Monthly,42.88,08-05-2022,
CUST_324,43,Female,Suburban,Monthly,83.88,31-08-2021,
CUST_325,46,Male,Rural,Prepaid,57.48,11-07-2022,
CUST_326,43,Male,Rural,Monthly,50.84,13-02-2023,
CUST_327,63,Female,Urban,Yearly,59.72,05-08-2023,
CUST_328,35,Male,Suburban,Prepaid,70.15,21-04-2018,
CUST_329,19,Male,Urban,Monthly,71.61,12-06-2022,
CUST_330,52,Male,Rural,Yearly,63.92,01-07-2023,
CUST_331,33,Male,Suburban,Monthly,70.65,07-07-2018,
CUST_332,43,Female,Urban,Monthly,68.05,22-02-2019,
CUST_333,43,Male,Rural,Prepaid,63.64,02-11-2023,
CUST_334,50,Female,Urban,Monthly,44.09,13-04-2018,
CUST_335,21,Female,Suburban,Monthly,68.86,08-05-2020,
CUST_336,50,Male,Suburban,Prepaid,43.57,09-12-2022,
CUST_337,43,Female,Suburban,Monthly,53.95,12-10-2020,
CUST_338,43,Male,Suburban,Prepaid,44.36,19-10-2021,
CUST_339,65,Male,Suburban,Monthly,60.11,04-09-2021,
CUST_340,37,Male,Urban,Yearly,69.19,22-12-2022,
CUST_341,43,Female,Urban,Monthly,43.9,17-09-2022,
CUST_342,24,Female,Urban,Monthly,28.82,23-11-2020,
CUST_343,43,Female,Urban,Monthly,65.16,19-01-2023,
CUST_344,34,Male,Rural,Prepaid,65.53,12-12-2021,
CUST_345,50,Male,Rural,Yearly,73.47,21-09-2018,
CUST_346,65,Male,Urban,Prepaid,63.41,04-05-2021,
CUST_347,29,Female,Rural,Prepaid,63.75,03-11-2020,
CUST_348,68,Male,Rural,Monthly,39.24,16-06-2021,
CUST_349,39,Male,Suburban,Monthly,61.06,16-10-2018,
CUST_350,39,Female,Urban,Prepaid,82.2,23-01-2019,
CUST_351,43,Female,Rural,Prepaid,41.71,23-04-2019,
CUST_352,47,Female,Rural,Yearly,31.73,01-09-2019,
CUST_353,55,Male,Urban,Prepaid,52.11,03-12-2018,
CUST_354,55,Male,Suburban,Prepaid,64.06,15-12-2019,
CUST_355,62,Male,Urban,Prepaid,53.25,08-08-2022,
CUST_356,68,Female,Suburban,Prepaid,76.76,19-06-2021,
CUST_357,43,Female,Rural,Monthly,37.09,22-09-2020,
CUST_358,43,Female,Suburban,Monthly,27.27,21-09-2018,
CUST_359,44,Female,Suburban,Monthly,71.44,23-10-2019,
CUST_360,43,Male,Urban,Prepaid,28.88,08-03-2018,
CUST_361,38,Male,Rural,Prepaid,54.76,04-05-2019,
CUST_362,47,Male,Urban,Prepaid,71.03,01-09-2023,
CUST_363,43,Male,Urban,Prepaid,53.24,04-11-2019,
CUST_364,45,Male,Rural,Prepaid,39.53,27-02-2018,
CUST_365,64,Male,Urban,Prepaid,69.08,19-08-2018,
CUST_366,43,Male,Urban,Prepaid,52.56,03-03-2022,
CUST_367,22,Male,Suburban,Monthly,46.69,31-01-2019,
CUST_368,65,Female,Urban,Prepaid,74.65,20-08-2022,
CUST_369,36,Female,Rural,Prepaid,44.36,21-02-2023,
CUST_370,21,Male,Urban,Prepaid,41.01,07-01-2021,
CUST_371,43,Female,Suburban,Prepaid,36.46,04-01-2022,
CUST_372,43,Male,Urban,Monthly,68.24,13-06-2023,
CUST_373,34,Male,Urban,Prepaid,56.41,26-06-2022,
CUST_374,61,Female,Urban,Prepaid,42.69,27-01-2021,
CUST_375,45,Male,Suburban,Prepaid,28.42,20-09-2018,
CUST_376,47,Male,Rural,Prepaid,71.13,05-04-2021,
CUST_377,43,Male,Rural,Monthly,42.91,06-03-2023,
CUST_378,43,Male,Suburban,Yearly,22.71,26-07-2022,
CUST_379,23,Male,Suburban,Prepaid,51.31,07-12-2018,
CUST_380,52,Male,Urban,Monthly,65.49,12-05-2022,
CUST_381,58,Male,Rural,Prepaid,60.8,30-12-2018,
CUST_382,54,Female,Suburban,Prepaid,51.22,26-09-2021,
CUST_383,41,Female,Rural,Prepaid,43.37,30-11-2020,
CUST_384,46,Male,Urban,Yearly,41.59,01-12-2021,
CUST_385,66,Female,Suburban,Prepaid,69.14,01-11-2021,
CUST_386,63,Male,Rural,Yearly,20.71,13-12-2018,
CUST_387,48,Male,Rural,Monthly,35.76,14-03-2019,
CUST_388,52,Male,Urban,Prepaid,48.56,14-04-2022,
CUST_389,50,Male,Suburban,Monthly,20.09,29-10-2020,
CUST_390,43,Female,Rural,Yearly,46.73,20-06-2020,
CUST_391,43,Female,Urban,Yearly,31.6,03-11-2023,
CUST_392,49,Female,Rural,Monthly,57.12,12-07-2019,
CUST_393,40,Female,Urban,Prepaid,41.4,27-01-2021,
CUST_394,50,Male,Rural,Prepaid,44,07-04-2022,
CUST_395,20,Female,Rural,Prepaid,40.35,02-09-2020,
CUST_396,35,Male,Urban,Monthly,60.14,16-09-2021,
CUST_397,42,Male,Suburban,Yearly,48.97,24-02-2022,
CUST_398,43,Female,Urban,Monthly,64.19,24-10-2021,
CUST_399,48,Male,Suburban,Yearly,68.12,22-10-2019,
CUST_400,20,Female,Rural,Prepaid,45.69,25-09-2022,
CUST_401,57,Female,Rural,Monthly,39.54,13-05-2019,
CUST_402,63,Female,Urban,Yearly,43.72,05-10-2019,
CUST_403,41,Female,Urban,Monthly,89.93,26-02-2019,
CUST_404,67,Female,Suburban,Monthly,40.74,14-03-2021,
CUST_405,49,Male,Suburban,Monthly,47.38,02-11-2021,
CUST_406,64,Female,Suburban,Monthly,53.22,16-08-2020,
CUST_407,39,Female,Urban,Yearly,58.2,28-03-2020,
CUST_408,40,Male,Rural,Monthly,51.55,13-03-2020,
CUST_409,43,Female,Urban,Prepaid,76.61,30-05-2023,
CUST_410,44,Female,Rural,Monthly,53.54,18-08-2022,
CUST_411,59,Male,Urban,Prepaid,47.76,20-06-2020,
CUST_412,19,Male,Urban,Monthly,64.34,01-09-2019,
CUST_413,43,Female,Suburban,Prepaid,36.7,29-12-2018,
CUST_414,43,Male,Rural,Yearly,58.09,18-07-2019,
CUST_415,57,Female,Urban,Yearly,44.44,24-04-2023,
CUST_416,50,Male,Urban,Prepaid,69.28,04-01-2018,
CUST_417,26,Female,Rural,Prepaid,70.44,27-01-2023,
CUST_418,43,Female,Urban,Monthly,47.39,22-03-2020,
CUST_419,43,Female,Rural,Monthly,36.94,17-05-2021,
CUST_420,43,Male,Suburban,Prepaid,22.07,02-07-2018,
CUST_421,46,Female,Suburban,Prepaid,53.38,25-08-2019,
CUST_422,43,Male,Rural,Monthly,18.01,03-10-2020,
CUST_423,43,Female,Suburban,Monthly,48.72,29-09-2018,
CUST_424,43,Female,Rural,Prepaid,207.95,08-03-2018,
CUST_425,43,Female,Urban,Monthly,58.37,05-02-2022,
CUST_426,43,Female,Urban,Yearly,49.8,23-06-2023,
CUST_427,41,Female,Rural,Prepaid,41.5,02-08-2021,
CUST_428,30,Male,Urban,Monthly,62.74,02-02-2021,
CUST_429,24,Male,Suburban,Prepaid,33.63,04-02-2023,
CUST_430,53,Male,Urban,Prepaid,58.45,08-07-2020,
CUST_431,43,Female,Urban,Prepaid,80.93,27-02-2023,
CUST_432,37,Female,Rural,Monthly,64.48,05-11-2021,
CUST_433,18,Male,Suburban,Yearly,43.92,21-07-2018,
CUST_434,43,Female,Urban,Monthly,34.73,20-03-2020,
CUST_435,63,Female,Urban,Prepaid,64.02,19-02-2021,
CUST_436,43,Female,Rural,Prepaid,31.64,27-02-2022,
CUST_437,31,Male,Rural,Monthly,50.09,02-12-2018,
CUST_438,43,Male,Suburban,Prepaid,60.87,24-11-2019,
CUST_439,68,Male,Urban,Prepaid,34.87,10-09-2022,
CUST_440,40,Male,Rural,Monthly,34.04,30-05-2021,
CUST_441,43,Male,Rural,Yearly,30.23,21-02-2020,
CUST_442,43,Female,Rural,Prepaid,73.92,05-07-2022,
CUST_443,51,Female,Suburban,Monthly,75.48,02-10-2020,
CUST_444,19,Female,Rural,Prepaid,75.25,14-08-2022,
CUST_445,49,Female,Suburban,Monthly,77.26,08-06-2022,
CUST_446,43,Male,Suburban,Monthly,40.5,13-06-2020,
CUST_447,39,Male,Urban,Yearly,22.81,27-10-2021,
CUST_448,68,Female,Urban,Monthly,75.55,08-08-2018,
CUST_449,42,Male,Suburban,Prepaid,63.94,07-07-2020,
CUST_450,39,Female,Urban,Prepaid,62.73,23-10-2020,
CUST_451,43,Female,Urban,Prepaid,34.4,30-10-2018,
CUST_452,66,Female,Rural,Monthly,51.46,02-09-2019,
CUST_453,69,Female,Urban,Yearly,52.39,04-10-2023,
CUST_454,59,Male,Suburban,Monthly,49.05,30-05-2018,
CUST_455,43,Female,Urban,Monthly,37.25,03-06-2022,
CUST_456,32,Male,Rural,Prepaid,21.49,03-10-2022,
CUST_457,43,Female,Suburban,Monthly,38.71,18-06-2023,
CUST_458,43,Female,Urban,Prepaid,6.93,21-08-2022,
CUST_459,43,Female,Suburban,Prepaid,43.81,13-12-2019,
CUST_460,25,Female,Urban,Monthly,40.78,24-04-2021,
CUST_461,61,Male,Rural,Monthly,32.48,05-03-2022,
CUST_462,61,Female,Urban,Prepaid,56.01,24-10-2022,
CUST_463,22,Male,Suburban,Monthly,44.85,07-03-2020,
CUST_464,43,Female,Suburban,Monthly,45.93,19-05-2021,
CUST_465,43,Female,Suburban,Prepaid,70.86,04-06-2019,
CUST_466,23,Female,Urban,Monthly,45.18,07-03-2021,
CUST_467,43,Male,Urban,Prepaid,56.81,21-10-2022,
CUST_468,43,Female,Urban,Prepaid,33.75,02-09-2022,
CUST_469,69,Female,Rural,Prepaid,53.83,06-02-2020,
CUST_470,47,Female,Rural,Prepaid,48.46,09-10-2021,
CUST_471,64,Female,Rural,Monthly,51.39,09-02-2022,
CUST_472,52,Female,Suburban,Yearly,31.63,03-08-2022,
CUST_473,57,Male,Suburban,Prepaid,33.05,03-04-2022,
CUST_474,43,Male,Suburban,Prepaid,44.81,26-06-2019,
CUST_475,33,Female,Suburban,Prepaid,69.96,01-10-2023,
CUST_476,30,Female,Suburban,Monthly,28.4,04-09-2020,
CUST_477,43,Male,Urban,Prepaid,75.21,17-03-2019,
CUST_478,43,Female,Suburban,Monthly,39.4,20-09-2019,
CUST_479,47,Male,Urban,Monthly,51.25,15-07-2019,
CUST_480,36,Female,Rural,Monthly,65.04,03-07-2022,
CUST_481,43,Female,Rural,Yearly,44.67,19-03-2018,
CUST_482,36,Male,Rural,Prepaid,46.35,18-06-2022,
CUST_483,43,Female,Rural,Yearly,71.7,28-01-2022,
CUST_484,43,Male,Rural,Prepaid,66.45,05-12-2018,
CUST_485,54,Male,Suburban,Prepaid,60.51,13-10-2018,
CUST_486,43,Male,Suburban,Monthly,47.81,18-04-2020,
CUST_487,43,Female,Suburban,Monthly,48.85,08-05-2022,
CUST_488,26,Male,Rural,Yearly,33.92,06-02-2020,
CUST_489,43,Male,Rural,Prepaid,45.74,27-02-2022,
CUST_490,18,Female,Urban,Yearly,51.01,12-08-2020,
CUST_491,18,Female,Suburban,Prepaid,49.5,06-12-2020,
CUST_492,43,Female,Rural,Prepaid,54.44,22-03-2021,
CUST_493,43,Female,Rural,Prepaid,66.67,14-09-2022,
CUST_494,43,Female,Rural,Monthly,27.33,22-01-2020,
CUST_495,65,Female,Urban,Monthly,40.5,16-12-2021,
CUST_496,42,Male,Rural,Monthly,67.17,16-12-2022,
CUST_497,57,Female,Urban,Prepaid,86.99,13-07-2022,
CUST_498,43,Male,Urban,Prepaid,33.89,28-11-2021,
CUST_499,18,Female,Suburban,Prepaid,40.62,04-05-2022,
CUST_500,43,Male,Rural,Monthly,30.37,29-04-2021,
CUST_501,43,Male,Urban,Monthly,19.45,20-01-2022,
CUST_502,43,Female,Rural,Monthly,54.12,03-03-2023,
CUST_503,43,Female,Suburban,Yearly,58.91,24-05-2023,
CUST_504,46,Male,Suburban,Prepaid,45.51,29-07-2018,
CUST_505,20,Female,Urban,Prepaid,45.64,23-09-2022,
CUST_506,43,Female,Suburban,Monthly,48.33,04-01-2021,
CUST_507,43,Male,Suburban,Monthly,41.47,21-06-2023,
CUST_508,43,Male,Suburban,Monthly,49.35,22-06-2023,
CUST_509,68,Male,Rural,Yearly,70.8,03-05-2020,
CUST_510,54,Female,Rural,Monthly,37.59,02-09-2021,
CUST_511,43,Female,Urban,Prepaid,45.75,24-03-2019,
CUST_512,46,Female,Urban,Prepaid,48.09,05-05-2021,
CUST_513,43,Female,Suburban,Monthly,41.49,08-02-2020,
CUST_514,45,Male,Suburban,Monthly,51.02,12-12-2018,
CUST_515,22,Female,Urban,Prepaid,12.5,01-04-2019,
CUST_516,43,Male,Suburban,Prepaid,58.59,22-05-2019,
CUST_517,43,Female,Urban,Monthly,35.42,24-11-2019,
CUST_518,47,Female,Rural,Monthly,37.39,21-09-2022,
CUST_519,63,Male,Suburban,Prepaid,47.49,13-03-2018,
CUST_520,69,Female,Suburban,Monthly,29.15,26-02-2019,
CUST_521,22,Female,Suburban,Prepaid,69.97,26-04-2021,
CUST_522,29,Male,Rural,Yearly,37.64,12-08-2020,
CUST_523,33,Female,Rural,Prepaid,89.49,19-12-2020,
CUST_524,43,Male,Suburban,Monthly,59.45,28-08-2020,
CUST_525,43,Male,Urban,Monthly,41.48,02-02-2019,
CUST_526,65,Male,Rural,Prepaid,45.4,23-12-2020,
CUST_527,38,Male,Suburban,Monthly,52.23,27-05-2022,
CUST_528,56,Female,Suburban,Prepaid,75.48,20-10-2022,
CUST_529,43,Female,Rural,Monthly,64.25,06-03-2022,
CUST_530,50,Female,Urban,Monthly,63.13,30-12-2022,
CUST_531,47,Male,Suburban,Prepaid,45.42,23-08-2020,
CUST_532,54,Female,Urban,Prepaid,41.5,12-05-2020,
CUST_533,43,Female,Urban,Monthly,59.56,09-11-2019,
CUST_534,27,Female,Rural,Prepaid,70,31-05-2018,
CUST_535,43,Female,Suburban,Monthly,47.93,24-05-2019,
CUST_536,53,Male,Suburban,Prepaid,39.73,08-12-2021,
CUST_537,43,Male,Urban,Yearly,34.5,12-07-2021,
CUST_538,69,Female,Rural,Monthly,24.9,24-06-2022,
CUST_539,48,Male,Rural,Monthly,43.3,07-10-2022,
CUST_540,43,Female,Rural,Prepaid,46.18,14-08-2020,
CUST_541,36,Female,Urban,Prepaid,49.7,10-11-2020,
CUST_542,43,Female,Urban,Prepaid,58.12,25-03-2018,
CUST_543,18,Male,Suburban,Prepaid,42.97,11-04-2019,
CUST_544,22,Female,Rural,Monthly,76.93,17-12-2022,
CUST_545,62,Male,Urban,Monthly,32.92,06-04-2023,
CUST_546,21,Male,Rural,Prepaid,60.24,25-02-2021,
CUST_547,33,Female,Urban,Monthly,31.71,10-12-2019,
CUST_548,43,Male,Suburban,Prepaid,37.24,21-01-2022,
CUST_549,43,Male,Rural,Prepaid,54.22,26-07-2022,
CUST_550,43,Female,Urban,Yearly,65.66,12-03-2018,
CUST_551,43,Male,Rural,Monthly,45.81,12-10-2021,
CUST_552,45,Male,Urban,Monthly,51.27,10-04-2018,
CUST_553,43,Female,Urban,Prepaid,68.94,07-08-2022,
CUST_554,44,Female,Urban,Prepaid,31.67,14-12-2020,
CUST_555,37,Male,Rural,Prepaid,61.55,04-05-2022,
CUST_556,43,Female,Urban,Yearly,39.66,25-10-2021,
CUST_557,43,Female,Suburban,Monthly,53.65,22-09-2021,
CUST_558,67,Male,Rural,Prepaid,58.1,19-11-2020,
CUST_559,52,Male,Suburban,Yearly,32.36,08-06-2022,
CUST_560,50,Female,Suburban,Monthly,38.8,19-03-2022,
CUST_561,50,Male,Rural,Monthly,59.99,18-09-2019,
CUST_562,68,Female,Urban,Prepaid,46.1,04-04-2020,
CUST_563,43,Female,Suburban,Prepaid,39.3,26-11-2019,
CUST_564,54,Male,Rural,Prepaid,52.92,04-05-2019,
CUST_565,29,Male,Urban,Prepaid,33.81,23-01-2021,
CUST_566,20,Female,Rural,Monthly,32.26,29-04-2023,
CUST_567,18,Female,Rural,Monthly,14.17,31-03-2022,
CUST_568,50,Female,Rural,Monthly,55.4,02-04-2023,
CUST_569,57,Female,Urban,Yearly,50.48,11-12-2021,
CUST_570,43,Male,Suburban,Prepaid,58.11,21-02-2022,
CUST_571,60,Female,Suburban,Yearly,68.33,07-10-2022,
CUST_572,61,Male,Rural,Yearly,46.38,08-04-2022,
CUST_573,46,Male,Rural,Monthly,48.96,20-10-2019,
CUST_574,30,Female,Urban,Prepaid,55.15,23-11-2021,
CUST_575,29,Male,Rural,Monthly,41.45,02-11-2021,
CUST_576,48,Male,Rural,Prepaid,28.13,04-08-2018,
CUST_577,63,Female,Rural,Monthly,32.73,30-12-2018,
CUST_578,43,Male,Suburban,Prepaid,49.4,05-09-2019,
CUST_579,43,Male,Rural,Monthly,65,16-07-2020,
CUST_580,67,Female,Suburban,Monthly,73.51,22-01-2023,
CUST_581,43,Female,Urban,Prepaid,45.73,23-11-2020,
CUST_582,43,Female,Urban,Prepaid,52.52,14-11-2019,
CUST_583,43,Female,Suburban,Prepaid,390.3,07-01-2018,
CUST_584,43,Female,Suburban,Monthly,57.75,26-08-2019,
CUST_585,43,Female,Suburban,Yearly,52.06,04-12-2018,
CUST_586,46,Female,Suburban,Prepaid,53.15,07-08-2019,
CUST_587,43,Male,Rural,Monthly,58.73,10-06-2020,
CUST_588,27,Male,Suburban,Prepaid,31.7,16-11-2020,
CUST_589,43,Female,Suburban,Monthly,61.41,27-08-2022,
CUST_590,51,Male,Suburban,Yearly,56.59,27-01-2019,
CUST_591,68,Male,Rural,Prepaid,66.32,14-05-2019,
CUST_592,58,Female,Rural,Yearly,57.41,24-06-2018,
CUST_593,24,Male,Rural,Monthly,65.32,18-01-2018,
CUST_594,21,Female,Urban,Prepaid,36.16,26-01-2023,
CUST_595,67,Male,Rural,Yearly,41.05,27-02-2021,
CUST_596,43,Female,Suburban,Prepaid,52.29,28-08-2018,
CUST_597,28,Male,Rural,Prepaid,38.73,21-12-2021,
CUST_598,46,Male,Rural,Monthly,62.83,01-01-2023,
CUST_599,53,Male,Suburban,Monthly,28.77,13-11-2020,
CUST_600,42,Female,Rural,Monthly,47.61,16-06-2021,
CUST_601,43,Male,Urban,Prepaid,41.5,06-04-2023,
CUST_602,53,Male,Rural,Yearly,38.86,11-05-2023,
CUST_603,27,Female,Urban,Monthly,29.44,20-05-2020,
CUST_604,54,Female,Urban,Yearly,50.63,28-09-2022,
CUST_605,26,Male,Urban,Prepaid,48.75,03-06-2022,
CUST_606,43,Male,Suburban,Monthly,78.57,23-09-2022,
CUST_607,52,Male,Rural,Yearly,87.32,17-01-2020,
CUST_608,66,Male,Urban,Prepaid,33.98,26-02-2018,
CUST_609,52,Female,Urban,Yearly,21.45,23-10-2018,
CUST_610,65,Male,Rural,Prepaid,31.99,20-07-2022,
CUST_611,53,Male,Suburban,Prepaid,49.07,16-06-2020,
CUST_612,35,Female,Suburban,Yearly,66.88,27-04-2023,
CUST_613,66,Male,Urban,Yearly,42.78,29-12-2022,
CUST_614,56,Male,Suburban,Prepaid,58.67,05-03-2020,
CUST_615,49,Male,Rural,Prepaid,38.01,09-03-2021,
CUST_616,41,Female,Suburban,Monthly,42.69,16-07-2022,
CUST_617,43,Female,Rural,Yearly,52.5,03-03-2019,
CUST_618,43,Male,Urban,Monthly,49.83,05-05-2022,
CUST_619,54,Male,Rural,Monthly,49.46,12-07-2022,
CUST_620,29,Female,Urban,Monthly,33.77,04-02-2021,
CUST_621,66,Male,Rural,Prepaid,68.39,10-06-2020,
CUST_622,43,Male,Rural,Yearly,68.27,04-01-2023,
CUST_623,40,Female,Suburban,Prepaid,68.53,30-11-2018,
CUST_624,42,Female,Rural,Monthly,39.84,02-01-2020,
CUST_625,43,Female,Urban,Monthly,51.79,20-06-2020,
CUST_626,58,Male,Rural,Monthly,42.13,13-03-2022,
CUST_627,47,Male,Urban,Monthly,35.38,14-05-2019,
CUST_628,43,Male,Urban,Yearly,54.27,05-10-2018,
CUST_629,66,Male,Rural,Monthly,18.16,05-03-2023,
CUST_630,43,Female,Suburban,Monthly,62.7,03-04-2020,
CUST_631,65,Male,Rural,Prepaid,32.56,15-03-2020,
CUST_632,43,Male,Rural,Yearly,45.3,08-02-2023,
CUST_633,43,Female,Suburban,Prepaid,15.96,31-08-2019,
CUST_634,30,Female,Urban,Prepaid,77.12,14-06-2018,
CUST_635,36,Male,Rural,Prepaid,59.87,19-06-2019,
CUST_636,66,Female,Suburban,Monthly,51.29,26-06-2020,
CUST_637,53,Female,Suburban,Yearly,39.68,12-01-2023,
CUST_638,43,Male,Urban,Monthly,34.01,17-07-2020,
CUST_639,58,Male,Suburban,Prepaid,47,23-06-2023,
CUST_640,36,Male,Urban,Prepaid,54.53,04-04-2020,
CUST_641,29,Male,Rural,Monthly,46.55,04-11-2021,
CUST_642,26,Female,Suburban,Prepaid,57.96,09-07-2020,
CUST_643,43,Female,Rural,Prepaid,77.84,11-12-2018,
CUST_644,45,Male,Suburban,Monthly,33.9,22-10-2020,
CUST_645,31,Male,Suburban,Yearly,53.55,08-11-2022,
CUST_646,43,Female,Rural,Monthly,76.12,12-11-2019,
CUST_647,43,Male,Suburban,Prepaid,45.34,13-10-2018,
CUST_648,36,Male,Rural,Yearly,47.91,26-01-2023,
CUST_649,64,Male,Rural,Monthly,56.92,16-05-2021,
CUST_650,43,Male,Urban,Yearly,60.14,12-09-2020,
CUST_651,22,Female,Rural,Prepaid,65.75,07-09-2021,
CUST_652,43,Male,Urban,Monthly,51.64,29-09-2018,
CUST_653,43,Female,Rural,Yearly,38.08,11-12-2018,
CUST_654,42,Male,Suburban,Prepaid,58.41,26-06-2021,
CUST_655,69,Male,Rural,Monthly,35.5,01-09-2018,
CUST_656,38,Female,Suburban,Prepaid,54.98,22-08-2020,
CUST_657,53,Male,Urban,Monthly,51.16,01-08-2018,
CUST_658,40,Female,Suburban,Yearly,50.79,24-08-2021,
CUST_659,33,Male,Rural,Monthly,48.77,12-11-2021,
CUST_660,56,Male,Suburban,Yearly,65.03,28-05-2021,
CUST_661,62,Male,Urban,Monthly,59.27,31-01-2023,
CUST_662,59,Male,Suburban,Yearly,60.42,10-09-2022,
CUST_663,43,Male,Suburban,Monthly,43.05,27-04-2022,
CUST_664,43,Female,Rural,Prepaid,25.37,01-05-2018,
CUST_665,48,Female,Rural,Monthly,44.04,28-03-2021,
CUST_666,43,Male,Suburban,Monthly,56.54,30-12-2019,
CUST_667,52,Male,Urban,Yearly,50.49,16-01-2023,
CUST_668,40,Female,Suburban,Monthly,43.51,26-05-2022,
CUST_669,43,Female,Urban,Monthly,53.32,23-06-2018,
CUST_670,43,Male,Urban,Yearly,45.99,26-02-2018,
CUST_671,28,Male,Urban,Yearly,50.73,28-03-2019,
CUST_672,35,Female,Suburban,Monthly,20.17,21-10-2018,
CUST_673,43,Male,Urban,Yearly,61.51,23-09-2022,
CUST_674,43,Female,Suburban,Monthly,59.19,22-07-2020,
CUST_675,26,Male,Urban,Prepaid,81.68,15-12-2019,
CUST_676,27,Female,Urban,Prepaid,39.32,21-08-2022,
CUST_677,43,Female,Suburban,Yearly,42.45,26-05-2018,
CUST_678,34,Male,Rural,Prepaid,52.61,05-08-2021,
CUST_679,43,Female,Rural,Monthly,49.49,06-01-2021,
CUST_680,43,Male,Suburban,Yearly,73.7,14-02-2022,
CUST_681,63,Male,Suburban,Prepaid,43.88,31-08-2019,
CUST_682,43,Male,Rural,Yearly,47.69,30-11-2018,
CUST_683,57,Male,Rural,Yearly,41.57,17-06-2022,
CUST_684,59,Female,Rural,Yearly,72.85,10-03-2023,
CUST_685,26,Male,Suburban,Prepaid,57.31,11-10-2020,
CUST_686,67,Male,Urban,Prepaid,73.56,27-12-2021,
CUST_687,44,Male,Suburban,Yearly,93.73,15-04-2020,
CUST_688,19,Male,Rural,Prepaid,38.56,05-10-2021,
CUST_689,43,Female,Urban,Monthly,66.17,10-10-2022,
CUST_690,46,Male,Suburban,Monthly,46.15,10-07-2020,
CUST_691,54,Female,Rural,Prepaid,39.69,08-06-2021,
CUST_692,55,Female,Suburban,Yearly,28.01,17-05-2019,
CUST_693,36,Female,Urban,Monthly,81.93,02-05-2021,
CUST_694,25,Male,Rural,Prepaid,65.03,30-11-2020,
CUST_695,43,Male,Suburban,Prepaid,46.62,28-12-2020,
CUST_696,43,Male,Urban,Prepaid,59.33,18-01-2023,
CUST_697,18,Male,Urban,Prepaid,22.87,13-02-2019,
CUST_698,39,Female,Suburban,Monthly,48.58,08-02-2020,
CUST_699,43,Female,Urban,Prepaid,38.57,29-01-2023,
CUST_700,43,Male,Rural,Prepaid,71.68,17-04-2022,
CUST_701,43,Male,Urban,Yearly,72.69,29-05-2020,
CUST_702,42,Male,Suburban,Monthly,63.36,30-12-2019,
CUST_703,43,Male,Rural,Prepaid,64.21,07-07-2022,
CUST_704,21,Male,Urban,Yearly,40.25,22-08-2019,
CUST_705,43,Male,Urban,Prepaid,60.75,22-01-2023,
CUST_706,43,Male,Rural,Yearly,29.31,05-03-2022,
CUST_707,43,Female,Rural,Monthly,27.29,03-08-2020,
CUST_708,36,Female,Urban,Monthly,48.42,08-07-2020,
CUST_709,61,Female,Rural,Monthly,57.95,21-01-2019,
CUST_710,56,Female,Suburban,Monthly,58.97,08-12-2019,
CUST_711,44,Male,Urban,Yearly,31.14,12-06-2019,
CUST_712,27,Male,Suburban,Yearly,26.73,21-11-2018,
CUST_713,43,Male,Urban,Prepaid,43.23,06-05-2020,
CUST_714,43,Male,Suburban,Monthly,36.85,28-11-2021,
CUST_715,43,Male,Suburban,Yearly,59.18,01-01-2022,
CUST_716,20,Female,Rural,Monthly,34.81,19-11-2021,
CUST_717,62,Male,Urban,Yearly,79.16,09-06-2020,
CUST_718,43,Female,Rural,Monthly,55.44,20-10-2020,
CUST_719,67,Male,Rural,Monthly,47.8,09-04-2022,
CUST_720,45,Female,Urban,Prepaid,163.95,01-01-2021,
CUST_721,37,Male,Suburban,Prepaid,30.18,22-12-2019,
CUST_722,43,Female,Urban,Monthly,45.19,08-12-2021,
CUST_723,43,Male,Urban,Monthly,41.32,17-03-2020,
CUST_724,58,Male,Urban,Monthly,24.02,19-01-2018,
CUST_725,56,Male,Rural,Monthly,70.57,17-04-2023,
CUST_726,18,Male,Urban,Monthly,33.42,22-07-2020,
CUST_727,20,Female,Urban,Yearly,55.29,27-06-2020,
CUST_728,30,Male,Urban,Prepaid,56.63,16-11-2021,
CUST_729,45,Female,Suburban,Monthly,25.72,23-01-2020,
CUST_730,43,Male,Suburban,Prepaid,44.23,07-05-2018,
CUST_731,42,Female,Suburban,Monthly,28.86,03-04-2022,
CUST_732,50,Male,Suburban,Prepaid,56.11,09-04-2023,
CUST_733,55,Male,Rural,Prepaid,50.94,04-10-2020,
CUST_734,23,Female,Rural,Prepaid,48.84,07-06-2023,
CUST_735,61,Male,Urban,Prepaid,37.7,29-05-2021,
CUST_736,62,Male,Rural,Monthly,67.72,24-04-2019,
CUST_737,49,Female,Suburban,Yearly,44.33,06-11-2022,
CUST_738,62,Male,Urban,Prepaid,27.84,01-02-2022,
CUST_739,64,Female,Urban,Monthly,35.84,28-02-2021,
CUST_740,43,Male,Suburban,Monthly,19.89,21-07-2022,
CUST_741,43,Female,Suburban,Prepaid,40.18,18-03-2019,
CUST_742,38,Female,Suburban,Prepaid,36.36,04-03-2021,
CUST_743,28,Female,Rural,Prepaid,60.42,12-12-2020,
CUST_744,43,Female,Urban,Monthly,58.58,13-01-2022,
CUST_745,53,Male,Suburban,Prepaid,53.19,29-03-2018,
CUST_746,52,Male,Urban,Prepaid,64.21,08-02-2018,
CUST_747,36,Female,Urban,Prepaid,32.32,09-05-2020,
CUST_748,37,Male,Rural,Monthly,54.77,10-12-2021,
CUST_749,35,Male,Urban,Monthly,28.43,11-10-2022,
CUST_750,64,Male,Suburban,Prepaid,42.85,08-10-2022,
CUST_751,58,Female,Suburban,Monthly,55.12,13-06-2018,
CUST_752,43,Male,Urban,Monthly,42.02,17-09-2019,
CUST_753,43,Male,Urban,Prepaid,74.5,07-05-2021,
CUST_754,43,Female,Rural,Prepaid,44.78,01-01-2019,
CUST_755,48,Male,Suburban,Monthly,62.01,02-11-2021,
CUST_756,18,Female,Suburban,Monthly,46.03,27-06-2020,
CUST_757,20,Female,Urban,Monthly,51.98,12-03-2018,
CUST_758,33,Female,Urban,Monthly,44.52,17-04-2020,
CUST_759,43,Male,Urban,Prepaid,52.66,05-06-2019,
CUST_760,28,Male,Suburban,Prepaid,75.9,31-08-2019,
CUST_761,29,Female,Urban,Monthly,73.15,18-12-2020,
CUST_762,43,Female,Rural,Monthly,42.69,09-03-2018,
CUST_763,49,Female,Rural,Prepaid,46.56,02-03-2019,
CUST_764,43,Female,Urban,Yearly,50.76,03-04-2023,
CUST_765,43,Female,Rural,Monthly,59.63,02-05-2023,
CUST_766,55,Female,Rural,Prepaid,77.82,02-08-2022,
CUST_767,29,Male,Rural,Monthly,69.29,10-10-2021,
CUST_768,43,Female,Rural,Prepaid,46,31-03-2021,
CUST_769,45,Female,Rural,Monthly,56.05,17-03-2021,
CUST_770,25,Female,Suburban,Monthly,53.39,18-10-2019,
CUST_771,45,Male,Urban,Prepaid,40.91,11-07-2018,
CUST_772,53,Male,Rural,Yearly,65.2,13-07-2021,
CUST_773,43,Male,Urban,Monthly,12.29,05-04-2023,
CUST_774,25,Male,Rural,Prepaid,65.09,14-12-2020,
CUST_775,67,Female,Suburban,Prepaid,56.18,28-12-2020,
CUST_776,45,Male,Suburban,Prepaid,22.9,29-03-2019,
CUST_777,43,Female,Rural,Yearly,34.37,14-10-2022,
CUST_778,54,Female,Rural,Prepaid,19.01,06-09-2020,
CUST_779,43,Female,Rural,Monthly,75.45,10-01-2023,
CUST_780,53,Female,Suburban,Prepaid,35.13,16-12-2019,
CUST_781,44,Female,Suburban,Prepaid,63.65,24-08-2021,
CUST_782,34,Female,Urban,Monthly,64.19,02-03-2023,
CUST_783,26,Male,Suburban,Monthly,48.19,08-03-2018,
CUST_784,43,Male,Rural,Monthly,40.03,24-01-2020,
CUST_785,37,Male,Urban,Monthly,57.69,26-02-2022,
CUST_786,30,Male,Suburban,Monthly,53.23,24-01-2018,
CUST_787,43,Male,Suburban,Prepaid,64.04,24-06-2020,
CUST_788,65,Female,Rural,Prepaid,32.4,06-07-2019,
CUST_789,46,Male,Urban,Prepaid,65.34,10-08-2019,
CUST_790,30,Male,Suburban,Monthly,70.22,11-06-2018,
CUST_791,63,Male,Suburban,Yearly,46.15,15-02-2019,
CUST_792,52,Female,Rural,Prepaid,35.66,09-12-2020,
CUST_793,43,Female,Urban,Prepaid,42.75,26-03-2018,
CUST_794,35,Female,Urban,Prepaid,40.4,05-04-2018,
CUST_795,68,Male,Urban,Yearly,47.29,19-08-2019,
CUST_796,22,Male,Urban,Yearly,38.93,18-05-2019,
CUST_797,64,Male,Rural,Prepaid,56.85,10-04-2022,
CUST_798,43,Male,Suburban,Monthly,59.55,21-02-2023,
CUST_799,19,Male,Suburban,Monthly,44.61,24-10-2018,
CUST_800,43,Female,Urban,Prepaid,20.68,20-04-2023,
CUST_801,43,Male,Urban,Monthly,56.65,20-12-2020,
CUST_802,67,Female,Urban,Monthly,27.87,30-05-2021,
CUST_803,62,Male,Suburban,Prepaid,53.74,30-08-2018,
CUST_804,22,Female,Suburban,Monthly,51.08,09-11-2019,
CUST_805,43,Female,Urban,Prepaid,45.07,12-10-2018,
CUST_806,18,Female,Rural,Monthly,59.67,25-01-2018,
CUST_807,43,Female,Suburban,Yearly,55.45,01-05-2019,
CUST_808,49,Male,Suburban,Monthly,55.82,04-02-2019,
CUST_809,43,Male,Urban,Prepaid,62.32,21-02-2018,
CUST_810,66,Male,Rural,Prepaid,43.81,07-08-2019,
CUST_811,28,Female,Urban,Monthly,43.6,28-11-2021,
CUST_812,38,Male,Urban,Prepaid,66.16,10-09-2019,
CUST_813,43,Male,Rural,Monthly,59.63,13-03-2021,
CUST_814,42,Male,Rural,Prepaid,42.95,24-03-2022,
CUST_815,43,Male,Rural,Monthly,19.94,13-03-2019,
CUST_816,43,Female,Suburban,Yearly,55.88,16-10-2022,
CUST_817,43,Female,Urban,Yearly,57.29,07-07-2022,
CUST_818,43,Male,Suburban,Prepaid,31.81,22-01-2022,
CUST_819,43,Male,Rural,Monthly,37.27,30-03-2022,
CUST_820,43,Male,Suburban,Prepaid,43.88,11-01-2021,
CUST_821,43,Female,Rural,Monthly,56.78,14-05-2020,
CUST_822,52,Female,Rural,Prepaid,87.25,02-03-2021,
CUST_823,43,Female,Urban,Monthly,66.77,25-06-2020,
CUST_824,38,Male,Urban,Monthly,27.37,06-03-2020,
CUST_825,43,Female,Urban,Yearly,43.46,14-09-2022,
CUST_826,23,Female,Suburban,Monthly,48.58,22-04-2020,
CUST_827,45,Female,Urban,Prepaid,57.54,05-07-2021,
CUST_828,34,Female,Rural,Yearly,37.81,11-09-2020,
CUST_829,22,Female,Urban,Prepaid,58.77,15-12-2018,
CUST_830,48,Male,Suburban,Yearly,42.3,17-04-2018,
CUST_831,22,Male,Urban,Monthly,58.74,16-09-2021,
CUST_832,43,Male,Urban,Yearly,51.14,27-04-2020,
CUST_833,43,Male,Urban,Prepaid,80.68,29-07-2018,
CUST_834,40,Female,Suburban,Prepaid,64.68,25-03-2020,
CUST_835,54,Male,Rural,Monthly,69.71,07-05-2019,
CUST_836,43,Male,Rural,Yearly,34.14,28-10-2020,
CUST_837,27,Male,Rural,Prepaid,42.02,05-06-2019,
CUST_838,27,Female,Urban,Prepaid,54.91,08-03-2021,
CUST_839,36,Male,Urban,Prepaid,31.5,08-08-2018,
CUST_840,34,Female,Suburban,Yearly,65.68,07-08-2022,
CUST_841,43,Female,Rural,Monthly,51.96,03-03-2022,
CUST_842,43,Female,Urban,Prepaid,66.5,25-08-2021,
CUST_843,26,Male,Urban,Prepaid,57.23,02-02-2018,
CUST_844,63,Female,Urban,Monthly,50.67,13-05-2021,
CUST_845,18,Male,Suburban,Prepaid,48.16,27-09-2022,
CUST_846,68,Male,Rural,Monthly,38.47,23-03-2018,
CUST_847,62,Male,Suburban,Monthly,37.57,23-04-2018,
CUST_848,30,Female,Rural,Monthly,63.33,01-01-2022,
CUST_849,43,Female,Rural,Yearly,60.02,05-02-2023,
CUST_850,18,Male,Urban,Monthly,68.51,04-06-2021,
CUST_851,66,Female,Urban,Prepaid,41.81,06-11-2021,
CUST_852,43,Female,Urban,Monthly,66.84,30-04-2018,
CUST_853,49,Female,Urban,Prepaid,47.35,07-09-2020,
CUST_854,51,Male,Urban,Yearly,58.7,02-03-2019,
CUST_855,45,Female,Rural,Prepaid,69.37,16-01-2022,
CUST_856,43,Female,Urban,Yearly,81.07,19-01-2023,
CUST_857,43,Male,Urban,Prepaid,66.09,27-12-2020,
CUST_858,43,Female,Suburban,Prepaid,53.04,15-11-2019,
CUST_859,43,Male,Suburban,Prepaid,58.41,10-05-2022,
CUST_860,43,Female,Rural,Yearly,68.74,04-01-2023,
CUST_861,43,Female,Rural,Yearly,60.65,13-02-2023,
CUST_862,43,Female,Suburban,Prepaid,44.01,21-09-2018,
CUST_863,29,Female,Suburban,Prepaid,59.22,17-01-2019,
CUST_864,18,Female,Urban,Prepaid,69.55,09-12-2021,
CUST_865,43,Female,Urban,Prepaid,77.19,25-01-2022,
CUST_866,22,Male,Rural,Monthly,50.93,23-01-2020,
CUST_867,47,Female,Suburban,Monthly,33.25,23-07-2020,
CUST_868,43,Female,Rural,Monthly,23.3,05-05-2018,
CUST_869,43,Female,Urban,Monthly,61.93,09-04-2018,
CUST_870,65,Male,Rural,Monthly,27,19-01-2022,
CUST_871,43,Male,Rural,Yearly,54.8,20-06-2020,
CUST_872,40,Male,Rural,Prepaid,66.17,09-06-2020,
CUST_873,32,Female,Urban,Prepaid,47.55,09-08-2019,
CUST_874,54,Female,Rural,Monthly,27.56,28-01-2023,
CUST_875,43,Male,Urban,Prepaid,31.1,08-09-2018,
CUST_876,43,Male,Suburban,Prepaid,36.2,17-07-2018,
CUST_877,19,Male,Rural,Yearly,48.14,04-12-2018,
CUST_878,43,Female,Rural,Monthly,68.06,19-09-2019,
CUST_879,43,Male,Urban,Monthly,50.18,01-04-2021,
CUST_880,43,Female,Rural,Monthly,82.3,03-04-2019,
CUST_881,55,Female,Urban,Prepaid,65.61,27-07-2021,
CUST_882,51,Female,Rural,Yearly,54.43,13-04-2022,
CUST_883,55,Male,Suburban,Prepaid,48.93,16-11-2021,
CUST_884,43,Female,Suburban,Monthly,42.53,19-05-2018,
CUST_885,51,Male,Suburban,Monthly,52.24,26-06-2020,
CUST_886,35,Male,Rural,Monthly,58.14,08-02-2020,
CUST_887,47,Male,Rural,Monthly,54.82,14-10-2022,
CUST_888,43,Male,Suburban,Yearly,42.52,27-08-2018,
CUST_889,44,Female,Suburban,Monthly,34.52,11-11-2020,
CUST_890,43,Female,Urban,Prepaid,77.94,27-09-2021,
CUST_891,43,Female,Urban,Monthly,59.51,17-10-2022,
CUST_892,69,Female,Suburban,Yearly,55.33,11-07-2021,
CUST_893,43,Male,Suburban,Monthly,57.6,29-11-2019,
CUST_894,50,Male,Rural,Monthly,66.52,23-06-2018,
CUST_895,43,Male,Suburban,Monthly,42.98,20-01-2020,
CUST_896,32,Male,Urban,Prepaid,48.06,13-05-2019,
CUST_897,47,Female,Urban,Prepaid,38.71,02-02-2021,
CUST_898,43,Male,Urban,Yearly,49.89,23-09-2021,
CUST_899,43,Female,Urban,Monthly,39.86,04-10-2018,
CUST_900,34,Male,Urban,Prepaid,34.9,13-02-2021,
CUST_901,43,Male,Urban,Yearly,25.7,18-08-2020,
CUST_902,43,Male,Suburban,Monthly,74.87,29-12-2018,
CUST_903,43,Male,Urban,Monthly,44.98,24-08-2022,
CUST_904,27,Female,Urban,Prepaid,57.3,16-04-2018,
CUST_905,34,Female,Urban,Yearly,51.45,02-12-2020,
CUST_906,43,Female,Urban,Monthly,57.46,18-05-2023,
CUST_907,43,Female,Suburban,Monthly,19.95,07-12-2019,
CUST_908,43,Male,Rural,Prepaid,42.95,22-05-2022,
CUST_909,41,Male,Rural,Prepaid,67.39,04-06-2022,
CUST_910,43,Female,Rural,Prepaid,79.15,12-06-2022,
CUST_911,43,Female,Rural,Yearly,44.53,02-08-2020,
CUST_912,23,Male,Urban,Prepaid,46.26,03-12-2020,
CUST_913,19,Male,Rural,Monthly,66,04-01-2018,
CUST_914,43,Female,Rural,Prepaid,56.61,01-11-2022,
CUST_915,60,Female,Suburban,Prepaid,50.44,06-03-2021,
CUST_916,60,Female,Suburban,Prepaid,49.03,30-10-2018,
CUST_917,43,Male,Suburban,Monthly,41.44,01-09-2019,
CUST_918,28,Female,Urban,Monthly,40.92,03-03-2019,
CUST_919,43,Female,Urban,Yearly,51.98,19-03-2018,
CUST_920,64,Female,Urban,Yearly,54.75,20-05-2018,
CUST_921,40,Female,Suburban,Prepaid,55.53,24-08-2019,
CUST_922,43,Female,Rural,Yearly,39.72,15-04-2023,
CUST_923,48,Male,Suburban,Monthly,69.99,14-07-2018,
CUST_924,43,Female,Urban,Yearly,25.68,04-10-2020,
CUST_925,33,Male,Suburban,Prepaid,57.94,23-04-2023,
CUST_926,25,Female,Rural,Yearly,41.9,30-01-2023,
CUST_927,21,Female,Urban,Prepaid,37.01,15-05-2021,
CUST_928,43,Female,Rural,Prepaid,45.13,02-09-2021,
CUST_929,21,Male,Rural,Prepaid,26.13,03-04-2018,
CUST_930,43,Male,Urban,Prepaid,55.31,06-12-2020,
CUST_931,20,Male,Rural,Monthly,74.22,21-03-2019,
CUST_932,49,Female,Suburban,Yearly,40.34,18-08-2022,
CUST_933,20,Female,Rural,Monthly,85.26,15-07-2019,
CUST_934,43,Male,Rural,Prepaid,37.09,06-12-2019,
CUST_935,46,Male,Rural,Prepaid,43.65,14-06-2019,
CUST_936,43,Female,Suburban,Prepaid,70.4,12-05-2019,
CUST_937,43,Male,Rural,Yearly,32.04,16-09-2021,
CUST_938,43,Female,Rural,Prepaid,46.6,20-07-2018,
CUST_939,36,Male,Suburban,Monthly,75.79,05-01-2019,
CUST_940,38,Male,Urban,Prepaid,32.32,03-05-2021,
CUST_941,43,Male,Urban,Monthly,58.86,18-05-2020,
CUST_942,35,Female,Urban,Prepaid,57.66,18-04-2020,
CUST_943,45,Female,Rural,Prepaid,21.16,01-06-2018,
CUST_944,59,Male,Urban,Prepaid,40.77,04-04-2022,
CUST_945,43,Female,Suburban,Prepaid,85.72,07-02-2021,
CUST_946,43,Female,Rural,Prepaid,53.36,13-05-2020,
CUST_947,23,Female,Rural,Monthly,55.76,06-03-2022,
CUST_948,43,Female,Rural,Prepaid,53.57,21-10-2020,
CUST_949,22,Male,Urban,Prepaid,80.64,21-01-2020,
CUST_950,58,Female,Urban,Prepaid,35.39,13-11-2021,
CUST_951,43,Female,Urban,Yearly,39.82,16-04-2020,
CUST_952,43,Male,Rural,Monthly,48.34,16-05-2018,
CUST_953,43,Female,Suburban,Monthly,58.34,05-09-2019,
CUST_954,51,Female,Rural,Prepaid,52.31,24-08-2020,
CUST_955,66,Female,Suburban,Prepaid,52.73,15-03-2021,
CUST_956,43,Male,Rural,Prepaid,41.72,14-01-2020,
CUST_957,43,Male,Suburban,Monthly,59.11,30-01-2020,
CUST_958,62,Female,Rural,Monthly,21.62,02-07-2019,
CUST_959,44,Female,Rural,Yearly,41.79,11-09-2019,
CUST_960,26,Male,Suburban,Yearly,37.68,12-04-2018,
CUST_961,43,Male,Suburban,Monthly,33.48,04-05-2023,
CUST_962,43,Male,Suburban,Monthly,23.29,15-10-2022,
CUST_963,43,Female,Suburban,Prepaid,53.49,02-07-2018,
CUST_964,43,Female,Suburban,Prepaid,56.44,09-06-2018,
CUST_965,47,Male,Suburban,Yearly,56.55,25-01-2022,
CUST_966,60,Female,Suburban,Prepaid,64.12,24-07-2018,
CUST_967,43,Female,Suburban,Yearly,66.73,15-01-2018,
CUST_968,34,Female,Rural,Monthly,19.41,11-03-2018,
CUST_969,43,Female,Suburban,Monthly,59.46,23-10-2021,
CUST_970,53,Female,Suburban,Prepaid,52.74,27-09-2019,
CUST_971,43,Female,Rural,Monthly,52.57,16-03-2021,
CUST_972,43,Female,Rural,Monthly,48.14,26-02-2023,
CUST_973,66,Male,Urban,Prepaid,41.74,18-05-2023,
CUST_974,52,Male,Urban,Prepaid,57.92,05-02-2018,
CUST_975,69,Male,Suburban,Prepaid,35.29,30-01-2019,
CUST_976,32,Male,Suburban,Monthly,66.54,24-06-2018,
CUST_977,64,Male,Urban,Prepaid,42.54,19-06-2022,
CUST_978,39,Male,Urban,Monthly,19.38,08-09-2018,
CUST_979,31,Male,Suburban,Monthly,51.69,31-07-2018,
CUST_980,43,Male,Urban,Prepaid,32.34,29-03-2022,
CUST_981,45,Male,Suburban,Monthly,32.03,01-11-2019,
CUST_982,40,Female,Rural,Prepaid,60.26,13-02-2019,
CUST_983,31,Female,Rural,Monthly,64.02,19-06-2019,
CUST_984,43,Male,Urban,Prepaid,48.36,30-04-2020,
CUST_985,19,Female,Rural,Prepaid,19.81,13-01-2021,
CUST_986,62,Female,Rural,Prepaid,57.97,03-11-2020,
CUST_987,43,Male,Rural,Monthly,45.21,15-11-2022,
CUST_988,31,Male,Rural,Prepaid,353.35,25-12-2022,
CUST_989,68,Male,Suburban,Prepaid,79.51,31-01-2021,
CUST_990,43,Female,Suburban,Prepaid,27.44,17-02-2018,
CUST_991,20,Female,Urban,Prepaid,87.09,22-08-2019,
CUST_992,64,Male,Rural,Monthly,26.63,15-09-2019,
CUST_993,40,Female,Rural,Monthly,41.92,20-06-2020,
CUST_994,63,Female,Rural,Yearly,65.39,11-01-2023,
CUST_995,60,Female,Urban,Prepaid,39.18,27-07-2021,
CUST_996,64,Male,Suburban,Prepaid,37.8,21-07-2018,
CUST_997,62,Female,Rural,Monthly,24.4,26-03-2021,
CUST_998,35,Female,Suburban,Monthly,29.97,25-09-2021,
CUST_999,55,Female,Urban,Prepaid,37.78,16-04-2021,
CUST_1000,43,Female,Suburban,Monthly,61.62,10-06-2018,
CUST_1001,68,Female,Rural,Monthly,75.18,10-09-2018,
CUST_1002,43,Female,Suburban,Prepaid,38.62,17-08-2022,
CUST_1003,42,Female,Suburban,Monthly,43.99,28-05-2018,
CUST_1004,54,Male,Urban,Prepaid,35.09,27-01-2019,
CUST_1005,45,Male,Urban,Yearly,27.08,27-10-2019,
CUST_1006,43,Female,Urban,Monthly,27.12,16-02-2018,
CUST_1007,56,Male,Urban,Prepaid,30.87,29-01-2020,
CUST_1008,43,Female,Suburban,Monthly,49.25,18-02-2020,
CUST_1009,56,Female,Suburban,Yearly,40.57,29-03-2022,
CUST_1010,43,Female,Urban,Monthly,44.34,23-07-2022,
CUST_1011,43,Male,Urban,Prepaid,55.95,02-02-2018,
CUST_1012,61,Female,Rural,Monthly,48.61,30-06-2020,
CUST_1013,42,Female,Rural,Monthly,32.53,19-01-2020,
CUST_1014,43,Male,Urban,Prepaid,64.36,30-06-2020,
CUST_1015,30,Male,Suburban,Prepaid,19.68,02-06-2023,
CUST_1016,37,Female,Urban,Monthly,38.39,24-10-2018,
CUST_1017,42,Male,Suburban,Monthly,75.83,24-01-2023,
CUST_1018,43,Male,Suburban,Prepaid,55.11,26-03-2021,
CUST_1019,27,Female,Rural,Monthly,23.03,05-11-2019,
CUST_1020,20,Female,Urban,Monthly,26.25,06-05-2020,
CUST_1021,58,Female,Urban,Prepaid,44.9,04-01-2018,
CUST_1022,43,Male,Suburban,Prepaid,42.7,14-03-2018,
CUST_1023,35,Male,Urban,Monthly,60.64,20-10-2018,
CUST_1024,64,Male,Rural,Monthly,66.96,12-02-2020,
CUST_1025,43,Female,Rural,Monthly,42.27,10-12-2020,
CUST_1026,64,Male,Urban,Prepaid,48.42,28-03-2021,
CUST_1027,39,Male,Urban,Monthly,34.51,23-04-2023,
CUST_1028,51,Female,Rural,Yearly,47.63,10-05-2021,
CUST_1029,64,Female,Urban,Prepaid,34.62,16-10-2021,
CUST_1030,25,Female,Suburban,Prepaid,50.37,26-09-2018,
CUST_1031,57,Male,Urban,Monthly,40.6,23-05-2023,
CUST_1032,66,Female,Suburban,Prepaid,59.38,29-01-2023,
CUST_1033,43,Male,Urban,Prepaid,65.74,01-02-2020,
CUST_1034,43,Male,Urban,Prepaid,69.41,27-12-2020,
CUST_1035,59,Female,Rural,Prepaid,50.54,07-10-2020,
CUST_1036,43,Female,Suburban,Monthly,295.55,08-04-2021,
CUST_1037,43,Female,Rural,Prepaid,42.51,08-04-2022,
CUST_1038,23,Female,Urban,Yearly,37.39,06-12-2019,
CUST_1039,43,Female,Rural,Monthly,29.49,21-10-2021,
CUST_1040,43,Male,Urban,Monthly,55.38,13-07-2019,
CUST_1041,43,Male,Urban,Prepaid,19.24,03-03-2022,
CUST_1042,43,Male,Urban,Monthly,63.09,24-04-2021,
CUST_1043,23,Female,Suburban,Monthly,44.62,20-02-2022,
CUST_1044,54,Male,Suburban,Monthly,45.61,26-08-2020,
CUST_1045,50,Female,Suburban,Yearly,60.11,12-08-2019,
CUST_1046,39,Female,Rural,Monthly,22.49,20-11-2020,
CUST_1047,43,Male,Urban,Monthly,46.67,18-09-2021,
CUST_1048,23,Male,Rural,Monthly,73.68,24-01-2020,
CUST_1049,23,Female,Rural,Monthly,45.74,24-11-2020,
CUST_1050,43,Male,Urban,Prepaid,30.15,18-02-2021,
CUST_1051,21,Female,Rural,Prepaid,44.8,16-10-2018,
CUST_1052,47,Male,Urban,Yearly,69.63,29-03-2021,
CUST_1053,28,Male,Urban,Prepaid,38.52,12-07-2022,
CUST_1054,47,Male,Urban,Yearly,26.9,20-10-2021,
CUST_1055,43,Male,Urban,Prepaid,43,08-03-2019,
CUST_1056,41,Male,Rural,Monthly,28.93,04-07-2021,
CUST_1057,26,Female,Rural,Monthly,16.16,22-10-2018,
CUST_1058,20,Male,Rural,Prepaid,61.31,31-03-2021,
CUST_1059,68,Male,Suburban,Monthly,65.72,21-04-2019,
CUST_1060,48,Male,Rural,Monthly,56.29,27-10-2019,
CUST_1061,57,Female,Rural,Monthly,63.4,13-06-2022,
CUST_1062,54,Female,Suburban,Monthly,43.9,10-05-2023,
CUST_1063,53,Female,Urban,Prepaid,70.28,22-01-2022,
CUST_1064,41,Female,Urban,Monthly,40.57,30-12-2018,
CUST_1065,48,Female,Urban,Prepaid,50.01,19-04-2018,
CUST_1066,43,Male,Suburban,Prepaid,37.34,05-07-2021,
CUST_1067,19,Male,Rural,Yearly,28.97,12-06-2019,
CUST_1068,37,Male,Rural,Monthly,40.46,28-04-2019,
CUST_1069,45,Female,Rural,Monthly,83.44,09-05-2018,
CUST_1070,28,Female,Rural,Monthly,73,24-04-2018,
CUST_1071,21,Male,Suburban,Prepaid,61.63,06-07-2020,
CUST_1072,32,Female,Rural,Monthly,43.57,17-05-2019,
CUST_1073,43,Female,Urban,Monthly,43.23,23-02-2023,
CUST_1074,66,Female,Suburban,Prepaid,75.7,10-07-2021,
CUST_1075,47,Male,Suburban,Yearly,50.33,11-03-2018,
CUST_1076,55,Male,Urban,Monthly,61.86,30-06-2019,
CUST_1077,68,Female,Urban,Prepaid,41.69,16-11-2018,
CUST_1078,43,Female,Rural,Monthly,45.54,09-02-2018,
CUST_1079,32,Female,Urban,Prepaid,61.71,10-09-2021,
CUST_1080,43,Female,Suburban,Prepaid,38.97,06-06-2020,
CUST_1081,25,Male,Suburban,Monthly,55.22,07-10-2018,
CUST_1082,43,Female,Suburban,Yearly,39.5,07-05-2023,
CUST_1083,68,Male,Rural,Monthly,57.65,06-09-2018,
CUST_1084,62,Male,Rural,Yearly,39.05,11-02-2021,
CUST_1085,61,Male,Urban,Yearly,76.29,07-02-2020,
CUST_1086,43,Female,Rural,Yearly,49.04,21-09-2020,
CUST_1087,23,Male,Rural,Prepaid,61.62,15-05-2018,
CUST_1088,43,Male,Suburban,Monthly,49.69,05-08-2021,
CUST_1089,43,Female,Suburban,Prepaid,42.48,15-12-2021,
CUST_1090,36,Female,Urban,Monthly,58.61,02-05-2023,
CUST_1091,37,Female,Suburban,Yearly,67.31,19-08-2018,
CUST_1092,50,Male,Rural,Prepaid,28.27,14-02-2018,
CUST_1093,37,Female,Urban,Monthly,51.97,29-09-2019,
CUST_1094,66,Male,Urban,Monthly,48.38,18-12-2020,
CUST_1095,43,Male,Suburban,Prepaid,53.15,23-07-2021,
CUST_1096,64,Female,Suburban,Prepaid,70.31,21-12-2020,
CUST_1097,43,Male,Suburban,Monthly,62.24,08-06-2020,
CUST_1098,43,Male,Urban,Prepaid,67.35,22-01-2021,
CUST_1099,31,Male,Suburban,Monthly,53.95,20-04-2023,
CUST_1100,43,Male,Rural,Monthly,43.5,22-10-2020,
CUST_1101,54,Female,Urban,Monthly,13.63,23-07-2018,
CUST_1102,28,Male,Suburban,Prepaid,71.23,06-03-2021,
CUST_1103,53,Female,Rural,Monthly,12.5,02-09-2018,
CUST_1104,30,Male,Rural,Prepaid,73.81,02-04-2022,
CUST_1105,43,Male,Suburban,Yearly,61.11,24-12-2018,
CUST_1106,20,Female,Rural,Prepaid,79.53,24-03-2021,
CUST_1107,50,Male,Urban,Yearly,53.99,26-02-2020,
CUST_1108,23,Male,Urban,Monthly,57.5,27-12-2020,
CUST_1109,67,Male,Rural,Monthly,47.22,07-12-2021,
CUST_1110,43,Male,Urban,Prepaid,51.14,12-08-2021,
CUST_1111,43,Male,Suburban,Prepaid,39.13,10-12-2022,
CUST_1112,40,Male,Rural,Monthly,48.24,18-09-2022,
CUST_1113,43,Female,Urban,Prepaid,37.3,21-03-2020,
CUST_1114,61,Female,Suburban,Yearly,50.69,21-11-2022,
CUST_1115,19,Female,Suburban,Prepaid,49.62,06-02-2018,
CUST_1116,43,Male,Urban,Yearly,49.7,30-10-2022,
CUST_1117,43,Male,Rural,Monthly,48.65,25-03-2020,
CUST_1118,43,Male,Suburban,Prepaid,40.73,11-02-2020,
CUST_1119,43,Female,Suburban,Monthly,58.39,31-08-2019,
CUST_1120,43,Male,Suburban,Prepaid,54.72,11-11-2022,
CUST_1121,43,Female,Suburban,Prepaid,54.14,06-03-2020,
CUST_1122,43,Male,Rural,Prepaid,35.87,25-12-2022,
CUST_1123,43,Male,Urban,Yearly,60.1,12-02-2019,
CUST_1124,26,Male,Urban,Monthly,38.54,18-07-2022,
CUST_1125,28,Female,Urban,Monthly,42.16,09-03-2021,
CUST_1126,32,Male,Suburban,Prepaid,51.38,23-08-2020,
CUST_1127,41,Female,Rural,Monthly,67.25,08-05-2021,
CUST_1128,55,Male,Urban,Prepaid,31.88,18-01-2019,
CUST_1129,43,Male,Rural,Prepaid,35.17,17-07-2022,
CUST_1130,47,Female,Urban,Prepaid,20.56,05-09-2022,
CUST_1131,48,Male,Suburban,Monthly,57.59,12-04-2023,
CUST_1132,43,Male,Urban,Monthly,44.94,11-10-2018,
CUST_1133,22,Male,Suburban,Prepaid,281.85,11-06-2023,
CUST_1134,43,Male,Suburban,Yearly,55.07,18-02-2019,
CUST_1135,67,Female,Urban,Prepaid,61.82,20-06-2023,
CUST_1136,43,Female,Rural,Monthly,50.02,25-07-2021,
CUST_1137,28,Male,Suburban,Prepaid,39.36,10-10-2021,
CUST_1138,26,Male,Rural,Prepaid,53.48,17-07-2018,
CUST_1139,51,Female,Urban,Yearly,56.22,09-06-2022,
CUST_1140,29,Male,Suburban,Yearly,44.77,27-03-2018,
CUST_1141,52,Female,Rural,Monthly,51.36,08-09-2020,
CUST_1142,52,Male,Suburban,Yearly,29.82,02-12-2022,
CUST_1143,18,Female,Urban,Yearly,30.91,28-04-2023,
CUST_1144,57,Female,Suburban,Monthly,25.09,20-05-2019,
CUST_1145,39,Female,Urban,Yearly,54.33,27-03-2023,
CUST_1146,46,Female,Rural,Prepaid,61.1,14-06-2018,
CUST_1147,25,Male,Suburban,Monthly,28.62,24-04-2023,
CUST_1148,28,Male,Rural,Monthly,52.42,22-10-2018,
CUST_1149,58,Female,Urban,Prepaid,56.71,15-05-2018,
CUST_1150,54,Female,Urban,Yearly,44.01,24-01-2020,
CUST_1151,43,Female,Rural,Prepaid,74.02,12-05-2019,
CUST_1152,43,Female,Rural,Yearly,28.14,19-11-2021,
CUST_1153,52,Male,Urban,Prepaid,44.34,03-05-2018,
CUST_1154,38,Female,Rural,Prepaid,6.32,10-07-2019,
CUST_1155,54,Female,Urban,Prepaid,55.18,30-06-2021,
CUST_1156,22,Female,Rural,Yearly,39.02,07-12-2019,
CUST_1157,36,Female,Urban,Prepaid,20.36,01-10-2021,
CUST_1158,43,Female,Urban,Monthly,58.91,30-08-2019,
CUST_1159,43,Female,Suburban,Monthly,47.65,09-10-2022,
CUST_1160,43,Female,Urban,Prepaid,45.4,07-12-2019,
CUST_1161,43,Male,Urban,Yearly,66.91,26-03-2019,
CUST_1162,43,Female,Suburban,Prepaid,38.28,07-09-2020,
CUST_1163,59,Female,Suburban,Monthly,59.66,27-02-2020,
CUST_1164,42,Female,Rural,Monthly,61.84,05-04-2020,
CUST_1165,43,Male,Rural,Prepaid,41.56,18-04-2019,
CUST_1166,57,Male,Urban,Prepaid,50.13,06-07-2020,
CUST_1167,25,Male,Rural,Monthly,75.18,27-10-2020,
CUST_1168,43,Female,Rural,Yearly,34.85,02-02-2018,
CUST_1169,43,Female,Urban,Prepaid,58.32,11-10-2019,
CUST_1170,31,Female,Suburban,Prepaid,50.93,12-02-2020,
CUST_1171,49,Male,Suburban,Yearly,69.06,21-04-2021,
CUST_1172,68,Female,Urban,Prepaid,49.49,18-11-2018,
CUST_1173,55,Male,Urban,Monthly,60.29,19-06-2021,
CUST_1174,50,Male,Urban,Monthly,25.99,17-06-2021,
CUST_1175,40,Male,Urban,Prepaid,17.84,03-05-2022,
CUST_1176,43,Male,Urban,Monthly,34.26,13-01-2018,
CUST_1177,43,Male,Urban,Yearly,43.38,25-06-2020,
CUST_1178,42,Female,Rural,Monthly,44.69,13-06-2020,
CUST_1179,34,Female,Rural,Monthly,66.38,30-03-2020,
CUST_1180,43,Male,Rural,Monthly,44.11,07-10-2019,
CUST_1181,43,Female,Suburban,Monthly,50.36,19-07-2020,
CUST_1182,43,Female,Urban,Prepaid,52.09,08-06-2023,
CUST_1183,43,Male,Urban,Monthly,40.53,13-10-2018,
CUST_1184,57,Male,Rural,Prepaid,49.73,26-09-2022,
CUST_1185,57,Female,Suburban,Prepaid,65.77,06-10-2020,
CUST_1186,68,Female,Rural,Yearly,54.49,11-03-2023,
CUST_1187,56,Female,Urban,Monthly,58.9,24-01-2023,
CUST_1188,43,Female,Urban,Yearly,55,07-01-2018,
CUST_1189,43,Male,Rural,Prepaid,74.71,24-11-2018,
CUST_1190,23,Female,Rural,Yearly,34.21,15-05-2019,
CUST_1191,20,Male,Urban,Monthly,87.51,20-04-2018,
CUST_1192,24,Male,Rural,Yearly,64.95,07-01-2020,
CUST_1193,68,Female,Urban,Yearly,67.67,27-01-2023,
CUST_1194,25,Female,Rural,Yearly,69.65,15-09-2019,
CUST_1195,43,Female,Suburban,Yearly,65.55,05-12-2020,
CUST_1196,43,Male,Urban,Prepaid,30.65,22-05-2018,
CUST_1197,32,Male,Suburban,Monthly,33,26-11-2019,
CUST_1198,43,Male,Rural,Prepaid,60.49,11-10-2020,
CUST_1199,46,Male,Suburban,Monthly,58.66,06-10-2020,
CUST_1200,50,Female,Rural,Yearly,63.29,15-10-2018,
CUST_1201,43,Male,Suburban,Prepaid,50.7,11-09-2022,
CUST_1202,43,Male,Suburban,Monthly,30.24,02-03-2019,
CUST_1203,43,Female,Suburban,Monthly,48.35,12-08-2019,
CUST_1204,44,Male,Urban,Prepaid,61.12,21-03-2022,
CUST_1205,53,Male,Suburban,Prepaid,46.2,17-06-2020,
CUST_1206,43,Female,Rural,Prepaid,49.93,03-05-2022,
CUST_1207,43,Male,Rural,Prepaid,50.45,05-07-2018,
CUST_1208,43,Male,Urban,Monthly,42.17,24-05-2018,
CUST_1209,43,Male,Urban,Monthly,37.79,06-01-2023,
CUST_1210,44,Male,Rural,Prepaid,81.63,04-10-2020,
CUST_1211,43,Female,Suburban,Yearly,73.38,19-10-2018,
CUST_1212,21,Male,Rural,Monthly,66.05,01-04-2018,
CUST_1213,43,Female,Urban,Monthly,56.23,26-04-2021,
CUST_1214,43,Male,Urban,Prepaid,34.93,08-08-2020,
CUST_1215,27,Female,Rural,Monthly,63.31,05-04-2020,
CUST_1216,22,Female,Suburban,Prepaid,66.73,12-10-2022,
CUST_1217,27,Female,Suburban,Monthly,44.83,21-11-2021,
CUST_1218,50,Male,Urban,Monthly,33.98,11-05-2022,
CUST_1219,43,Male,Rural,Prepaid,56.4,26-12-2021,
CUST_1220,30,Male,Rural,Yearly,66.02,20-10-2019,
CUST_1221,43,Female,Urban,Monthly,40.4,08-01-2022,
CUST_1222,64,Male,Rural,Prepaid,57.93,21-05-2021,
CUST_1223,53,Male,Urban,Yearly,36.39,12-01-2023,
CUST_1224,62,Male,Suburban,Monthly,32.95,25-06-2020,
CUST_1225,41,Male,Suburban,Monthly,53.07,28-04-2018,
CUST_1226,43,Female,Rural,Monthly,37.78,30-12-2022,
CUST_1227,32,Female,Suburban,Prepaid,56.45,24-10-2022,
CUST_1228,43,Male,Suburban,Yearly,25.77,05-01-2023,
CUST_1229,43,Male,Urban,Monthly,37.14,27-01-2019,
CUST_1230,22,Male,Urban,Prepaid,65.44,20-12-2018,
CUST_1231,46,Female,Rural,Yearly,60.39,10-02-2021,
CUST_1232,64,Male,Urban,Monthly,56.29,31-05-2020,
CUST_1233,21,Female,Rural,Monthly,43.32,25-01-2020,
CUST_1234,29,Female,Rural,Yearly,50.21,13-01-2020,
CUST_1235,62,Male,Urban,Prepaid,46.63,09-03-2022,
CUST_1236,19,Male,Suburban,Prepaid,85.01,30-12-2022,
CUST_1237,44,Male,Suburban,Prepaid,54.75,14-12-2020,
CUST_1238,48,Female,Suburban,Yearly,38.5,03-03-2019,
CUST_1239,43,Female,Suburban,Prepaid,48.79,04-11-2021,
CUST_1240,43,Male,Rural,Prepaid,24.79,17-08-2020,
CUST_1241,53,Female,Suburban,Prepaid,21.44,18-12-2021,
CUST_1242,53,Male,Rural,Prepaid,71.94,11-10-2019,
CUST_1243,43,Male,Urban,Monthly,54.11,22-05-2018,
CUST_1244,43,Female,Urban,Yearly,43.23,21-09-2022,
CUST_1245,44,Female,Rural,Prepaid,49.6,01-09-2018,
CUST_1246,22,Female,Suburban,Monthly,48.44,13-05-2022,
CUST_1247,43,Female,Rural,Monthly,51.01,17-10-2022,
CUST_1248,43,Male,Suburban,Monthly,67.22,06-12-2020,
CUST_1249,27,Male,Suburban,Yearly,58.03,02-05-2021,
CUST_1250,57,Male,Rural,Monthly,43.86,16-06-2018,
CUST_1251,43,Female,Rural,Prepaid,23.77,16-02-2019,
CUST_1252,23,Male,Suburban,Yearly,34.97,12-03-2018,
CUST_1253,43,Female,Rural,Monthly,61.38,03-03-2020,
CUST_1254,43,Female,Suburban,Prepaid,73.43,07-01-2019,
CUST_1255,43,Female,Rural,Prepaid,36.83,08-04-2018,
CUST_1256,43,Male,Urban,Yearly,34.56,14-04-2018,
CUST_1257,43,Female,Suburban,Monthly,43.51,19-01-2019,
CUST_1258,60,Female,Urban,Monthly,76.77,21-11-2020,
CUST_1259,29,Female,Rural,Yearly,52.22,17-12-2018,
CUST_1260,43,Female,Urban,Monthly,38.57,10-05-2019,
CUST_1261,43,Female,Rural,Prepaid,44.58,30-01-2020,
CUST_1262,43,Female,Suburban,Monthly,42.08,17-01-2018,
CUST_1263,35,Female,Rural,Monthly,60.56,17-10-2018,
CUST_1264,42,Female,Rural,Monthly,79.3,19-06-2021,
CUST_1265,43,Female,Suburban,Prepaid,51.96,01-02-2021,
CUST_1266,43,Female,Rural,Prepaid,66.41,10-07-2021,
CUST_1267,43,Female,Suburban,Monthly,29.81,29-11-2022,
CUST_1268,60,Female,Rural,Yearly,85.12,21-07-2020,
CUST_1269,29,Male,Suburban,Monthly,29.91,10-10-2021,
CUST_1270,61,Male,Urban,Yearly,68.18,27-09-2019,
CUST_1271,53,Female,Rural,Monthly,55.08,02-03-2023,
CUST_1272,43,Female,Rural,Yearly,31.13,09-02-2018,
CUST_1273,21,Female,Rural,Prepaid,62.52,15-10-2018,
CUST_1274,43,Male,Suburban,Prepaid,49.56,02-06-2018,
CUST_1275,54,Male,Rural,Monthly,36.32,05-10-2020,
CUST_1276,43,Male,Suburban,Prepaid,50.16,13-08-2018,
CUST_1277,59,Female,Rural,Monthly,25.25,24-02-2021,
CUST_1278,66,Female,Urban,Yearly,42.76,02-02-2018,
CUST_1279,45,Female,Rural,Monthly,35.53,19-07-2020,
CUST_1280,48,Female,Urban,Yearly,47.26,21-11-2020,
CUST_1281,26,Male,Suburban,Monthly,24.04,06-11-2020,
CUST_1282,68,Female,Urban,Monthly,23.14,14-01-2018,
CUST_1283,43,Male,Rural,Monthly,37.26,08-02-2021,
CUST_1284,31,Male,Rural,Prepaid,49.43,20-12-2021,
CUST_1285,43,Female,Suburban,Prepaid,35.4,29-06-2018,
CUST_1286,58,Male,Rural,Monthly,56.92,24-05-2021,
CUST_1287,39,Male,Rural,Yearly,60.53,01-01-2022,
CUST_1288,28,Male,Suburban,Monthly,37.34,27-06-2022,
CUST_1289,40,Male,Suburban,Prepaid,70.86,20-05-2020,
CUST_1290,43,Female,Urban,Prepaid,45.46,05-08-2019,
CUST_1291,63,Female,Suburban,Yearly,77.47,02-10-2022,
CUST_1292,54,Male,Rural,Monthly,46.11,07-03-2020,
CUST_1293,43,Female,Suburban,Yearly,33.18,30-10-2021,
CUST_1294,43,Male,Rural,Monthly,68.42,31-05-2019,
CUST_1295,43,Female,Urban,Monthly,34.38,15-08-2019,
CUST_1296,53,Female,Suburban,Monthly,67.07,25-10-2021,
CUST_1297,43,Female,Rural,Prepaid,51.81,04-03-2020,
CUST_1298,18,Female,Suburban,Monthly,41.66,12-04-2020,
CUST_1299,68,Female,Suburban,Monthly,38.47,11-01-2020,
CUST_1300,57,Male,Suburban,Monthly,48.71,27-09-2022,
CUST_1301,32,Female,Suburban,Yearly,60.2,12-05-2018,
CUST_1302,38,Male,Urban,Prepaid,49.4,01-03-2019,
CUST_1303,64,Male,Rural,Monthly,72.19,02-10-2022,
CUST_1304,26,Female,Suburban,Prepaid,32.36,13-01-2020,
CUST_1305,43,Male,Rural,Prepaid,48.55,27-04-2020,
CUST_1306,43,Female,Urban,Monthly,66.51,01-06-2022,
CUST_1307,69,Male,Rural,Prepaid,31.94,27-05-2023,
CUST_1308,43,Male,Rural,Monthly,65.6,12-10-2019,
CUST_1309,43,Female,Urban,Prepaid,50.3,08-02-2022,
CUST_1310,43,Female,Suburban,Prepaid,51.65,08-07-2020,
CUST_1311,69,Female,Rural,Prepaid,44.91,15-05-2023,
CUST_1312,42,Female,Rural,Prepaid,31.87,21-02-2023,
CUST_1313,43,Male,Suburban,Yearly,48.82,28-09-2021,
CUST_1314,28,Female,Suburban,Monthly,41.66,24-05-2022,
CUST_1315,55,Male,Rural,Yearly,72.86,05-11-2020,
CUST_1316,43,Male,Urban,Prepaid,57.66,06-11-2021,
CUST_1317,24,Male,Suburban,Monthly,50.52,10-09-2020,
CUST_1318,35,Male,Suburban,Monthly,69.77,28-05-2022,
CUST_1319,44,Male,Urban,Prepaid,49.16,03-05-2019,
CUST_1320,51,Male,Rural,Monthly,60.54,02-02-2020,
CUST_1321,43,Female,Suburban,Monthly,67.46,15-10-2022,
CUST_1322,43,Male,Rural,Monthly,45.92,26-03-2018,
CUST_1323,60,Male,Rural,Monthly,56.52,04-09-2020,
CUST_1324,61,Male,Rural,Monthly,43.45,27-01-2020,
CUST_1325,68,Female,Urban,Prepaid,67.19,23-05-2018,
CUST_1326,43,Female,Rural,Monthly,49.59,02-11-2021,
CUST_1327,42,Male,Rural,Yearly,70.56,06-01-2021,
CUST_1328,43,Female,Suburban,Prepaid,52.98,08-03-2021,
CUST_1329,69,Male,Suburban,Monthly,88.19,10-05-2018,
CUST_1330,43,Female,Urban,Monthly,39.39,13-12-2018,
CUST_1331,43,Male,Urban,Monthly,62.9,30-08-2020,
CUST_1332,43,Female,Suburban,Monthly,49.35,16-06-2018,
CUST_1333,43,Female,Suburban,Prepaid,46.62,28-09-2022,
CUST_1334,43,Female,Urban,Monthly,21.53,28-01-2021,
CUST_1335,60,Male,Rural,Monthly,51.09,29-03-2023,
CUST_1336,39,Male,Urban,Monthly,35.39,20-04-2023,
CUST_1337,43,Male,Rural,Monthly,45.35,08-02-2018,
CUST_1338,45,Female,Suburban,Monthly,35.98,15-10-2021,
CUST_1339,43,Female,Suburban,Yearly,37.98,17-06-2023,
CUST_1340,38,Male,Suburban,Monthly,33.91,27-03-2021,
CUST_1341,66,Female,Rural,Monthly,34.06,01-05-2023,
CUST_1342,24,Male,Urban,Prepaid,26.13,27-08-2022,
CUST_1343,34,Male,Rural,Prepaid,55.64,01-04-2020,
CUST_1344,37,Male,Urban,Yearly,50.27,23-10-2020,
CUST_1345,58,Male,Urban,Monthly,60.62,08-09-2019,
CUST_1346,66,Female,Urban,Monthly,44.12,26-11-2019,
CUST_1347,37,Female,Suburban,Monthly,40.1,10-08-2020,
CUST_1348,39,Female,Urban,Prepaid,48.68,16-09-2018,
CUST_1349,45,Male,Suburban,Yearly,60.53,12-06-2023,
CUST_1350,57,Female,Urban,Monthly,54.5,23-07-2021,
CUST_1351,66,Male,Urban,Monthly,50.19,28-12-2022,
CUST_1352,24,Male,Suburban,Prepaid,59.97,08-06-2023,
CUST_1353,43,Male,Suburban,Monthly,50.08,29-06-2018,
CUST_1354,49,Male,Rural,Prepaid,41.13,06-07-2021,
CUST_1355,43,Male,Urban,Monthly,63.61,05-08-2021,
CUST_1356,47,Male,Suburban,Monthly,31.27,07-05-2021,
CUST_1357,40,Female,Rural,Prepaid,28.69,15-01-2020,
CUST_1358,68,Female,Rural,Monthly,49.63,23-08-2020,
CUST_1359,36,Female,Suburban,Monthly,51.29,22-12-2018,
CUST_1360,49,Female,Urban,Yearly,53.5,01-11-2022,
CUST_1361,47,Male,Rural,Monthly,45.09,29-05-2020,
CUST_1362,43,Male,Urban,Prepaid,70.3,30-09-2018,
CUST_1363,66,Female,Urban,Prepaid,27.52,23-11-2018,
CUST_1364,62,Female,Rural,Yearly,52.02,23-03-2021,
CUST_1365,43,Female,Suburban,Monthly,61.38,01-03-2020,
CUST_1366,47,Female,Urban,Monthly,70.77,06-08-2022,
CUST_1367,43,Female,Suburban,Prepaid,70.01,06-08-2021,
CUST_1368,57,Female,Rural,Prepaid,33.56,20-01-2019,
CUST_1369,36,Female,Urban,Yearly,55.43,07-10-2018,
CUST_1370,43,Female,Suburban,Monthly,46.79,05-05-2019,
CUST_1371,43,Male,Suburban,Prepaid,49.72,18-07-2021,
CUST_1372,43,Male,Urban,Monthly,67.01,16-09-2021,
CUST_1373,68,Male,Suburban,Prepaid,78.5,21-06-2021,
CUST_1374,64,Male,Suburban,Yearly,53.91,29-04-2022,
CUST_1375,67,Female,Rural,Monthly,20.21,25-02-2021,
CUST_1376,19,Male,Rural,Monthly,24.97,13-12-2022,
CUST_1377,45,Female,Suburban,Monthly,49.3,24-10-2022,
CUST_1378,43,Male,Suburban,Yearly,64.96,28-05-2022,
CUST_1379,67,Female,Urban,Yearly,38.22,16-02-2019,
CUST_1380,43,Female,Rural,Prepaid,47.13,30-05-2019,
CUST_1381,55,Male,Urban,Yearly,74.27,15-09-2019,
CUST_1382,68,Male,Suburban,Yearly,44.05,15-11-2021,
CUST_1383,21,Female,Urban,Prepaid,76.29,11-02-2021,
CUST_1384,43,Female,Suburban,Yearly,43.55,24-10-2018,
CUST_1385,25,Female,Rural,Monthly,63.56,13-08-2019,
CUST_1386,46,Male,Rural,Monthly,51.15,10-02-2018,
CUST_1387,56,Male,Suburban,Prepaid,61.65,21-04-2023,
CUST_1388,20,Female,Rural,Monthly,80.13,10-06-2018,
CUST_1389,43,Male,Suburban,Prepaid,56.3,02-07-2020,
CUST_1390,27,Female,Urban,Yearly,68.92,01-04-2020,
CUST_1391,43,Male,Suburban,Yearly,36.58,25-11-2021,
CUST_1392,43,Male,Urban,Monthly,36.03,23-10-2019,
CUST_1393,43,Male,Suburban,Monthly,25.51,17-08-2019,
CUST_1394,51,Male,Rural,Monthly,34.17,21-11-2018,
CUST_1395,50,Male,Suburban,Prepaid,72.76,22-03-2019,
CUST_1396,43,Female,Suburban,Monthly,54.97,10-05-2023,
CUST_1397,45,Female,Suburban,Monthly,45.99,03-09-2018,
CUST_1398,43,Male,Rural,Prepaid,53.06,21-08-2019,
CUST_1399,67,Female,Suburban,Prepaid,60.2,29-05-2022,
CUST_1400,24,Female,Rural,Monthly,61.68,09-05-2021,
CUST_1401,43,Male,Suburban,Monthly,53.28,25-01-2021,
CUST_1402,25,Female,Urban,Yearly,70.74,28-04-2023,
CUST_1403,18,Male,Suburban,Prepaid,35.44,21-02-2018,
CUST_1404,43,Female,Urban,Prepaid,44.74,28-01-2020,
CUST_1405,41,Female,Rural,Monthly,67.55,22-03-2018,
CUST_1406,43,Female,Rural,Monthly,64.35,04-09-2021,
CUST_1407,43,Female,Suburban,Monthly,55.56,06-12-2019,
CUST_1408,43,Female,Rural,Monthly,41.86,09-02-2021,
CUST_1409,54,Female,Suburban,Monthly,61.81,29-05-2022,
CUST_1410,20,Female,Rural,Monthly,36.36,08-02-2021,
CUST_1411,68,Male,Urban,Prepaid,67.73,22-03-2019,
CUST_1412,50,Male,Rural,Prepaid,72.83,21-09-2022,
CUST_1413,45,Male,Urban,Prepaid,41.36,07-10-2022,
CUST_1414,64,Male,Suburban,Prepaid,88.82,22-09-2020,
CUST_1415,25,Female,Suburban,Prepaid,35.04,16-07-2020,
CUST_1416,51,Female,Suburban,Prepaid,47.16,02-08-2019,
CUST_1417,52,Female,Urban,Yearly,46.8,13-02-2023,
CUST_1418,43,Male,Suburban,Prepaid,48.44,17-09-2022,
CUST_1419,41,Male,Suburban,Prepaid,71.37,24-05-2023,
CUST_1420,31,Male,Urban,Yearly,56.57,19-02-2022,
CUST_1421,49,Female,Rural,Monthly,37.53,10-04-2019,
CUST_1422,43,Male,Suburban,Monthly,51.64,10-01-2018,
CUST_1423,60,Female,Rural,Monthly,59.95,01-03-2022,
CUST_1424,43,Male,Rural,Monthly,57.81,18-11-2018,
CUST_1425,43,Female,Suburban,Prepaid,68.33,03-10-2020,
CUST_1426,43,Male,Suburban,Prepaid,51.34,13-10-2022,
CUST_1427,54,Female,Urban,Yearly,61.99,31-01-2018,
CUST_1428,38,Male,Urban,Prepaid,47.86,03-10-2020,
CUST_1429,31,Male,Suburban,Prepaid,40.3,13-03-2019,
CUST_1430,43,Female,Rural,Monthly,32.88,29-03-2023,
CUST_1431,65,Female,Urban,Prepaid,73.5,01-10-2019,
CUST_1432,35,Male,Urban,Monthly,27.37,07-01-2023,
CUST_1433,24,Female,Suburban,Yearly,53.81,19-09-2021,
CUST_1434,27,Male,Suburban,Yearly,56.14,22-07-2018,
CUST_1435,24,Female,Suburban,Monthly,35.29,13-05-2018,
CUST_1436,50,Male,Suburban,Prepaid,63.51,01-12-2019,
CUST_1437,40,Female,Urban,Yearly,29.74,29-04-2021,
CUST_1438,43,Male,Urban,Prepaid,41.3,08-07-2021,
CUST_1439,36,Male,Urban,Prepaid,64.47,14-03-2023,
CUST_1440,65,Male,Rural,Monthly,30.49,11-11-2020,
CUST_1441,36,Female,Urban,Monthly,62.25,05-03-2023,
CUST_1442,53,Male,Urban,Prepaid,66.74,27-11-2018,
CUST_1443,43,Female,Suburban,Monthly,66.1,14-02-2021,
CUST_1444,35,Female,Urban,Yearly,55.62,26-06-2021,
CUST_1445,19,Female,Urban,Prepaid,37.42,07-03-2022,
CUST_1446,18,Male,Urban,Monthly,35.15,15-01-2020,
CUST_1447,43,Female,Suburban,Prepaid,42.45,29-09-2022,
CUST_1448,43,Female,Urban,Monthly,4.02,12-10-2022,
CUST_1449,43,Female,Urban,Prepaid,50.35,15-01-2021,
CUST_1450,28,Male,Rural,Monthly,48.27,26-02-2021,
CUST_1451,59,Female,Rural,Prepaid,51.14,21-02-2022,
CUST_1452,19,Female,Rural,Yearly,46.4,25-03-2023,
CUST_1453,43,Female,Rural,Yearly,52.65,12-07-2020,
CUST_1454,43,Female,Suburban,Yearly,51.19,17-08-2022,
CUST_1455,29,Male,Rural,Prepaid,28.1,07-01-2021,
CUST_1456,43,Male,Urban,Prepaid,54.2,24-11-2022,
CUST_1457,22,Female,Rural,Monthly,49.68,05-09-2019,
CUST_1458,43,Female,Suburban,Monthly,24.11,16-08-2019,
CUST_1459,55,Female,Rural,Yearly,63.42,06-04-2019,
CUST_1460,47,Female,Rural,Monthly,45.53,18-07-2019,
CUST_1461,26,Male,Suburban,Monthly,59.53,09-03-2018,
CUST_1462,51,Male,Suburban,Prepaid,49.34,03-04-2022,
CUST_1463,61,Male,Suburban,Yearly,23.3,04-09-2021,
CUST_1464,52,Male,Suburban,Prepaid,53.76,06-09-2018,
CUST_1465,69,Female,Suburban,Prepaid,57.45,10-05-2022,
CUST_1466,43,Female,Suburban,Yearly,67.56,23-05-2023,
CUST_1467,61,Male,Urban,Monthly,63.78,08-01-2018,
CUST_1468,43,Male,Rural,Prepaid,67.97,21-12-2020,
CUST_1469,34,Female,Rural,Prepaid,61.05,12-02-2020,
CUST_1470,27,Female,Suburban,Prepaid,42.63,19-11-2022,
CUST_1471,43,Female,Suburban,Monthly,42.98,20-07-2018,
CUST_1472,63,Female,Urban,Prepaid,64.83,23-08-2020,
CUST_1473,40,Female,Urban,Yearly,44.17,13-01-2023,
CUST_1474,49,Male,Suburban,Prepaid,57.95,04-01-2020,
CUST_1475,34,Male,Urban,Monthly,75.64,08-06-2020,
CUST_1476,67,Female,Urban,Prepaid,40.73,16-03-2018,
CUST_1477,43,Female,Suburban,Prepaid,60.92,03-03-2018,
CUST_1478,34,Male,Suburban,Monthly,37.95,16-06-2021,
CUST_1479,31,Female,Suburban,Monthly,58.8,01-04-2020,
CUST_1480,43,Male,Suburban,Prepaid,74.21,27-08-2021,
CUST_1481,57,Male,Rural,Monthly,70.08,14-05-2022,
CUST_1482,19,Male,Rural,Yearly,44.22,28-08-2022,
CUST_1483,62,Male,Suburban,Prepaid,73.61,31-12-2021,
CUST_1484,42,Female,Urban,Prepaid,46.63,04-04-2021,
CUST_1485,43,Female,Suburban,Monthly,84.33,06-07-2018,
CUST_1486,26,Male,Rural,Monthly,50.49,27-07-2019,
CUST_1487,39,Female,Urban,Prepaid,59.94,28-01-2021,
CUST_1488,60,Female,Rural,Prepaid,59.49,18-05-2020,
CUST_1489,63,Female,Suburban,Monthly,33.59,05-07-2020,
CUST_1490,21,Female,Rural,Yearly,70.64,23-05-2019,
CUST_1491,43,Male,Rural,Monthly,53.29,12-10-2020,
CUST_1492,43,Female,Rural,Prepaid,41.66,29-05-2018,
CUST_1493,62,Male,Urban,Monthly,38.73,07-07-2019,
CUST_1494,51,Male,Rural,Prepaid,40.96,25-08-2021,
CUST_1495,43,Female,Urban,Prepaid,48.85,08-05-2018,
CUST_1496,54,Male,Suburban,Monthly,33.99,04-09-2019,
CUST_1497,28,Female,Suburban,Yearly,37.75,05-06-2018,
CUST_1498,23,Female,Rural,Yearly,24.08,02-06-2019,
CUST_1499,35,Male,Urban,Prepaid,37.86,04-06-2023,
CUST_1500,43,Female,Suburban,Monthly,70.47,10-01-2018,
CUST_1501,59,Male,Urban,Prepaid,68.02,06-01-2023,
CUST_1502,43,Male,Urban,Prepaid,54.05,02-06-2023,
CUST_1503,58,Female,Rural,Yearly,81.59,15-03-2019,
CUST_1504,55,Female,Rural,Yearly,68.22,03-03-2019,
CUST_1505,51,Female,Urban,Prepaid,56.52,11-05-2023,
CUST_1506,43,Male,Urban,Prepaid,58.15,25-08-2018,
CUST_1507,54,Female,Rural,Prepaid,51.33,17-09-2018,
CUST_1508,42,Male,Urban,Monthly,31.11,08-02-2021,
CUST_1509,43,Male,Rural,Yearly,46,14-03-2022,
CUST_1510,29,Female,Urban,Prepaid,11.08,25-10-2018,
CUST_1511,40,Female,Rural,Monthly,33.58,24-01-2023,
CUST_1512,59,Female,Urban,Prepaid,70.82,08-07-2022,
CUST_1513,39,Male,Rural,Prepaid,51.16,01-03-2019,
CUST_1514,38,Female,Urban,Monthly,34.01,04-10-2021,
CUST_1515,43,Male,Suburban,Yearly,57.91,16-07-2019,
CUST_1516,48,Female,Suburban,Prepaid,59.07,09-09-2022,
CUST_1517,43,Female,Urban,Prepaid,73.13,26-05-2018,
CUST_1518,43,Male,Suburban,Prepaid,76.67,14-01-2020,
CUST_1519,43,Male,Urban,Monthly,61.72,14-03-2023,
CUST_1520,51,Female,Urban,Prepaid,27.28,12-12-2019,
CUST_1521,29,Female,Suburban,Monthly,84.21,07-07-2019,
CUST_1522,62,Female,Urban,Prepaid,70.3,08-12-2019,
CUST_1523,24,Female,Rural,Prepaid,62.74,16-11-2018,
CUST_1524,43,Female,Urban,Monthly,49.75,15-06-2019,
CUST_1525,43,Male,Urban,Prepaid,26.75,05-12-2020,
CUST_1526,34,Male,Suburban,Monthly,41.6,07-11-2020,
CUST_1527,43,Male,Rural,Monthly,49.24,09-08-2020,
CUST_1528,43,Male,Urban,Yearly,43.99,18-10-2021,
CUST_1529,45,Female,Urban,Prepaid,66.4,11-01-2022,
CUST_1530,63,Male,Urban,Monthly,48.85,04-09-2018,
CUST_1531,19,Male,Urban,Prepaid,38.35,27-05-2020,
CUST_1532,43,Male,Urban,Yearly,57.51,18-11-2022,
CUST_1533,18,Female,Urban,Monthly,37.56,27-02-2021,
CUST_1534,68,Male,Rural,Prepaid,25.52,22-12-2020,
CUST_1535,53,Female,Rural,Prepaid,57.64,11-07-2022,
CUST_1536,68,Male,Urban,Yearly,48.91,23-05-2021,
CUST_1537,43,Female,Urban,Yearly,52.35,29-07-2021,
CUST_1538,46,Male,Suburban,Yearly,70.64,06-10-2021,
CUST_1539,43,Female,Rural,Yearly,53.76,02-11-2018,
CUST_1540,43,Male,Rural,Yearly,58.54,27-09-2018,
CUST_1541,43,Female,Urban,Monthly,50.26,28-09-2018,
CUST_1542,28,Female,Rural,Prepaid,310.75,04-10-2018,
CUST_1543,53,Male,Rural,Prepaid,18.02,03-06-2022,
CUST_1544,66,Female,Suburban,Monthly,38.38,23-06-2023,
CUST_1545,56,Female,Suburban,Monthly,44.21,26-04-2023,
CUST_1546,43,Male,Rural,Monthly,42.81,31-01-2021,
CUST_1547,52,Male,Rural,Prepaid,38.13,29-01-2022,
CUST_1548,51,Female,Rural,Monthly,48.77,15-06-2020,
CUST_1549,64,Male,Urban,Prepaid,47.96,05-05-2023,
CUST_1550,43,Male,Suburban,Monthly,48.76,20-05-2020,
CUST_1551,39,Male,Urban,Monthly,53.01,10-10-2019,
CUST_1552,22,Female,Suburban,Prepaid,57.47,29-09-2019,
CUST_1553,50,Female,Suburban,Yearly,38.36,30-08-2018,
CUST_1554,53,Female,Suburban,Monthly,42.16,10-12-2022,
CUST_1555,64,Female,Rural,Yearly,63.84,02-01-2020,
CUST_1556,37,Female,Suburban,Prepaid,35.87,14-03-2018,
CUST_1557,36,Female,Urban,Prepaid,37.88,04-02-2021,
CUST_1558,52,Female,Suburban,Prepaid,38.41,16-10-2018,
CUST_1559,69,Male,Urban,Prepaid,47,25-04-2018,
CUST_1560,43,Female,Suburban,Prepaid,64.97,27-07-2022,
CUST_1561,43,Female,Suburban,Prepaid,57.86,12-11-2019,
CUST_1562,62,Male,Rural,Yearly,36.91,02-07-2022,
CUST_1563,60,Male,Urban,Yearly,77.2,15-05-2021,
CUST_1564,43,Male,Suburban,Yearly,39.57,30-10-2018,
CUST_1565,26,Female,Suburban,Yearly,25.68,18-10-2021,
CUST_1566,43,Male,Urban,Monthly,77.36,15-07-2022,
CUST_1567,19,Female,Suburban,Monthly,37.45,29-08-2021,
CUST_1568,26,Female,Rural,Prepaid,48.34,29-07-2021,
CUST_1569,43,Female,Urban,Prepaid,47.99,19-09-2021,
CUST_1570,43,Male,Rural,Monthly,58.73,12-03-2022,
CUST_1571,43,Male,Urban,Yearly,22.45,13-03-2020,
CUST_1572,18,Female,Urban,Monthly,45.49,22-06-2022,
CUST_1573,42,Female,Urban,Yearly,44.5,22-07-2019,
CUST_1574,60,Female,Suburban,Prepaid,71.21,29-04-2019,
CUST_1575,57,Male,Urban,Monthly,41.85,09-05-2022,
CUST_1576,59,Female,Urban,Monthly,45.19,14-09-2022,
CUST_1577,43,Male,Urban,Yearly,61.4,27-07-2022,
CUST_1578,56,Female,Rural,Yearly,57.67,05-07-2018,
CUST_1579,52,Male,Urban,Monthly,39.14,17-09-2018,
CUST_1580,20,Female,Suburban,Prepaid,56.43,17-05-2018,
CUST_1581,43,Male,Urban,Prepaid,38.94,14-10-2022,
CUST_1582,54,Male,Urban,Prepaid,62.05,19-06-2019,
CUST_1583,61,Male,Rural,Yearly,47.6,08-09-2020,
CUST_1584,61,Male,Suburban,Prepaid,31.15,21-08-2020,
CUST_1585,68,Male,Suburban,Prepaid,17.85,23-09-2022,
CUST_1586,47,Male,Suburban,Prepaid,44.36,18-11-2021,
CUST_1587,55,Female,Urban,Yearly,38.24,14-01-2021,
CUST_1588,43,Female,Urban,Monthly,46.41,21-03-2022,
CUST_1589,43,Female,Suburban,Monthly,49.26,16-09-2020,
CUST_1590,36,Female,Suburban,Prepaid,21.29,04-11-2021,
CUST_1591,43,Male,Rural,Prepaid,39.05,02-06-2021,
CUST_1592,61,Female,Suburban,Prepaid,48.06,06-07-2021,
CUST_1593,43,Male,Urban,Yearly,51.5,18-10-2021,
CUST_1594,43,Male,Urban,Yearly,61.97,13-02-2023,
CUST_1595,43,Male,Urban,Monthly,64.56,18-08-2021,
CUST_1596,66,Female,Rural,Prepaid,46.42,02-01-2022,
CUST_1597,64,Male,Suburban,Yearly,47.78,23-08-2018,
CUST_1598,29,Female,Urban,Monthly,42.79,20-03-2020,
CUST_1599,43,Female,Rural,Prepaid,59.84,03-10-2019,
CUST_1600,43,Female,Rural,Prepaid,44.23,28-04-2021,
CUST_1601,36,Female,Urban,Monthly,35.5,06-07-2020,
CUST_1602,25,Female,Rural,Monthly,25.06,21-09-2020,
CUST_1603,48,Male,Rural,Yearly,35.79,12-05-2018,
CUST_1604,38,Male,Urban,Yearly,46.01,24-02-2019,
CUST_1605,34,Female,Rural,Prepaid,64.69,14-06-2023,
CUST_1606,43,Male,Urban,Monthly,50.68,22-12-2019,
CUST_1607,43,Female,Urban,Prepaid,51.72,19-06-2018,
CUST_1608,33,Male,Rural,Monthly,50.05,16-04-2019,
CUST_1609,23,Male,Urban,Monthly,69.2,21-04-2019,
CUST_1610,25,Male,Urban,Monthly,57.62,21-01-2019,
CUST_1611,42,Male,Suburban,Yearly,49.78,29-04-2019,
CUST_1612,35,Male,Urban,Monthly,41.02,27-02-2022,
CUST_1613,43,Male,Suburban,Yearly,31.09,21-05-2022,
CUST_1614,43,Male,Suburban,Prepaid,74.79,21-01-2023,
CUST_1615,43,Male,Suburban,Prepaid,62.05,09-03-2019,
CUST_1616,43,Male,Suburban,Monthly,47.1,14-07-2019,
CUST_1617,58,Male,Rural,Yearly,76.91,03-03-2020,
CUST_1618,62,Male,Rural,Prepaid,49.89,01-12-2019,
CUST_1619,43,Male,Urban,Prepaid,37.75,02-06-2019,
CUST_1620,64,Male,Urban,Monthly,68.32,01-10-2020,
CUST_1621,49,Female,Urban,Monthly,30.79,14-12-2020,
CUST_1622,27,Male,Rural,Yearly,43.99,28-01-2022,
CUST_1623,43,Male,Suburban,Monthly,31.99,28-11-2018,
CUST_1624,24,Male,Rural,Yearly,38.01,16-03-2022,
CUST_1625,43,Male,Rural,Monthly,53,21-03-2021,
CUST_1626,40,Male,Urban,Prepaid,55.06,13-03-2018,
CUST_1627,43,Male,Urban,Monthly,33.47,10-02-2021,
CUST_1628,43,Female,Urban,Monthly,77.14,03-11-2018,
CUST_1629,39,Female,Suburban,Yearly,18.66,30-06-2018,
CUST_1630,24,Female,Suburban,Prepaid,51.94,23-05-2023,
CUST_1631,43,Male,Rural,Prepaid,52.33,14-07-2020,
CUST_1632,32,Male,Suburban,Prepaid,53.95,22-04-2019,
CUST_1633,24,Male,Urban,Monthly,63.19,06-01-2023,
CUST_1634,43,Female,Suburban,Prepaid,4.26,23-02-2022,
CUST_1635,68,Male,Suburban,Monthly,38.39,10-11-2018,
CUST_1636,43,Male,Suburban,Yearly,52.27,24-08-2018,
CUST_1637,43,Female,Suburban,Monthly,75.55,07-02-2021,
CUST_1638,67,Female,Urban,Monthly,41.27,20-01-2020,
CUST_1639,43,Male,Urban,Yearly,47.11,15-05-2022,
CUST_1640,46,Male,Rural,Monthly,60.88,07-04-2018,
CUST_1641,35,Male,Rural,Prepaid,31.86,31-08-2019,
CUST_1642,48,Male,Rural,Prepaid,50.34,09-06-2020,
CUST_1643,47,Female,Suburban,Monthly,48.42,24-08-2020,
CUST_1644,69,Male,Suburban,Prepaid,40.86,27-06-2018,
CUST_1645,56,Male,Urban,Monthly,57.55,11-10-2018,
CUST_1646,43,Female,Rural,Yearly,82.35,21-04-2022,
CUST_1647,35,Male,Urban,Monthly,52.61,12-11-2022,
CUST_1648,59,Male,Rural,Prepaid,16.48,24-01-2019,
CUST_1649,56,Female,Rural,Prepaid,36.93,31-05-2020,
CUST_1650,34,Female,Rural,Yearly,72.19,05-06-2018,
CUST_1651,31,Male,Suburban,Yearly,46.41,26-03-2021,
CUST_1652,43,Female,Rural,Monthly,32.41,21-03-2020,
CUST_1653,41,Female,Rural,Prepaid,61.32,22-12-2021,
CUST_1654,52,Male,Suburban,Monthly,40.42,18-09-2018,
CUST_1655,61,Female,Rural,Prepaid,50.53,29-06-2018,
CUST_1656,62,Male,Suburban,Prepaid,33.02,18-08-2022,
CUST_1657,51,Male,Suburban,Prepaid,43.73,21-05-2019,
CUST_1658,20,Male,Urban,Monthly,49.55,13-06-2018,
CUST_1659,54,Male,Suburban,Prepaid,48.49,26-12-2018,
CUST_1660,43,Female,Suburban,Prepaid,55.62,28-11-2018,
CUST_1661,57,Male,Suburban,Prepaid,53.02,05-11-2020,
CUST_1662,43,Male,Rural,Monthly,34.72,06-01-2023,
CUST_1663,43,Male,Urban,Monthly,75.29,25-07-2018,
CUST_1664,61,Male,Rural,Prepaid,47.65,14-10-2020,
CUST_1665,43,Female,Suburban,Yearly,29.74,20-03-2022,
CUST_1666,32,Female,Suburban,Monthly,16.67,06-07-2020,
CUST_1667,66,Female,Urban,Prepaid,51.13,12-01-2020,
CUST_1668,43,Male,Urban,Prepaid,36.11,08-07-2022,
CUST_1669,46,Female,Suburban,Monthly,58.59,20-07-2020,
CUST_1670,39,Female,Suburban,Prepaid,50.73,04-02-2020,
CUST_1671,42,Male,Rural,Prepaid,109.08,06-07-2019,
CUST_1672,43,Female,Suburban,Monthly,31.09,17-02-2019,
CUST_1673,43,Male,Rural,Monthly,65.87,14-10-2018,
CUST_1674,50,Female,Urban,Monthly,33.66,20-05-2020,
CUST_1675,43,Female,Rural,Monthly,62.46,27-06-2022,
CUST_1676,43,Female,Suburban,Yearly,71.35,24-06-2020,
CUST_1677,59,Female,Rural,Prepaid,44.83,27-04-2020,
CUST_1678,61,Male,Rural,Prepaid,39.06,10-11-2020,
CUST_1679,19,Male,Urban,Yearly,47.65,19-08-2022,
CUST_1680,43,Female,Rural,Monthly,38.85,14-10-2019,
CUST_1681,59,Male,Suburban,Monthly,74.16,25-05-2021,
CUST_1682,43,Female,Rural,Prepaid,47.04,16-10-2018,
CUST_1683,47,Female,Rural,Prepaid,56.59,10-04-2019,
CUST_1684,30,Female,Rural,Prepaid,57.03,30-01-2020,
CUST_1685,43,Female,Suburban,Monthly,63.38,08-07-2021,
CUST_1686,43,Female,Rural,Prepaid,43.22,02-02-2021,
CUST_1687,43,Female,Suburban,Monthly,61.51,25-10-2022,
CUST_1688,49,Male,Rural,Monthly,69.52,26-08-2022,
CUST_1689,52,Male,Urban,Prepaid,47.66,28-08-2019,
CUST_1690,56,Female,Urban,Prepaid,30.01,07-05-2020,
CUST_1691,43,Male,Urban,Prepaid,70.53,16-05-2023,
CUST_1692,69,Female,Suburban,Prepaid,52.6,12-04-2021,
CUST_1693,46,Male,Suburban,Prepaid,50.06,31-08-2019,
CUST_1694,66,Male,Suburban,Prepaid,60.15,09-05-2021,
CUST_1695,46,Male,Rural,Monthly,71.44,02-12-2019,
CUST_1696,43,Female,Suburban,Monthly,46.67,22-04-2023,
CUST_1697,43,Male,Suburban,Prepaid,68.83,27-02-2022,
CUST_1698,61,Female,Suburban,Monthly,51.08,06-02-2020,
CUST_1699,64,Female,Suburban,Yearly,59.36,22-06-2018,
CUST_1700,27,Female,Urban,Monthly,40.9,16-10-2022,
CUST_1701,47,Male,Rural,Prepaid,46.19,20-09-2022,
CUST_1702,43,Male,Urban,Monthly,66.27,15-04-2019,
CUST_1703,56,Male,Rural,Monthly,20.53,05-01-2022,
CUST_1704,43,Female,Rural,Yearly,60.51,24-04-2022,
CUST_1705,22,Female,Urban,Yearly,55.69,20-01-2020,
CUST_1706,18,Male,Suburban,Prepaid,74.92,25-09-2020,
CUST_1707,43,Female,Urban,Monthly,65.09,28-10-2022,
CUST_1708,66,Male,Rural,Yearly,52.65,12-07-2019,
CUST_1709,20,Male,Rural,Yearly,30.92,06-12-2020,
CUST_1710,62,Male,Suburban,Monthly,41.29,15-05-2022,
CUST_1711,31,Male,Urban,Prepaid,46.6,21-11-2021,
CUST_1712,43,Female,Rural,Prepaid,72.38,15-10-2020,
CUST_1713,67,Male,Urban,Monthly,62.01,14-05-2022,
CUST_1714,21,Male,Suburban,Monthly,38.07,11-12-2020,
CUST_1715,35,Male,Suburban,Yearly,280.2,08-02-2021,
CUST_1716,54,Male,Rural,Yearly,43.12,09-09-2021,
CUST_1717,42,Male,Suburban,Prepaid,40.31,06-06-2023,
CUST_1718,65,Male,Rural,Monthly,59.43,21-03-2020,
CUST_1719,18,Male,Rural,Prepaid,47.83,06-05-2020,
CUST_1720,63,Female,Suburban,Monthly,32.54,21-05-2023,
CUST_1721,32,Female,Suburban,Monthly,62.4,08-02-2020,
CUST_1722,43,Female,Urban,Prepaid,52.28,03-11-2019,
CUST_1723,32,Female,Urban,Prepaid,44.5,27-09-2018,
CUST_1724,66,Male,Rural,Prepaid,72.39,04-04-2019,
CUST_1725,41,Female,Urban,Prepaid,65.96,03-05-2021,
CUST_1726,43,Female,Rural,Yearly,51.82,29-10-2021,
CUST_1727,43,Female,Suburban,Prepaid,24.32,08-05-2020,
CUST_1728,43,Male,Suburban,Prepaid,66.66,18-11-2020,
CUST_1729,54,Female,Urban,Prepaid,42.75,27-09-2021,
CUST_1730,60,Female,Rural,Yearly,47.63,30-08-2022,
CUST_1731,23,Male,Rural,Prepaid,45.46,01-02-2021,
CUST_1732,43,Female,Urban,Prepaid,30.57,04-10-2018,
CUST_1733,63,Male,Rural,Monthly,56.79,29-04-2019,
CUST_1734,41,Female,Rural,Prepaid,37.36,21-09-2022,
CUST_1735,28,Male,Suburban,Prepaid,56.01,08-08-2019,
CUST_1736,30,Female,Rural,Monthly,35.96,06-06-2018,
CUST_1737,51,Female,Rural,Prepaid,43.18,09-04-2018,
CUST_1738,42,Female,Rural,Yearly,55.48,15-10-2022,
CUST_1739,24,Male,Urban,Monthly,51.85,01-05-2019,
CUST_1740,69,Female,Urban,Monthly,59.33,05-10-2021,
CUST_1741,21,Male,Urban,Prepaid,60.46,17-07-2019,
CUST_1742,43,Male,Rural,Yearly,69.98,24-09-2020,
CUST_1743,37,Male,Rural,Monthly,49.99,10-09-2020,
CUST_1744,46,Male,Urban,Prepaid,68.1,13-01-2020,
CUST_1745,68,Female,Urban,Prepaid,45.16,06-07-2019,
CUST_1746,43,Female,Rural,Monthly,61.67,20-08-2021,
CUST_1747,43,Female,Rural,Monthly,66.85,06-02-2023,
CUST_1748,27,Male,Suburban,Yearly,66.8,10-01-2021,
CUST_1749,60,Female,Urban,Monthly,28.12,06-12-2020,
CUST_1750,51,Male,Rural,Monthly,2.83,12-06-2023,
CUST_1751,43,Male,Urban,Prepaid,58.33,01-07-2019,
CUST_1752,43,Male,Urban,Monthly,50.04,15-11-2020,
CUST_1753,66,Female,Urban,Yearly,54.21,06-11-2022,
CUST_1754,20,Female,Suburban,Monthly,51.38,25-05-2023,
CUST_1755,23,Male,Rural,Prepaid,44.91,11-11-2022,
CUST_1756,43,Female,Rural,Prepaid,58.59,29-08-2021,
CUST_1757,43,Female,Urban,Prepaid,55.08,25-07-2022,
CUST_1758,64,Male,Rural,Monthly,48.43,13-04-2021,
CUST_1759,40,Male,Suburban,Yearly,50.43,11-03-2022,
CUST_1760,66,Female,Urban,Prepaid,59.25,11-09-2021,
CUST_1761,43,Male,Suburban,Prepaid,41.09,29-03-2020,
CUST_1762,52,Male,Suburban,Monthly,33.32,12-02-2018,
CUST_1763,43,Female,Rural,Yearly,33.09,13-03-2018,
CUST_1764,43,Female,Rural,Monthly,42.37,01-02-2023,
CUST_1765,59,Male,Suburban,Prepaid,72.27,30-06-2019,
CUST_1766,52,Female,Rural,Prepaid,51.99,02-03-2023,
CUST_1767,43,Male,Suburban,Monthly,39.81,02-08-2019,
CUST_1768,43,Male,Suburban,Yearly,53.03,29-03-2019,
CUST_1769,34,Female,Urban,Prepaid,34.34,25-07-2018,
CUST_1770,41,Male,Suburban,Monthly,47.21,25-02-2019,
CUST_1771,20,Male,Suburban,Monthly,43.84,05-10-2020,
CUST_1772,49,Male,Rural,Monthly,30.15,10-12-2018,
CUST_1773,52,Female,Urban,Prepaid,66.4,21-10-2022,
CUST_1774,55,Female,Rural,Yearly,44.35,11-06-2019,
CUST_1775,30,Female,Urban,Monthly,49.42,19-06-2019,
CUST_1776,64,Male,Rural,Monthly,60.45,16-08-2019,
CUST_1777,42,Male,Suburban,Monthly,55.28,19-01-2019,
CUST_1778,26,Female,Urban,Yearly,51.16,26-05-2018,
CUST_1779,21,Female,Urban,Monthly,46.43,28-01-2018,
CUST_1780,43,Female,Urban,Monthly,60.92,29-05-2019,
CUST_1781,54,Male,Urban,Prepaid,49.89,23-09-2018,
CUST_1782,43,Female,Rural,Prepaid,52.16,09-11-2020,
CUST_1783,43,Male,Rural,Prepaid,66.69,09-01-2023,
CUST_1784,58,Female,Urban,Yearly,67.54,05-11-2020,
CUST_1785,20,Male,Urban,Yearly,54.03,29-11-2022,
CUST_1786,43,Male,Urban,Prepaid,51.57,20-08-2020,
CUST_1787,43,Female,Rural,Prepaid,59.84,06-06-2021,
CUST_1788,26,Male,Urban,Prepaid,46.23,26-12-2019,
CUST_1789,20,Female,Urban,Yearly,46.26,19-05-2022,
CUST_1790,42,Male,Urban,Prepaid,49.06,24-04-2020,
CUST_1791,43,Male,Rural,Monthly,34.72,22-07-2018,
CUST_1792,43,Female,Suburban,Yearly,85.44,17-10-2020,
CUST_1793,59,Male,Suburban,Monthly,44,03-01-2018,
CUST_1794,26,Female,Rural,Yearly,57.01,07-04-2020,
CUST_1795,32,Female,Suburban,Monthly,49.75,02-11-2019,
CUST_1796,57,Female,Urban,Monthly,60.32,29-08-2018,
CUST_1797,43,Male,Urban,Monthly,44.24,03-05-2023,
CUST_1798,43,Male,Rural,Prepaid,53.25,01-03-2021,
CUST_1799,43,Male,Rural,Yearly,37.25,20-01-2023,
CUST_1800,43,Female,Suburban,Monthly,68.21,27-07-2020,
CUST_1801,41,Female,Suburban,Prepaid,59.92,08-07-2022,
CUST_1802,32,Male,Urban,Prepaid,28.75,26-02-2021,
CUST_1803,43,Male,Rural,Prepaid,50.21,05-02-2018,
CUST_1804,25,Female,Suburban,Monthly,29.14,06-06-2018,
CUST_1805,43,Male,Suburban,Prepaid,38.01,21-08-2022,
CUST_1806,65,Female,Urban,Yearly,63.81,29-08-2019,
CUST_1807,43,Male,Urban,Prepaid,12.71,27-10-2018,
CUST_1808,35,Female,Urban,Prepaid,65.68,09-11-2019,
CUST_1809,23,Male,Urban,Monthly,55.68,08-01-2020,
CUST_1810,54,Male,Suburban,Monthly,244,26-03-2022,
CUST_1811,43,Female,Rural,Yearly,63.17,27-02-2022,
CUST_1812,43,Female,Rural,Monthly,90.54,10-07-2022,
CUST_1813,43,Female,Urban,Prepaid,30.06,27-06-2018,
CUST_1814,22,Male,Urban,Monthly,75.4,01-02-2023,
CUST_1815,30,Female,Suburban,Prepaid,64.5,09-11-2019,
CUST_1816,34,Female,Urban,Prepaid,39.43,11-03-2021,
CUST_1817,43,Male,Rural,Prepaid,57.87,17-09-2019,
CUST_1818,57,Female,Urban,Monthly,33.32,03-03-2019,
CUST_1819,62,Female,Rural,Prepaid,42.61,12-01-2019,
CUST_1820,43,Female,Urban,Prepaid,18.42,05-03-2022,
CUST_1821,43,Male,Urban,Prepaid,29.77,16-06-2019,
CUST_1822,68,Male,Rural,Prepaid,55.73,03-07-2019,
CUST_1823,20,Male,Suburban,Prepaid,57.05,05-08-2021,
CUST_1824,43,Female,Suburban,Prepaid,56.89,26-03-2021,
CUST_1825,51,Male,Urban,Prepaid,59.54,24-06-2018,
CUST_1826,57,Female,Urban,Prepaid,51.78,01-08-2019,
CUST_1827,43,Female,Rural,Prepaid,60.18,17-03-2023,
CUST_1828,43,Female,Rural,Yearly,66.1,22-05-2019,
CUST_1829,43,Male,Urban,Monthly,53.7,15-10-2020,
CUST_1830,50,Male,Rural,Monthly,217.4,10-12-2018,
CUST_1831,43,Female,Suburban,Yearly,47.82,19-02-2023,
CUST_1832,43,Female,Suburban,Prepaid,37.46,03-07-2020,
CUST_1833,36,Male,Rural,Prepaid,62.77,13-03-2020,
CUST_1834,33,Male,Rural,Yearly,25.92,16-05-2019,
CUST_1835,43,Male,Rural,Monthly,47.61,25-03-2023,
CUST_1836,43,Female,Suburban,Yearly,58.54,13-10-2020,
CUST_1837,43,Male,Urban,Yearly,34.7,07-06-2023,
CUST_1838,65,Male,Rural,Prepaid,29.03,01-07-2021,
CUST_1839,58,Male,Rural,Yearly,15.81,16-06-2018,
CUST_1840,30,Female,Rural,Yearly,45.74,19-01-2019,
CUST_1841,43,Male,Urban,Prepaid,32.85,11-12-2022,
CUST_1842,43,Female,Rural,Yearly,63.15,08-05-2020,
CUST_1843,43,Female,Rural,Prepaid,26.73,03-05-2020,
CUST_1844,43,Female,Suburban,Monthly,57.93,11-04-2023,
CUST_1845,53,Male,Rural,Prepaid,30.47,10-12-2021,
CUST_1846,43,Male,Suburban,Prepaid,27.3,17-04-2021,
CUST_1847,55,Male,Urban,Monthly,31.95,30-11-2021,
CUST_1848,43,Female,Rural,Prepaid,66.13,04-07-2020,
CUST_1849,22,Male,Rural,Monthly,31.96,08-04-2019,
CUST_1850,60,Female,Suburban,Monthly,67.13,01-08-2020,
CUST_1851,62,Male,Urban,Prepaid,53.04,05-01-2021,
CUST_1852,68,Male,Urban,Prepaid,42.22,06-12-2018,
CUST_1853,48,Male,Suburban,Monthly,34.22,28-03-2019,
CUST_1854,43,Male,Urban,Yearly,78.57,08-02-2018,
CUST_1855,59,Female,Urban,Monthly,41.17,01-05-2022,
CUST_1856,43,Female,Urban,Monthly,41.24,21-01-2022,
CUST_1857,49,Female,Urban,Monthly,71.77,03-03-2019,
CUST_1858,60,Female,Urban,Prepaid,74.43,20-07-2018,
CUST_1859,47,Male,Urban,Monthly,47.9,05-03-2022,
CUST_1860,43,Female,Urban,Yearly,67.76,25-06-2020,
CUST_1861,48,Female,Urban,Monthly,40.81,06-07-2018,
CUST_1862,43,Female,Rural,Monthly,83.7,04-09-2022,
CUST_1863,43,Male,Suburban,Monthly,30.33,18-06-2019,
CUST_1864,19,Female,Urban,Monthly,36.29,17-12-2019,
CUST_1865,43,Female,Suburban,Monthly,69.69,18-04-2018,
CUST_1866,30,Male,Urban,Monthly,45.66,12-03-2022,
CUST_1867,43,Male,Urban,Monthly,70.58,29-01-2021,
CUST_1868,43,Female,Rural,Prepaid,43.01,01-07-2019,
CUST_1869,56,Female,Suburban,Monthly,59.89,20-11-2021,
CUST_1870,19,Male,Suburban,Yearly,39.61,14-07-2020,
CUST_1871,49,Female,Rural,Prepaid,48.86,13-03-2021,
CUST_1872,43,Male,Rural,Yearly,30.79,19-01-2020,
CUST_1873,43,Female,Suburban,Prepaid,49.28,28-08-2021,
CUST_1874,43,Female,Urban,Prepaid,36.83,27-06-2021,
CUST_1875,43,Female,Urban,Monthly,81.09,24-09-2019,
CUST_1876,58,Female,Suburban,Monthly,45.19,09-07-2022,
CUST_1877,34,Female,Urban,Monthly,32.04,21-06-2020,
CUST_1878,43,Male,Rural,Prepaid,301.9,01-09-2019,
CUST_1879,43,Male,Rural,Prepaid,31.88,18-09-2021,
CUST_1880,51,Female,Rural,Monthly,63.15,21-01-2020,
CUST_1881,41,Female,Suburban,Prepaid,41.63,07-02-2023,
CUST_1882,43,Female,Suburban,Monthly,49.43,01-05-2019,
CUST_1883,52,Male,Suburban,Monthly,47.15,05-10-2019,
CUST_1884,65,Male,Urban,Monthly,46.19,28-12-2018,
CUST_1885,43,Male,Suburban,Prepaid,50.93,05-03-2018,
CUST_1886,36,Male,Suburban,Prepaid,40.05,01-06-2022,
CUST_1887,43,Male,Rural,Prepaid,33.62,28-04-2019,
CUST_1888,24,Male,Urban,Prepaid,50.58,31-05-2018,
CUST_1889,43,Male,Urban,Monthly,44.03,17-03-2019,
CUST_1890,58,Male,Rural,Yearly,30.82,23-02-2023,
CUST_1891,49,Female,Urban,Prepaid,59.21,13-02-2020,
CUST_1892,51,Male,Suburban,Prepaid,49.75,02-10-2018,
CUST_1893,45,Male,Urban,Prepaid,33.7,29-01-2020,
CUST_1894,32,Male,Rural,Yearly,46.43,22-11-2018,
CUST_1895,47,Male,Urban,Prepaid,47.83,05-05-2018,
CUST_1896,54,Female,Rural,Yearly,34.54,21-11-2022,
CUST_1897,46,Male,Suburban,Prepaid,97.44,03-10-2021,
CUST_1898,43,Female,Suburban,Prepaid,49.88,24-09-2021,
CUST_1899,21,Female,Rural,Prepaid,46.7,10-05-2018,
CUST_1900,43,Female,Suburban,Monthly,86.55,03-12-2019,
CUST_1901,43,Male,Suburban,Monthly,56.85,16-11-2018,
CUST_1902,53,Male,Urban,Monthly,68.13,20-09-2018,
CUST_1903,43,Male,Suburban,Prepaid,51.41,16-08-2018,
CUST_1904,43,Female,Rural,Prepaid,50.96,06-01-2018,
CUST_1905,44,Female,Suburban,Prepaid,37.17,24-08-2020,
CUST_1906,43,Female,Urban,Monthly,60.03,04-11-2022,
CUST_1907,29,Female,Rural,Prepaid,77.73,13-11-2018,
CUST_1908,39,Male,Suburban,Monthly,73.66,25-01-2018,
CUST_1909,34,Male,Suburban,Prepaid,31.84,21-10-2022,
CUST_1910,43,Male,Suburban,Prepaid,77.89,26-06-2019,
CUST_1911,43,Female,Rural,Monthly,37.59,02-12-2019,
CUST_1912,39,Female,Urban,Prepaid,35.89,27-10-2018,
CUST_1913,43,Male,Rural,Monthly,36.71,27-05-2018,
CUST_1914,35,Male,Rural,Prepaid,44.13,13-04-2022,
CUST_1915,67,Female,Urban,Prepaid,21.01,24-06-2018,
CUST_1916,43,Male,Rural,Yearly,50.79,09-06-2023,
CUST_1917,43,Male,Rural,Prepaid,46.11,21-08-2021,
CUST_1918,43,Female,Suburban,Monthly,50.62,22-01-2023,
CUST_1919,29,Female,Rural,Yearly,42.56,10-01-2020,
CUST_1920,53,Female,Suburban,Prepaid,26.12,13-03-2023,
CUST_1921,43,Male,Rural,Yearly,46.09,07-02-2018,
CUST_1922,69,Female,Suburban,Prepaid,68.31,13-07-2022,
CUST_1923,29,Male,Suburban,Monthly,34.85,26-01-2019,
CUST_1924,24,Male,Suburban,Monthly,36.84,05-02-2019,
CUST_1925,46,Female,Urban,Yearly,56.82,18-01-2022,
CUST_1926,28,Male,Rural,Monthly,31.43,12-03-2021,
CUST_1927,50,Female,Rural,Monthly,53.39,21-05-2020,
CUST_1928,43,Female,Rural,Monthly,56.66,02-04-2018,
CUST_1929,43,Male,Urban,Prepaid,41.55,27-04-2021,
CUST_1930,43,Male,Suburban,Monthly,38.75,11-12-2020,
CUST_1931,43,Female,Rural,Prepaid,28.86,29-01-2022,
CUST_1932,68,Female,Urban,Monthly,38.13,22-07-2019,
CUST_1933,28,Female,Urban,Monthly,58.52,02-12-2019,
CUST_1934,43,Female,Rural,Yearly,62.57,29-05-2018,
CUST_1935,43,Female,Suburban,Monthly,50.96,24-08-2019,
CUST_1936,43,Female,Urban,Monthly,40.78,03-05-2023,
CUST_1937,63,Male,Rural,Prepaid,51.1,21-06-2022,
CUST_1938,51,Male,Suburban,Prepaid,37.73,13-07-2022,
CUST_1939,46,Male,Urban,Monthly,52.69,31-12-2021,
CUST_1940,43,Male,Urban,Monthly,61.2,08-07-2022,
CUST_1941,34,Female,Rural,Monthly,43.02,31-08-2018,
CUST_1942,43,Male,Rural,Monthly,37.95,22-02-2018,
CUST_1943,43,Male,Suburban,Prepaid,42.68,27-07-2018,
CUST_1944,43,Female,Rural,Monthly,66.31,17-09-2018,
CUST_1945,43,Male,Rural,Prepaid,91.87,03-02-2021,
CUST_1946,32,Female,Suburban,Prepaid,59.73,19-08-2019,
CUST_1947,46,Female,Rural,Prepaid,48.9,17-09-2018,
CUST_1948,43,Female,Suburban,Monthly,35.4,11-12-2020,
CUST_1949,28,Female,Suburban,Monthly,34.47,01-10-2022,
CUST_1950,69,Female,Suburban,Prepaid,56.41,09-03-2022,
CUST_1951,49,Male,Rural,Monthly,38.3,17-06-2019,
CUST_1952,19,Male,Suburban,Prepaid,65.34,11-02-2022,
CUST_1953,64,Male,Rural,Yearly,40.95,09-05-2020,
CUST_1954,31,Female,Suburban,Monthly,71.35,31-12-2018,
CUST_1955,43,Male,Rural,Prepaid,43.86,07-09-2019,
CUST_1956,39,Male,Suburban,Yearly,67,14-10-2020,
CUST_1957,43,Male,Urban,Prepaid,60.1,30-09-2020,
CUST_1958,43,Male,Urban,Monthly,62.7,31-10-2020,
CUST_1959,20,Female,Urban,Monthly,48.97,09-01-2023,
CUST_1960,43,Male,Suburban,Prepaid,40.04,05-09-2022,
CUST_1961,43,Female,Rural,Monthly,65.14,24-08-2022,
CUST_1962,45,Female,Suburban,Prepaid,76.9,19-02-2020,
CUST_1963,46,Male,Suburban,Yearly,34.96,30-01-2023,
CUST_1964,38,Female,Suburban,Prepaid,57.13,09-05-2022,
CUST_1965,43,Female,Suburban,Prepaid,57.08,19-10-2022,
CUST_1966,33,Female,Rural,Monthly,52.49,11-06-2023,
CUST_1967,43,Female,Suburban,Prepaid,71.47,07-09-2019,
CUST_1968,37,Female,Urban,Monthly,38.37,24-08-2022,
CUST_1969,43,Female,Urban,Yearly,66.48,25-04-2019,
CUST_1970,36,Female,Urban,Monthly,45.84,16-07-2018,
CUST_1971,43,Male,Suburban,Prepaid,14.95,04-05-2022,
CUST_1972,20,Male,Rural,Monthly,28.14,25-05-2023,
CUST_1973,18,Female,Rural,Yearly,50.54,09-05-2021,
CUST_1974,55,Female,Rural,Prepaid,68.3,07-01-2022,
CUST_1975,32,Male,Suburban,Monthly,66.22,18-10-2022,
CUST_1976,51,Male,Rural,Prepaid,51.58,25-05-2020,
CUST_1977,43,Male,Urban,Yearly,32.82,20-08-2018,
CUST_1978,66,Male,Rural,Monthly,31.89,07-09-2020,
CUST_1979,42,Female,Suburban,Yearly,56.31,03-08-2022,
CUST_1980,41,Female,Suburban,Yearly,49.37,22-12-2018,
CUST_1981,29,Male,Rural,Prepaid,64.56,17-01-2019,
CUST_1982,35,Male,Suburban,Prepaid,45.02,27-01-2022,
CUST_1983,32,Male,Rural,Prepaid,38.42,19-08-2021,
CUST_1984,43,Male,Rural,Prepaid,45.83,19-10-2022,
CUST_1985,33,Female,Urban,Monthly,49.8,02-02-2023,
CUST_1986,44,Male,Suburban,Monthly,97.55,15-03-2023,
CUST_1987,25,Male,Urban,Prepaid,57.09,11-08-2019,
CUST_1988,63,Male,Suburban,Monthly,52.14,29-08-2022,
CUST_1989,42,Female,Rural,Monthly,64.21,10-06-2020,
CUST_1990,43,Female,Suburban,Prepaid,61.7,24-03-2023,
CUST_1991,43,Female,Rural,Prepaid,66.25,23-05-2022,
CUST_1992,25,Male,Suburban,Monthly,75.21,06-01-2023,
CUST_1993,43,Male,Urban,Monthly,52.09,23-11-2020,
CUST_1994,44,Male,Urban,Yearly,16.9,20-03-2018,
CUST_1995,43,Female,Rural,Prepaid,62.92,25-08-2018,
CUST_1996,67,Female,Urban,Monthly,67.99,09-08-2021,
CUST_1997,69,Male,Rural,Monthly,46.59,30-05-2023,
CUST_1998,43,Male,Rural,Prepaid,19.75,12-02-2023,
CUST_1999,20,Female,Rural,Prepaid,65.6,24-09-2019,
CUST_2000,46,Male,Suburban,Prepaid,49.71,10-05-2020,
CUST_2001,61,Male,Rural,Prepaid,29.98,12-09-2022,
CUST_2002,41,Male,Urban,Prepaid,45.99,17-01-2018,
CUST_2003,43,Female,Suburban,Monthly,49.93,25-08-2021,
CUST_2004,37,Male,Urban,Monthly,45.98,30-04-2018,
CUST_2005,63,Male,Rural,Monthly,42.42,11-12-2018,
CUST_2006,32,Male,Rural,Prepaid,64.28,06-03-2019,
CUST_2007,42,Male,Urban,Monthly,70.27,19-07-2019,
CUST_2008,43,Female,Suburban,Monthly,78.98,21-06-2020,
CUST_2009,43,Female,Urban,Yearly,34.94,21-12-2022,
CUST_2010,24,Female,Rural,Yearly,69.51,25-02-2021,
CUST_2011,43,Male,Suburban,Monthly,52.86,03-02-2019,
CUST_2012,61,Female,Rural,Monthly,55.64,01-05-2023,
CUST_2013,43,Male,Rural,Prepaid,68.22,09-11-2022,
CUST_2014,43,Female,Urban,Prepaid,49.25,13-10-2021,
CUST_2015,26,Male,Rural,Yearly,47.26,07-11-2022,
CUST_2016,55,Female,Urban,Monthly,39.6,08-04-2019,
CUST_2017,65,Female,Suburban,Monthly,32.5,11-03-2019,
CUST_2018,43,Female,Rural,Yearly,40.51,01-04-2019,
CUST_2019,43,Male,Rural,Monthly,52.57,26-07-2018,
CUST_2020,41,Male,Suburban,Prepaid,49.25,08-01-2018,
CUST_2021,43,Male,Urban,Prepaid,44.29,28-06-2018,
CUST_2022,43,Female,Rural,Prepaid,44.75,21-01-2019,
CUST_2023,43,Male,Suburban,Monthly,65.77,30-07-2018,
CUST_2024,34,Male,Rural,Monthly,52.63,18-10-2019,
CUST_2025,43,Male,Urban,Yearly,35.1,07-06-2022,
CUST_2026,38,Male,Urban,Monthly,50.87,06-08-2022,
CUST_2027,35,Male,Urban,Prepaid,59.24,19-04-2022,
CUST_2028,47,Male,Urban,Prepaid,64.35,26-09-2019,
CUST_2029,43,Female,Suburban,Monthly,58.46,01-02-2019,
CUST_2030,43,Female,Rural,Yearly,62.73,25-04-2022,
CUST_2031,64,Male,Suburban,Prepaid,57.59,18-08-2018,
CUST_2032,48,Female,Urban,Yearly,19.9,09-05-2023,
CUST_2033,43,Female,Urban,Prepaid,47.6,24-11-2022,
CUST_2034,49,Male,Urban,Prepaid,48.65,10-09-2020,
CUST_2035,28,Male,Urban,Yearly,80.59,11-03-2018,
CUST_2036,62,Female,Rural,Prepaid,61.39,22-02-2022,
CUST_2037,42,Male,Urban,Monthly,45.64,01-08-2018,
CUST_2038,43,Female,Rural,Prepaid,38.41,28-11-2018,
CUST_2039,43,Female,Urban,Yearly,44.84,01-11-2018,
CUST_2040,43,Female,Rural,Yearly,37.87,06-03-2023,
CUST_2041,43,Male,Rural,Yearly,82.7,16-01-2018,
CUST_2042,28,Female,Urban,Prepaid,49.77,12-06-2022,
CUST_2043,39,Male,Suburban,Prepaid,62.37,27-09-2020,
CUST_2044,43,Male,Suburban,Monthly,57.73,09-02-2020,
CUST_2045,41,Male,Suburban,Prepaid,59.86,25-07-2021,
CUST_2046,58,Male,Suburban,Monthly,36.79,14-08-2020,
CUST_2047,34,Male,Suburban,Monthly,70.06,31-12-2020,
CUST_2048,29,Female,Urban,Prepaid,48.68,26-01-2018,
CUST_2049,63,Male,Urban,Monthly,72.51,14-10-2020,
CUST_2050,49,Male,Urban,Yearly,56.39,23-05-2022,
CUST_2051,32,Male,Urban,Yearly,76.31,25-01-2023,
CUST_2052,33,Male,Urban,Prepaid,59,20-08-2022,
CUST_2053,39,Male,Urban,Prepaid,47.22,20-01-2018,
CUST_2054,43,Female,Rural,Prepaid,71.08,28-11-2018,
CUST_2055,43,Male,Rural,Prepaid,52.07,26-02-2019,
CUST_2056,50,Male,Urban,Prepaid,58.07,30-04-2020,
CUST_2057,43,Female,Urban,Yearly,51.34,17-10-2019,
CUST_2058,57,Male,Rural,Prepaid,41.89,10-09-2022,
CUST_2059,43,Female,Rural,Prepaid,47.61,28-08-2022,
CUST_2060,67,Female,Urban,Prepaid,60.67,25-03-2021,
CUST_2061,50,Female,Rural,Prepaid,64.58,25-10-2022,
CUST_2062,43,Female,Suburban,Prepaid,19.71,24-07-2019,
CUST_2063,50,Male,Suburban,Monthly,54.8,06-01-2020,
CUST_2064,43,Male,Suburban,Monthly,48.83,28-01-2023,
CUST_2065,58,Female,Rural,Prepaid,29.45,24-09-2020,
CUST_2066,30,Female,Urban,Prepaid,62.86,23-03-2018,
CUST_2067,43,Male,Urban,Monthly,77.1,17-11-2019,
CUST_2068,50,Female,Urban,Prepaid,72.23,04-01-2022,
CUST_2069,30,Female,Rural,Prepaid,15,26-08-2022,
CUST_2070,69,Female,Rural,Yearly,54.87,09-03-2019,
CUST_2071,43,Male,Suburban,Monthly,40.26,12-08-2020,
CUST_2072,39,Female,Rural,Monthly,43.28,11-09-2021,
CUST_2073,56,Male,Suburban,Yearly,46.22,06-08-2022,
CUST_2074,19,Male,Suburban,Monthly,16.66,28-01-2022,
CUST_2075,43,Male,Urban,Yearly,19.13,16-01-2021,
CUST_2076,56,Female,Rural,Yearly,51.28,17-12-2021,
CUST_2077,43,Female,Urban,Prepaid,53.72,02-09-2019,
CUST_2078,43,Male,Urban,Yearly,47.07,11-05-2021,
CUST_2079,43,Male,Rural,Prepaid,31.27,25-11-2022,
CUST_2080,32,Male,Rural,Prepaid,43.94,23-10-2020,
CUST_2081,43,Female,Suburban,Yearly,71.68,29-08-2022,
CUST_2082,59,Female,Suburban,Yearly,44.56,14-07-2018,
CUST_2083,61,Male,Suburban,Monthly,42.46,31-12-2018,
CUST_2084,66,Male,Suburban,Prepaid,68.55,21-01-2023,
CUST_2085,57,Female,Urban,Monthly,46.76,11-07-2022,
CUST_2086,28,Male,Urban,Monthly,60.21,29-01-2021,
CUST_2087,20,Female,Rural,Prepaid,56.91,01-05-2023,
CUST_2088,23,Female,Suburban,Yearly,36.62,19-06-2023,
CUST_2089,26,Male,Suburban,Prepaid,35.14,31-05-2019,
CUST_2090,23,Male,Suburban,Prepaid,29.78,05-02-2019,
CUST_2091,26,Female,Urban,Prepaid,34.85,16-10-2018,
CUST_2092,56,Female,Rural,Prepaid,62.4,11-07-2019,
CUST_2093,48,Female,Urban,Monthly,37.67,26-03-2022,
CUST_2094,49,Female,Rural,Prepaid,47.93,02-08-2020,
CUST_2095,58,Female,Rural,Monthly,45.78,04-08-2022,
CUST_2096,67,Male,Urban,Prepaid,55.69,11-09-2019,
CUST_2097,29,Female,Urban,Monthly,29.53,18-10-2020,
CUST_2098,25,Female,Rural,Monthly,66.47,05-04-2022,
CUST_2099,25,Female,Urban,Prepaid,71.54,26-12-2020,
CUST_2100,67,Male,Urban,Monthly,49.62,10-02-2021,
CUST_2101,45,Male,Rural,Monthly,16.41,18-10-2020,
CUST_2102,37,Female,Rural,Monthly,37.11,14-11-2021,
CUST_2103,43,Female,Suburban,Monthly,54.74,17-04-2023,
CUST_2104,24,Male,Urban,Yearly,55.58,12-01-2019,
CUST_2105,43,Male,Rural,Yearly,46.13,10-07-2019,
CUST_2106,37,Male,Urban,Prepaid,66.51,24-09-2019,
CUST_2107,43,Male,Urban,Monthly,41.36,07-03-2020,
CUST_2108,21,Female,Rural,Prepaid,64.76,25-10-2020,
CUST_2109,23,Male,Suburban,Prepaid,50.02,06-09-2021,
CUST_2110,39,Female,Rural,Prepaid,41.51,11-07-2021,
CUST_2111,43,Female,Rural,Yearly,60.97,15-01-2018,
CUST_2112,20,Male,Urban,Monthly,49.34,03-02-2021,
CUST_2113,58,Male,Suburban,Prepaid,63.31,23-03-2021,
CUST_2114,59,Male,Rural,Prepaid,93.6,11-10-2021,
CUST_2115,31,Male,Urban,Yearly,35.99,31-08-2019,
CUST_2116,28,Female,Rural,Prepaid,63.21,10-06-2019,
CUST_2117,43,Female,Urban,Prepaid,59.57,29-05-2019,
CUST_2118,43,Female,Rural,Yearly,76.69,25-11-2020,
CUST_2119,40,Male,Suburban,Monthly,63.71,14-08-2020,
CUST_2120,43,Female,Rural,Prepaid,73.59,13-12-2019,
CUST_2121,30,Male,Urban,Monthly,35.24,31-05-2022,
CUST_2122,42,Female,Rural,Yearly,30.87,09-05-2019,
CUST_2123,62,Male,Suburban,Yearly,35.89,21-02-2019,
CUST_2124,68,Female,Suburban,Prepaid,47.65,11-06-2019,
CUST_2125,36,Female,Suburban,Prepaid,70.74,17-02-2023,
CUST_2126,43,Male,Suburban,Prepaid,74.09,06-05-2022,
CUST_2127,53,Female,Urban,Monthly,44.53,07-04-2020,
CUST_2128,62,Female,Rural,Monthly,48.32,11-06-2023,
CUST_2129,25,Male,Suburban,Prepaid,32.42,03-04-2020,
CUST_2130,43,Male,Rural,Monthly,51.09,21-07-2020,
CUST_2131,49,Male,Urban,Monthly,47.03,19-11-2018,
CUST_2132,43,Male,Rural,Monthly,47.07,16-08-2018,
CUST_2133,61,Male,Rural,Yearly,67.71,06-02-2022,
CUST_2134,35,Female,Suburban,Monthly,56.07,30-07-2019,
CUST_2135,23,Male,Suburban,Prepaid,30.39,05-01-2018,
CUST_2136,35,Female,Urban,Monthly,11.75,29-09-2021,
CUST_2137,36,Female,Rural,Yearly,58.28,06-06-2019,
CUST_2138,39,Male,Urban,Prepaid,53.49,22-03-2018,
CUST_2139,54,Female,Urban,Yearly,55.66,11-11-2019,
CUST_2140,43,Female,Urban,Prepaid,53.49,02-12-2021,
CUST_2141,43,Male,Suburban,Prepaid,32.83,17-07-2021,
CUST_2142,20,Female,Suburban,Prepaid,47.15,28-02-2022,
CUST_2143,43,Male,Rural,Yearly,45.42,27-01-2018,
CUST_2144,27,Male,Rural,Monthly,48.78,26-09-2022,
CUST_2145,68,Male,Rural,Prepaid,63.18,24-08-2019,
CUST_2146,43,Female,Suburban,Yearly,41.34,08-04-2020,
CUST_2147,46,Female,Suburban,Monthly,32.66,12-04-2022,
CUST_2148,43,Female,Urban,Yearly,70.1,17-10-2022,
CUST_2149,50,Female,Suburban,Prepaid,39.05,07-05-2022,
CUST_2150,24,Male,Urban,Prepaid,67.29,05-10-2021,
CUST_2151,29,Female,Urban,Monthly,82.27,01-02-2018,
CUST_2152,43,Male,Suburban,Monthly,72.61,29-04-2019,
CUST_2153,47,Female,Urban,Monthly,59.97,15-02-2022,
CUST_2154,38,Female,Urban,Monthly,47.03,17-01-2022,
CUST_2155,48,Female,Rural,Monthly,318.5,11-05-2021,
CUST_2156,41,Female,Urban,Prepaid,49.66,08-07-2021,
CUST_2157,43,Female,Suburban,Monthly,71.23,31-07-2020,
CUST_2158,54,Male,Suburban,Prepaid,59.58,22-02-2023,
CUST_2159,21,Female,Urban,Prepaid,55.67,29-08-2020,
CUST_2160,45,Female,Rural,Prepaid,50.74,06-07-2019,
CUST_2161,61,Female,Suburban,Monthly,42.59,14-06-2019,
CUST_2162,37,Female,Suburban,Yearly,49.97,13-11-2018,
CUST_2163,41,Male,Rural,Prepaid,54.39,10-12-2018,
CUST_2164,67,Female,Urban,Prepaid,46.15,20-04-2019,
CUST_2165,43,Male,Suburban,Prepaid,54.47,23-07-2018,
CUST_2166,68,Female,Urban,Yearly,64.78,19-05-2021,
CUST_2167,43,Male,Urban,Monthly,54.16,08-06-2018,
CUST_2168,58,Male,Urban,Yearly,41.98,31-07-2020,
CUST_2169,53,Male,Urban,Yearly,8.67,01-03-2020,
CUST_2170,43,Male,Suburban,Prepaid,68.21,16-04-2019,
CUST_2171,53,Male,Rural,Prepaid,48.34,07-02-2020,
CUST_2172,19,Female,Suburban,Monthly,53.01,27-04-2019,
CUST_2173,43,Male,Rural,Prepaid,58.17,11-10-2022,
CUST_2174,51,Female,Urban,Prepaid,58.18,24-09-2019,
CUST_2175,43,Male,Rural,Prepaid,61.37,20-10-2018,
CUST_2176,23,Male,Urban,Monthly,65.13,21-07-2022,
CUST_2177,56,Female,Suburban,Monthly,61.33,28-07-2019,
CUST_2178,59,Male,Suburban,Prepaid,3.24,23-08-2022,
CUST_2179,68,Male,Rural,Monthly,55.89,18-06-2018,
CUST_2180,43,Male,Urban,Prepaid,53.82,04-07-2022,
CUST_2181,29,Male,Urban,Monthly,46.21,02-06-2021,
CUST_2182,43,Female,Rural,Monthly,57.19,24-02-2018,
CUST_2183,62,Male,Urban,Prepaid,50.3,20-02-2022,
CUST_2184,35,Male,Urban,Monthly,41.48,09-06-2022,
CUST_2185,57,Female,Urban,Monthly,68.55,04-03-2021,
CUST_2186,43,Female,Suburban,Prepaid,55.22,05-11-2022,
CUST_2187,32,Male,Suburban,Prepaid,52.59,17-12-2019,
CUST_2188,43,Male,Suburban,Yearly,18.75,11-11-2019,
CUST_2189,43,Female,Urban,Prepaid,81.93,07-11-2018,
CUST_2190,43,Male,Suburban,Monthly,22.04,02-06-2021,
CUST_2191,25,Female,Urban,Yearly,57.86,22-08-2018,
CUST_2192,53,Male,Urban,Prepaid,60.69,05-02-2019,
CUST_2193,65,Female,Rural,Prepaid,74.67,30-01-2018,
CUST_2194,47,Female,Urban,Yearly,35.58,13-08-2021,
CUST_2195,40,Female,Suburban,Prepaid,37.87,27-10-2019,
CUST_2196,59,Male,Suburban,Monthly,62.01,27-10-2019,
CUST_2197,61,Male,Urban,Monthly,59.76,24-01-2021,
CUST_2198,43,Male,Suburban,Monthly,75.53,06-09-2021,
CUST_2199,43,Male,Urban,Yearly,66.31,07-06-2020,
CUST_2200,19,Female,Rural,Yearly,44.92,18-02-2021,
CUST_2201,54,Female,Urban,Monthly,48.33,22-05-2018,
CUST_2202,22,Female,Urban,Yearly,57.85,08-03-2022,
CUST_2203,55,Male,Rural,Yearly,27.07,16-10-2019,
CUST_2204,62,Male,Suburban,Yearly,58.42,24-12-2018,
CUST_2205,58,Male,Rural,Monthly,59.5,24-07-2021,
CUST_2206,64,Female,Rural,Prepaid,37.85,21-11-2020,
CUST_2207,43,Male,Urban,Monthly,46.81,02-11-2020,
CUST_2208,43,Male,Urban,Prepaid,20.27,19-07-2022,
CUST_2209,43,Female,Rural,Prepaid,63.93,22-05-2020,
CUST_2210,37,Female,Suburban,Prepaid,56.27,14-08-2019,
CUST_2211,19,Male,Rural,Yearly,30.4,29-11-2022,
CUST_2212,43,Female,Suburban,Prepaid,34.1,09-08-2021,
CUST_2213,43,Male,Rural,Monthly,43.48,26-08-2022,
CUST_2214,34,Female,Rural,Monthly,62.74,18-05-2022,
CUST_2215,43,Female,Suburban,Prepaid,57.57,20-04-2020,
CUST_2216,45,Female,Rural,Monthly,37.67,15-01-2020,
CUST_2217,19,Male,Urban,Monthly,41.1,23-10-2020,
CUST_2218,52,Male,Rural,Yearly,50.79,31-12-2021,
CUST_2219,54,Male,Urban,Prepaid,37.99,22-05-2019,
CUST_2220,43,Female,Suburban,Prepaid,42.19,10-10-2019,
CUST_2221,18,Female,Suburban,Monthly,60.38,04-03-2020,
CUST_2222,57,Female,Urban,Prepaid,31.6,16-06-2022,
CUST_2223,43,Female,Rural,Prepaid,47.86,24-02-2021,
CUST_2224,43,Male,Urban,Prepaid,46.75,18-02-2018,
CUST_2225,43,Male,Urban,Monthly,49.36,23-06-2023,
CUST_2226,40,Male,Suburban,Prepaid,53.96,23-05-2020,
CUST_2227,64,Female,Urban,Monthly,59.22,10-11-2020,
CUST_2228,48,Female,Rural,Yearly,61.76,02-07-2022,
CUST_2229,43,Male,Urban,Monthly,44.84,27-09-2022,
CUST_2230,27,Female,Suburban,Prepaid,47.73,15-06-2018,
CUST_2231,20,Male,Rural,Monthly,55.26,19-01-2018,
CUST_2232,43,Female,Suburban,Prepaid,52.7,29-01-2021,
CUST_2233,33,Female,Urban,Prepaid,58.56,12-01-2023,
CUST_2234,43,Male,Urban,Prepaid,56.75,29-09-2021,
CUST_2235,46,Male,Suburban,Prepaid,37.64,19-04-2022,
CUST_2236,43,Female,Suburban,Monthly,78.12,21-07-2018,
CUST_2237,29,Male,Rural,Yearly,50.06,14-09-2018,
CUST_2238,47,Male,Suburban,Yearly,60.5,03-06-2023,
CUST_2239,58,Female,Suburban,Prepaid,59.16,23-01-2020,
CUST_2240,43,Female,Urban,Monthly,54.08,14-03-2023,
CUST_2241,22,Female,Urban,Prepaid,53.94,27-12-2021,
CUST_2242,43,Male,Suburban,Monthly,63.91,31-07-2020,
CUST_2243,43,Female,Suburban,Prepaid,46.88,10-10-2022,
CUST_2244,43,Female,Urban,Yearly,61.63,02-06-2022,
CUST_2245,29,Female,Rural,Yearly,57.54,07-06-2019,
CUST_2246,18,Female,Rural,Prepaid,67.64,05-03-2023,
CUST_2247,37,Female,Rural,Monthly,42.55,14-07-2021,
CUST_2248,45,Male,Rural,Monthly,51.26,12-11-2018,
CUST_2249,60,Female,Urban,Monthly,37.17,15-01-2018,
CUST_2250,54,Female,Suburban,Monthly,66.65,22-06-2022,
CUST_2251,64,Male,Rural,Monthly,38.91,30-09-2020,
CUST_2252,43,Female,Urban,Yearly,54.98,19-07-2022,
CUST_2253,29,Female,Suburban,Monthly,43.19,02-02-2018,
CUST_2254,54,Male,Rural,Monthly,67.12,18-05-2022,
CUST_2255,43,Female,Suburban,Yearly,49.12,31-01-2018,
CUST_2256,66,Male,Rural,Yearly,59.77,01-05-2020,
CUST_2257,43,Female,Suburban,Prepaid,33.74,02-12-2019,
CUST_2258,45,Male,Rural,Prepaid,40.53,22-04-2023,
CUST_2259,43,Male,Rural,Monthly,59.11,19-04-2023,
CUST_2260,32,Female,Suburban,Yearly,69.36,27-05-2020,
CUST_2261,23,Male,Suburban,Prepaid,57.89,13-11-2022,
CUST_2262,43,Male,Suburban,Monthly,85.74,08-11-2019,
CUST_2263,43,Female,Urban,Prepaid,61.87,04-03-2022,
CUST_2264,67,Female,Urban,Monthly,50.24,16-07-2022,
CUST_2265,43,Male,Suburban,Yearly,45.19,31-03-2020,
CUST_2266,19,Female,Urban,Monthly,77.26,11-10-2018,
CUST_2267,43,Male,Rural,Monthly,62.11,05-04-2022,
CUST_2268,54,Male,Suburban,Yearly,42.27,09-04-2022,
CUST_2269,37,Female,Urban,Prepaid,40.12,15-10-2020,
CUST_2270,43,Female,Suburban,Yearly,40.04,27-03-2022,
CUST_2271,43,Male,Rural,Prepaid,57.67,13-05-2018,
CUST_2272,18,Female,Rural,Monthly,27.23,20-01-2018,
CUST_2273,52,Female,Urban,Monthly,42.34,14-03-2023,
CUST_2274,23,Male,Rural,Monthly,54.46,19-03-2019,
CUST_2275,43,Male,Suburban,Yearly,50.41,28-01-2023,
CUST_2276,22,Male,Urban,Yearly,43.18,04-06-2020,
CUST_2277,50,Male,Suburban,Yearly,60.42,27-05-2020,
CUST_2278,66,Male,Suburban,Prepaid,60.35,07-12-2018,
CUST_2279,68,Male,Suburban,Prepaid,46.75,05-09-2019,
CUST_2280,43,Female,Rural,Monthly,42.03,12-03-2021,
CUST_2281,43,Male,Suburban,Yearly,62.97,29-09-2021,
CUST_2282,59,Female,Rural,Monthly,47.62,25-09-2019,
CUST_2283,37,Female,Suburban,Yearly,50.21,04-01-2020,
CUST_2284,67,Male,Rural,Yearly,61.74,01-01-2019,
CUST_2285,41,Female,Rural,Monthly,33.5,22-09-2019,
CUST_2286,60,Male,Rural,Yearly,42.23,29-06-2018,
CUST_2287,51,Female,Suburban,Yearly,46.09,23-08-2018,
CUST_2288,42,Male,Suburban,Yearly,78.61,09-04-2019,
CUST_2289,67,Male,Rural,Monthly,31.21,22-10-2020,
CUST_2290,43,Male,Suburban,Yearly,50.6,24-03-2019,
CUST_2291,56,Male,Rural,Prepaid,36.7,21-10-2020,
CUST_2292,48,Female,Suburban,Monthly,84.64,13-12-2019,
CUST_2293,64,Female,Rural,Prepaid,54,25-05-2023,
CUST_2294,60,Female,Rural,Prepaid,35.7,16-02-2023,
CUST_2295,43,Female,Urban,Yearly,25.31,25-09-2022,
CUST_2296,40,Female,Suburban,Monthly,59.18,12-10-2020,
CUST_2297,61,Male,Suburban,Prepaid,52.9,23-05-2019,
CUST_2298,55,Male,Urban,Prepaid,59.54,04-07-2019,
CUST_2299,43,Male,Rural,Yearly,34.9,02-03-2023,
CUST_2300,43,Male,Rural,Yearly,78.02,20-01-2022,
CUST_2301,43,Male,Urban,Prepaid,51.23,01-03-2018,
CUST_2302,43,Female,Urban,Yearly,56.37,14-12-2021,
CUST_2303,33,Male,Rural,Prepaid,59.36,02-03-2019,
CUST_2304,43,Male,Suburban,Monthly,51.54,02-02-2019,
CUST_2305,59,Female,Urban,Monthly,69.58,09-06-2018,
CUST_2306,25,Female,Urban,Yearly,42.05,09-04-2020,
CUST_2307,67,Male,Urban,Yearly,65.33,20-03-2018,
CUST_2308,38,Male,Urban,Prepaid,70,07-09-2019,
CUST_2309,18,Female,Urban,Monthly,65.55,28-10-2021,
CUST_2310,43,Male,Urban,Prepaid,71.52,16-04-2021,
CUST_2311,46,Male,Rural,Monthly,39.04,13-05-2018,
CUST_2312,43,Male,Rural,Monthly,57.45,22-02-2023,
CUST_2313,55,Female,Urban,Prepaid,56.26,08-11-2019,
CUST_2314,22,Male,Rural,Monthly,51.12,08-01-2022,
CUST_2315,64,Male,Suburban,Prepaid,59.4,24-05-2021,
CUST_2316,43,Female,Suburban,Monthly,68.11,11-04-2023,
CUST_2317,64,Female,Urban,Monthly,39.16,02-08-2022,
CUST_2318,43,Female,Suburban,Monthly,31.89,15-04-2020,
CUST_2319,43,Male,Suburban,Yearly,46.92,19-03-2023,
CUST_2320,43,Female,Rural,Prepaid,12.73,06-09-2018,
CUST_2321,43,Male,Rural,Monthly,48.96,29-05-2022,
CUST_2322,27,Female,Rural,Monthly,71.44,02-02-2022,
CUST_2323,47,Male,Rural,Prepaid,28.65,16-01-2022,
CUST_2324,67,Female,Suburban,Prepaid,43.73,28-11-2022,
CUST_2325,35,Male,Urban,Yearly,32.95,29-07-2021,
CUST_2326,43,Male,Rural,Monthly,55.95,28-08-2022,
CUST_2327,43,Female,Suburban,Monthly,59.55,24-06-2023,
CUST_2328,25,Female,Rural,Monthly,50.32,05-12-2021,
CUST_2329,64,Male,Suburban,Yearly,39.73,05-05-2020,
CUST_2330,57,Female,Rural,Prepaid,52.85,15-04-2019,
CUST_2331,43,Male,Urban,Yearly,68.56,29-06-2018,
CUST_2332,29,Female,Rural,Prepaid,63.35,14-05-2023,
CUST_2333,44,Female,Urban,Monthly,43.9,05-06-2019,
CUST_2334,25,Male,Rural,Prepaid,45.14,07-05-2022,
CUST_2335,43,Female,Rural,Yearly,44.72,07-12-2019,
CUST_2336,63,Female,Rural,Monthly,57.36,13-03-2018,
CUST_2337,43,Male,Suburban,Monthly,29.27,22-08-2021,
CUST_2338,43,Male,Suburban,Prepaid,58.14,09-03-2018,
CUST_2339,18,Female,Urban,Monthly,41.88,07-04-2019,
CUST_2340,43,Male,Urban,Prepaid,46.03,01-05-2018,
CUST_2341,48,Female,Suburban,Monthly,39.04,08-08-2019,
CUST_2342,43,Female,Urban,Yearly,60.97,17-05-2019,
CUST_2343,43,Male,Urban,Monthly,41.11,28-01-2022,
CUST_2344,43,Male,Suburban,Prepaid,35.61,30-06-2019,
CUST_2345,22,Male,Suburban,Yearly,41.31,15-02-2019,
CUST_2346,43,Male,Suburban,Yearly,33.77,26-05-2022,
CUST_2347,43,Male,Suburban,Monthly,62.93,20-12-2022,
CUST_2348,45,Male,Rural,Monthly,33.46,16-03-2022,
CUST_2349,43,Female,Suburban,Yearly,49.35,16-09-2018,
CUST_2350,43,Female,Urban,Monthly,40.24,28-08-2019,
CUST_2351,23,Male,Rural,Monthly,73.53,31-10-2018,
CUST_2352,26,Female,Rural,Monthly,56.34,15-10-2020,
CUST_2353,50,Female,Urban,Prepaid,40.56,24-04-2021,
CUST_2354,58,Female,Rural,Yearly,52.57,19-08-2022,
CUST_2355,42,Female,Urban,Monthly,36.36,20-06-2020,
CUST_2356,65,Male,Rural,Monthly,60.07,18-06-2020,
CUST_2357,30,Female,Rural,Prepaid,52.52,08-01-2023,
CUST_2358,26,Female,Urban,Prepaid,56.28,13-09-2021,
CUST_2359,43,Male,Urban,Monthly,35.7,05-11-2022,
CUST_2360,48,Male,Urban,Monthly,29.24,09-12-2021,
CUST_2361,43,Male,Urban,Monthly,25.05,23-11-2020,
CUST_2362,43,Male,Suburban,Prepaid,26.18,15-01-2020,
CUST_2363,43,Female,Suburban,Prepaid,50.16,20-04-2023,
CUST_2364,51,Male,Urban,Monthly,78.83,25-09-2019,
CUST_2365,55,Female,Suburban,Monthly,44.01,04-04-2022,
CUST_2366,63,Female,Urban,Prepaid,41.32,18-08-2022,
CUST_2367,21,Male,Urban,Prepaid,49.19,21-03-2022,
CUST_2368,43,Male,Rural,Yearly,38.21,27-11-2019,
CUST_2369,36,Male,Urban,Prepaid,30.77,23-08-2022,
CUST_2370,23,Male,Urban,Yearly,40.18,08-07-2021,
CUST_2371,43,Male,Urban,Prepaid,46.6,04-01-2020,
CUST_2372,35,Male,Urban,Monthly,77.89,28-02-2022,
CUST_2373,30,Female,Rural,Prepaid,42.67,23-02-2018,
CUST_2374,43,Female,Urban,Yearly,52.92,14-09-2019,
CUST_2375,40,Female,Rural,Prepaid,29.42,30-12-2018,
CUST_2376,36,Female,Urban,Prepaid,60.41,05-08-2021,
CUST_2377,62,Male,Rural,Prepaid,38.91,07-11-2020,
CUST_2378,28,Male,Suburban,Yearly,33.06,07-08-2018,
CUST_2379,43,Female,Rural,Yearly,34.58,28-02-2021,
CUST_2380,41,Female,Rural,Prepaid,40.37,30-05-2019,
CUST_2381,24,Female,Urban,Prepaid,32.66,02-02-2021,
CUST_2382,42,Male,Rural,Monthly,54.37,26-09-2019,
CUST_2383,43,Male,Rural,Yearly,33.73,25-05-2022,
CUST_2384,32,Male,Urban,Monthly,59.69,14-07-2022,
CUST_2385,18,Female,Suburban,Yearly,42.37,30-09-2021,
CUST_2386,43,Female,Suburban,Prepaid,36.25,12-06-2021,
CUST_2387,43,Male,Suburban,Prepaid,39.75,11-06-2018,
CUST_2388,32,Male,Rural,Prepaid,34.77,20-09-2022,
CUST_2389,38,Female,Urban,Monthly,50.32,09-06-2023,
CUST_2390,36,Female,Suburban,Monthly,41.82,03-03-2022,
CUST_2391,46,Male,Suburban,Prepaid,66.67,17-09-2022,
CUST_2392,43,Female,Suburban,Prepaid,15.42,23-04-2020,
CUST_2393,50,Male,Suburban,Monthly,67.52,25-09-2019,
CUST_2394,66,Male,Urban,Prepaid,39.91,26-07-2018,
CUST_2395,49,Female,Suburban,Prepaid,74.01,23-04-2019,
CUST_2396,66,Female,Rural,Yearly,51.81,09-07-2018,
CUST_2397,43,Female,Rural,Prepaid,68,08-11-2021,
CUST_2398,61,Male,Urban,Prepaid,48.86,26-01-2018,
CUST_2399,43,Female,Suburban,Monthly,47.94,29-03-2020,
CUST_2400,43,Female,Suburban,Yearly,35.77,26-12-2019,
CUST_2401,43,Male,Rural,Monthly,48.63,24-09-2021,
CUST_2402,52,Male,Urban,Prepaid,35,28-10-2022,
CUST_2403,25,Female,Rural,Yearly,52.81,24-01-2020,
CUST_2404,63,Male,Urban,Monthly,52.42,19-09-2022,
CUST_2405,31,Male,Urban,Prepaid,48.16,04-11-2021,
CUST_2406,43,Male,Urban,Monthly,68.55,13-01-2019,
CUST_2407,43,Female,Rural,Monthly,57.46,11-02-2020,
CUST_2408,63,Female,Urban,Monthly,36.2,24-02-2019,
CUST_2409,26,Male,Rural,Yearly,58.53,03-08-2022,
CUST_2410,20,Male,Rural,Monthly,64.28,02-12-2021,
CUST_2411,38,Male,Suburban,Yearly,14.08,12-05-2019,
CUST_2412,43,Female,Rural,Monthly,33.76,23-04-2023,
CUST_2413,25,Male,Rural,Prepaid,42.96,06-07-2019,
CUST_2414,65,Male,Suburban,Monthly,37.79,27-06-2018,
CUST_2415,19,Female,Suburban,Prepaid,59.57,10-01-2021,
CUST_2416,43,Male,Suburban,Prepaid,36.7,14-10-2020,
CUST_2417,43,Female,Urban,Monthly,35.08,23-06-2021,
CUST_2418,46,Female,Urban,Monthly,53.58,27-10-2018,
CUST_2419,43,Female,Suburban,Prepaid,46.54,12-01-2022,
CUST_2420,42,Male,Urban,Monthly,66.84,29-03-2020,
CUST_2421,29,Male,Suburban,Prepaid,55.56,09-08-2021,
CUST_2422,43,Female,Urban,Yearly,101.04,27-10-2021,
CUST_2423,51,Male,Rural,Prepaid,33.64,27-01-2022,
CUST_2424,65,Female,Urban,Monthly,27.07,12-02-2023,
CUST_2425,54,Male,Urban,Monthly,70.64,03-11-2022,
CUST_2426,32,Female,Rural,Monthly,96,16-03-2023,
CUST_2427,43,Female,Suburban,Prepaid,46.65,09-02-2018,
CUST_2428,53,Male,Urban,Monthly,45.23,16-11-2021,
CUST_2429,32,Male,Urban,Yearly,51.91,06-01-2021,
CUST_2430,60,Male,Rural,Monthly,37.21,25-03-2019,
CUST_2431,65,Male,Rural,Monthly,20.82,24-06-2022,
CUST_2432,40,Female,Rural,Monthly,53.64,11-06-2021,
CUST_2433,23,Female,Rural,Prepaid,50.14,13-08-2020,
CUST_2434,43,Male,Suburban,Prepaid,29.25,06-02-2021,
CUST_2435,43,Male,Urban,Yearly,40.74,26-06-2021,
CUST_2436,43,Female,Urban,Yearly,28.91,09-12-2018,
CUST_2437,60,Male,Urban,Monthly,55.57,25-01-2022,
CUST_2438,62,Male,Urban,Monthly,248,03-03-2019,
CUST_2439,43,Male,Suburban,Prepaid,52.43,15-06-2018,
CUST_2440,43,Male,Urban,Prepaid,57.8,24-03-2020,
CUST_2441,43,Female,Suburban,Monthly,66.44,15-05-2020,
CUST_2442,43,Female,Suburban,Yearly,52.67,19-10-2020,
CUST_2443,64,Male,Rural,Monthly,59.23,25-06-2018,
CUST_2444,43,Female,Rural,Prepaid,77.29,05-09-2018,
CUST_2445,42,Male,Urban,Prepaid,64.5,06-05-2023,
CUST_2446,53,Male,Suburban,Prepaid,53.27,10-06-2019,
CUST_2447,28,Male,Rural,Monthly,52.35,14-05-2019,
CUST_2448,68,Female,Suburban,Yearly,37.56,22-08-2020,
CUST_2449,32,Female,Rural,Yearly,40.3,10-10-2018,
CUST_2450,21,Female,Suburban,Yearly,48.52,20-02-2019,
CUST_2451,38,Female,Urban,Monthly,44.7,15-01-2021,
CUST_2452,30,Female,Urban,Monthly,78.28,22-09-2021,
CUST_2453,39,Male,Suburban,Yearly,55.59,30-04-2023,
CUST_2454,36,Male,Rural,Monthly,54.36,01-01-2022,
CUST_2455,51,Female,Rural,Yearly,67.6,27-07-2020,
CUST_2456,43,Female,Urban,Monthly,52.75,24-12-2018,
CUST_2457,43,Female,Urban,Prepaid,45.86,04-01-2020,
CUST_2458,65,Male,Urban,Monthly,53.87,18-03-2021,
CUST_2459,69,Female,Rural,Prepaid,56.1,04-08-2020,
CUST_2460,63,Male,Rural,Prepaid,71,25-04-2022,
CUST_2461,44,Male,Urban,Prepaid,29.64,01-03-2019,
CUST_2462,46,Female,Suburban,Yearly,38.91,08-05-2020,
CUST_2463,64,Male,Rural,Monthly,48.91,25-04-2018,
CUST_2464,45,Male,Urban,Prepaid,64.06,26-09-2019,
CUST_2465,43,Female,Suburban,Prepaid,61.81,02-03-2023,
CUST_2466,43,Male,Rural,Monthly,51.63,26-12-2022,
CUST_2467,33,Female,Suburban,Monthly,65.29,30-10-2019,
CUST_2468,59,Male,Suburban,Monthly,39.89,25-04-2023,
CUST_2469,53,Female,Rural,Monthly,78.25,31-05-2019,
CUST_2470,47,Female,Urban,Monthly,37.46,27-08-2022,
CUST_2471,35,Male,Suburban,Prepaid,24.29,08-10-2022,
CUST_2472,43,Female,Urban,Monthly,59.08,26-01-2022,
CUST_2473,43,Male,Rural,Prepaid,28.5,02-07-2021,
CUST_2474,43,Male,Suburban,Prepaid,42.37,10-01-2021,
CUST_2475,21,Female,Suburban,Prepaid,47.85,26-04-2018,
CUST_2476,43,Male,Suburban,Monthly,56.22,16-06-2018,
CUST_2477,42,Female,Suburban,Yearly,65.19,19-07-2021,
CUST_2478,43,Male,Suburban,Monthly,29.75,12-03-2023,
CUST_2479,43,Male,Rural,Monthly,33.12,22-11-2020,
CUST_2480,24,Female,Suburban,Monthly,101.2,25-05-2021,
CUST_2481,43,Male,Rural,Prepaid,46.83,23-10-2021,
CUST_2482,61,Male,Urban,Prepaid,25.35,17-03-2020,
CUST_2483,27,Male,Rural,Yearly,34.87,30-10-2021,
CUST_2484,56,Male,Suburban,Prepaid,42.09,31-07-2019,
CUST_2485,30,Male,Urban,Monthly,50.07,24-02-2018,
CUST_2486,43,Male,Rural,Prepaid,67.89,27-03-2023,
CUST_2487,24,Male,Rural,Yearly,74.51,23-03-2019,
CUST_2488,66,Male,Rural,Yearly,37.63,17-03-2019,
CUST_2489,59,Female,Suburban,Prepaid,41.48,27-10-2021,
CUST_2490,43,Male,Suburban,Monthly,52.23,21-12-2020,
CUST_2491,43,Male,Rural,Prepaid,39.11,08-02-2021,
CUST_2492,43,Female,Rural,Monthly,67.89,30-05-2020,
CUST_2493,43,Female,Urban,Prepaid,87,11-03-2020,
CUST_2494,24,Female,Suburban,Prepaid,50.32,04-05-2019,
CUST_2495,18,Male,Suburban,Prepaid,54.93,28-07-2020,
CUST_2496,43,Female,Urban,Yearly,41.21,29-12-2021,
CUST_2497,43,Female,Rural,Yearly,55.04,23-01-2021,
CUST_2498,59,Male,Rural,Prepaid,34.1,06-07-2020,
CUST_2499,64,Male,Urban,Monthly,35.76,17-03-2020,
CUST_2500,30,Female,Rural,Prepaid,22.75,17-01-2021,
CUST_2501,43,Female,Rural,Prepaid,62.24,17-02-2018,
CUST_2502,43,Male,Urban,Yearly,70.83,22-06-2018,
CUST_2503,39,Male,Urban,Prepaid,65.46,31-05-2023,
CUST_2504,45,Male,Urban,Monthly,51.41,30-03-2022,
CUST_2505,26,Male,Rural,Monthly,45.3,24-03-2023,
CUST_2506,43,Male,Urban,Prepaid,48.61,14-10-2021,
CUST_2507,26,Female,Rural,Monthly,34.71,27-04-2018,
CUST_2508,32,Male,Suburban,Yearly,64.11,21-06-2020,
CUST_2509,27,Male,Suburban,Monthly,65.73,08-07-2020,
CUST_2510,41,Male,Urban,Prepaid,34.06,29-03-2019,
CUST_2511,59,Male,Rural,Yearly,35.99,12-01-2019,
CUST_2512,25,Male,Rural,Yearly,30.11,03-03-2019,
CUST_2513,41,Female,Rural,Prepaid,46.18,15-04-2018,
CUST_2514,43,Male,Urban,Prepaid,49.67,15-05-2023,
CUST_2515,43,Female,Rural,Prepaid,51,20-06-2022,
CUST_2516,43,Male,Rural,Prepaid,30.02,20-01-2018,
CUST_2517,44,Female,Rural,Monthly,39.02,05-07-2019,
CUST_2518,43,Female,Suburban,Prepaid,39.04,06-04-2019,
CUST_2519,43,Male,Rural,Prepaid,60.96,08-02-2018,
CUST_2520,67,Male,Suburban,Prepaid,35.06,16-09-2022,
CUST_2521,43,Male,Rural,Monthly,50.82,13-07-2019,
CUST_2522,36,Male,Rural,Monthly,39.37,29-01-2020,
CUST_2523,53,Male,Rural,Monthly,47.13,10-12-2022,
CUST_2524,56,Female,Suburban,Prepaid,64.18,12-02-2022,
CUST_2525,43,Male,Rural,Monthly,31.42,25-06-2018,
CUST_2526,42,Male,Urban,Prepaid,10.89,01-05-2020,
CUST_2527,43,Female,Rural,Yearly,29.92,28-05-2021,
CUST_2528,43,Male,Suburban,Prepaid,56.26,20-09-2019,
CUST_2529,43,Female,Suburban,Prepaid,32.04,25-11-2022,
CUST_2530,43,Male,Urban,Prepaid,39.31,18-05-2019,
CUST_2531,43,Female,Urban,Prepaid,56.81,11-04-2022,
CUST_2532,67,Male,Urban,Prepaid,62.06,10-04-2021,
CUST_2533,43,Female,Suburban,Monthly,65.49,19-07-2021,
CUST_2534,64,Female,Rural,Yearly,58.31,17-12-2020,
CUST_2535,66,Male,Rural,Prepaid,33.11,18-05-2023,
CUST_2536,52,Male,Urban,Monthly,74.09,08-04-2018,
CUST_2537,61,Male,Urban,Monthly,35.86,08-07-2021,
CUST_2538,43,Female,Rural,Prepaid,40.46,03-10-2021,
CUST_2539,43,Female,Urban,Prepaid,49.92,30-07-2018,
CUST_2540,43,Female,Rural,Prepaid,54.18,09-03-2019,
CUST_2541,43,Male,Rural,Yearly,71.58,18-01-2018,
CUST_2542,39,Male,Rural,Yearly,40.51,30-08-2019,
CUST_2543,43,Female,Rural,Prepaid,55.71,16-11-2022,
CUST_2544,43,Male,Suburban,Prepaid,40.59,17-09-2020,
CUST_2545,32,Female,Rural,Monthly,74.11,28-08-2018,
CUST_2546,52,Male,Urban,Monthly,56.41,06-12-2021,
CUST_2547,43,Male,Urban,Monthly,69.34,06-05-2023,
CUST_2548,43,Female,Urban,Prepaid,32.71,31-03-2023,
CUST_2549,43,Male,Urban,Yearly,41.58,07-11-2018,
CUST_2550,28,Male,Suburban,Monthly,53.73,18-08-2018,
CUST_2551,27,Male,Rural,Prepaid,69.58,25-08-2018,
CUST_2552,26,Male,Rural,Monthly,64.88,11-07-2020,
CUST_2553,31,Male,Urban,Prepaid,72.51,15-09-2022,
CUST_2554,30,Female,Urban,Prepaid,70.12,14-10-2020,
CUST_2555,42,Male,Urban,Monthly,61.68,07-12-2019,
CUST_2556,43,Female,Rural,Prepaid,52.3,10-09-2018,
CUST_2557,43,Male,Suburban,Monthly,33.28,30-05-2018,
CUST_2558,43,Male,Suburban,Prepaid,17.83,31-01-2018,
CUST_2559,43,Female,Suburban,Monthly,51.87,15-02-2018,
CUST_2560,35,Female,Suburban,Prepaid,62.04,05-12-2021,
CUST_2561,20,Male,Urban,Monthly,9.14,05-04-2023,
CUST_2562,59,Male,Rural,Prepaid,32.39,08-02-2022,
CUST_2563,43,Female,Urban,Prepaid,34.75,10-01-2019,
CUST_2564,58,Female,Suburban,Monthly,47.19,08-11-2020,
CUST_2565,66,Female,Urban,Monthly,51.55,13-05-2021,
CUST_2566,43,Female,Suburban,Monthly,66.22,16-03-2022,
CUST_2567,56,Male,Rural,Monthly,30.26,10-09-2018,
CUST_2568,43,Male,Suburban,Yearly,55.16,19-04-2019,
CUST_2569,63,Male,Urban,Prepaid,29.19,02-03-2020,
CUST_2570,36,Male,Rural,Monthly,62.54,07-06-2021,
CUST_2571,43,Male,Suburban,Monthly,42.78,30-12-2021,
CUST_2572,43,Female,Suburban,Monthly,31.82,13-02-2018,
CUST_2573,55,Female,Rural,Monthly,39.92,20-04-2023,
CUST_2574,43,Female,Urban,Yearly,33.27,27-09-2020,
CUST_2575,49,Male,Rural,Monthly,51.38,03-04-2020,
CUST_2576,56,Female,Urban,Yearly,59.36,18-05-2022,
CUST_2577,62,Male,Suburban,Prepaid,65.47,03-07-2021,
CUST_2578,63,Male,Suburban,Monthly,42.22,25-10-2020,
CUST_2579,53,Male,Rural,Prepaid,70.82,05-07-2019,
CUST_2580,57,Female,Suburban,Prepaid,49.63,04-03-2020,
CUST_2581,43,Male,Rural,Monthly,68.98,29-08-2020,
CUST_2582,43,Male,Suburban,Monthly,47.64,05-02-2023,
CUST_2583,53,Female,Suburban,Prepaid,46.54,25-10-2022,
CUST_2584,20,Male,Urban,Prepaid,58.68,16-07-2022,
CUST_2585,43,Female,Rural,Monthly,54.62,10-03-2021,
CUST_2586,43,Male,Rural,Monthly,41.69,25-04-2021,
CUST_2587,43,Female,Suburban,Prepaid,67.33,29-09-2021,
CUST_2588,43,Male,Urban,Prepaid,35.65,10-05-2022,
CUST_2589,43,Male,Urban,Monthly,58.68,29-04-2021,
CUST_2590,43,Female,Rural,Monthly,58.02,01-12-2018,
CUST_2591,43,Male,Rural,Prepaid,65.97,28-09-2018,
CUST_2592,43,Female,Suburban,Prepaid,66.26,20-04-2018,
CUST_2593,66,Male,Rural,Prepaid,47.27,10-03-2021,
CUST_2594,19,Female,Suburban,Yearly,50.49,20-04-2019,
CUST_2595,22,Male,Urban,Monthly,49.49,07-05-2021,
CUST_2596,61,Male,Rural,Prepaid,76.18,22-11-2019,
CUST_2597,44,Male,Urban,Yearly,298.8,16-10-2018,
CUST_2598,43,Female,Urban,Prepaid,65.66,06-10-2018,
CUST_2599,43,Female,Suburban,Prepaid,46.23,14-06-2019,
CUST_2600,25,Female,Urban,Yearly,33.1,06-06-2023,
CUST_2601,55,Female,Suburban,Yearly,35.97,06-01-2021,
CUST_2602,25,Female,Suburban,Monthly,65.19,04-05-2020,
CUST_2603,67,Male,Urban,Monthly,39.03,28-01-2023,
CUST_2604,20,Male,Urban,Prepaid,97.93,05-05-2021,
CUST_2605,61,Male,Suburban,Yearly,43.92,24-06-2022,
CUST_2606,20,Male,Suburban,Monthly,55.27,22-03-2022,
CUST_2607,39,Male,Urban,Prepaid,55.24,19-11-2019,
CUST_2608,23,Female,Suburban,Monthly,52.69,17-01-2022,
CUST_2609,43,Male,Suburban,Yearly,31.7,31-08-2022,
CUST_2610,40,Female,Rural,Yearly,53.72,24-07-2020,
CUST_2611,43,Male,Rural,Monthly,53.58,15-07-2022,
CUST_2612,19,Female,Rural,Monthly,45.51,27-12-2021,
CUST_2613,55,Female,Rural,Prepaid,77.77,13-05-2019,
CUST_2614,34,Female,Rural,Monthly,25.07,26-04-2022,
CUST_2615,52,Male,Suburban,Monthly,27.33,06-04-2018,
CUST_2616,43,Male,Suburban,Prepaid,61.31,31-01-2022,
CUST_2617,43,Male,Rural,Yearly,48.69,29-06-2022,
CUST_2618,47,Male,Urban,Yearly,36.8,29-01-2021,
CUST_2619,69,Female,Rural,Prepaid,52.93,17-04-2019,
CUST_2620,25,Female,Urban,Yearly,64.39,16-07-2021,
CUST_2621,43,Female,Suburban,Monthly,25.54,09-09-2020,
CUST_2622,61,Female,Urban,Monthly,60.84,12-02-2019,
CUST_2623,43,Male,Suburban,Yearly,54.96,12-11-2022,
CUST_2624,22,Female,Urban,Prepaid,46.56,13-12-2022,
CUST_2625,30,Male,Suburban,Monthly,53.68,26-05-2023,
CUST_2626,46,Female,Suburban,Prepaid,53.94,01-04-2018,
CUST_2627,48,Female,Rural,Monthly,58.25,23-09-2019,
CUST_2628,43,Female,Suburban,Monthly,35.22,17-10-2022,
CUST_2629,43,Male,Rural,Prepaid,66.31,20-04-2021,
CUST_2630,59,Male,Rural,Prepaid,64.88,09-09-2020,
CUST_2631,43,Female,Rural,Prepaid,65.33,15-11-2018,
CUST_2632,33,Female,Urban,Prepaid,24.12,24-07-2022,
CUST_2633,43,Female,Urban,Prepaid,67.17,10-04-2023,
CUST_2634,43,Male,Suburban,Monthly,44.47,18-12-2019,
CUST_2635,43,Male,Rural,Yearly,57.96,06-02-2021,
CUST_2636,29,Male,Rural,Yearly,20.27,13-05-2023,
CUST_2637,25,Female,Suburban,Yearly,39.75,27-04-2021,
CUST_2638,37,Male,Rural,Yearly,62.61,10-02-2018,
CUST_2639,43,Female,Suburban,Prepaid,57.89,14-03-2018,
CUST_2640,43,Male,Rural,Monthly,33.8,27-06-2020,
CUST_2641,47,Female,Urban,Monthly,60.2,16-08-2021,
CUST_2642,62,Female,Suburban,Prepaid,37.76,08-12-2022,
CUST_2643,43,Male,Suburban,Monthly,46.01,02-02-2018,
CUST_2644,43,Female,Urban,Monthly,32.45,15-07-2018,
CUST_2645,68,Female,Suburban,Yearly,55.15,01-02-2018,
CUST_2646,43,Female,Urban,Monthly,66.31,23-07-2022,
CUST_2647,43,Male,Rural,Yearly,63.27,17-03-2019,
CUST_2648,37,Female,Urban,Prepaid,36.38,24-04-2023,
CUST_2649,57,Male,Urban,Prepaid,49.31,02-10-2018,
CUST_2650,61,Male,Suburban,Yearly,26.41,04-01-2018,
CUST_2651,43,Female,Rural,Prepaid,70.47,27-02-2021,
CUST_2652,43,Male,Urban,Prepaid,50.29,01-07-2021,
CUST_2653,38,Female,Rural,Monthly,59.75,01-11-2020,
CUST_2654,43,Male,Urban,Yearly,52.99,09-02-2021,
CUST_2655,43,Female,Suburban,Prepaid,40.61,13-10-2019,
CUST_2656,43,Male,Urban,Prepaid,41.69,09-07-2018,
CUST_2657,43,Female,Urban,Monthly,56.84,14-09-2018,
CUST_2658,25,Female,Rural,Monthly,74.55,12-04-2023,
CUST_2659,56,Female,Urban,Prepaid,44.86,02-12-2020,
CUST_2660,49,Female,Suburban,Yearly,67.61,04-03-2019,
CUST_2661,50,Male,Suburban,Monthly,63.84,21-06-2019,
CUST_2662,33,Male,Urban,Yearly,45.21,30-10-2019,
CUST_2663,29,Female,Urban,Prepaid,66.5,11-04-2023,
CUST_2664,55,Male,Rural,Monthly,65.29,02-11-2018,
CUST_2665,69,Female,Rural,Yearly,17.82,02-07-2020,
CUST_2666,51,Female,Suburban,Monthly,302.6,19-07-2021,
CUST_2667,31,Male,Rural,Prepaid,69.21,15-02-2018,
CUST_2668,53,Male,Urban,Yearly,32.49,06-05-2020,
CUST_2669,43,Female,Suburban,Monthly,30.29,21-01-2020,
CUST_2670,40,Male,Rural,Yearly,53.12,19-05-2022,
CUST_2671,43,Female,Suburban,Prepaid,73.68,21-10-2021,
CUST_2672,62,Male,Urban,Monthly,33.68,06-11-2020,
CUST_2673,19,Male,Rural,Yearly,26.33,08-03-2021,
CUST_2674,58,Male,Urban,Monthly,43.2,07-06-2021,
CUST_2675,43,Male,Urban,Prepaid,41.11,07-05-2021,
CUST_2676,19,Male,Suburban,Prepaid,24.93,14-03-2020,
CUST_2677,44,Female,Suburban,Prepaid,41.24,17-08-2021,
CUST_2678,43,Male,Suburban,Prepaid,55.23,14-10-2021,
CUST_2679,18,Male,Rural,Monthly,77.84,20-04-2018,
CUST_2680,28,Female,Rural,Prepaid,58.42,20-04-2019,
CUST_2681,20,Female,Suburban,Prepaid,62.09,10-04-2020,
CUST_2682,43,Female,Rural,Prepaid,33.68,15-01-2021,
CUST_2683,40,Male,Rural,Monthly,48.58,13-02-2022,
CUST_2684,43,Male,Suburban,Monthly,46.7,17-08-2022,
CUST_2685,43,Female,Urban,Monthly,54.89,31-01-2018,
CUST_2686,35,Female,Rural,Yearly,58.95,09-03-2020,
CUST_2687,23,Female,Rural,Prepaid,64.29,07-10-2021,
CUST_2688,52,Female,Urban,Monthly,50.48,31-07-2018,
CUST_2689,43,Male,Urban,Prepaid,42.16,03-10-2021,
CUST_2690,43,Male,Urban,Prepaid,68.36,06-01-2023,
CUST_2691,43,Male,Suburban,Monthly,60.88,28-10-2021,
CUST_2692,39,Male,Urban,Yearly,59.27,16-01-2021,
CUST_2693,54,Male,Suburban,Prepaid,49.41,08-01-2018,
CUST_2694,43,Female,Urban,Prepaid,68.24,29-06-2018,
CUST_2695,43,Male,Urban,Monthly,31.14,23-05-2022,
CUST_2696,29,Female,Suburban,Monthly,63.39,23-09-2022,
CUST_2697,64,Female,Suburban,Monthly,63.32,14-06-2021,
CUST_2698,43,Female,Urban,Monthly,36.49,25-01-2023,
CUST_2699,59,Male,Urban,Yearly,39.79,15-05-2019,
CUST_2700,55,Female,Urban,Prepaid,30.73,24-09-2020,
CUST_2701,35,Male,Rural,Prepaid,57.66,26-01-2021,
CUST_2702,62,Female,Urban,Prepaid,11.28,21-02-2021,
CUST_2703,52,Male,Suburban,Monthly,53.35,28-09-2020,
CUST_2704,47,Female,Rural,Prepaid,38.54,09-08-2022,
CUST_2705,43,Male,Suburban,Yearly,35.24,13-10-2021,
CUST_2706,59,Female,Rural,Monthly,21.83,21-01-2022,
CUST_2707,43,Female,Rural,Prepaid,36.71,22-10-2020,
CUST_2708,31,Female,Suburban,Prepaid,71.45,08-12-2018,
CUST_2709,23,Female,Rural,Monthly,39.21,08-02-2020,
CUST_2710,43,Male,Suburban,Prepaid,56.3,09-05-2022,
CUST_2711,33,Male,Urban,Yearly,33.64,15-04-2022,
CUST_2712,24,Male,Rural,Monthly,65.39,03-02-2022,
CUST_2713,43,Female,Suburban,Prepaid,59.08,07-10-2018,
CUST_2714,43,Female,Rural,Monthly,46.58,02-11-2018,
CUST_2715,26,Female,Suburban,Prepaid,53.48,07-07-2019,
CUST_2716,32,Female,Urban,Monthly,54.76,15-03-2018,
CUST_2717,43,Female,Urban,Prepaid,34.98,05-01-2019,
CUST_2718,43,Female,Rural,Monthly,37.8,31-10-2021,
CUST_2719,43,Male,Rural,Monthly,63.77,05-04-2023,
CUST_2720,43,Male,Suburban,Monthly,73.2,18-06-2023,
CUST_2721,43,Male,Suburban,Monthly,52.2,02-12-2019,
CUST_2722,52,Male,Rural,Prepaid,60.39,10-02-2021,
CUST_2723,43,Male,Suburban,Monthly,68.07,20-12-2018,
CUST_2724,43,Male,Suburban,Monthly,45.13,27-03-2021,
CUST_2725,37,Male,Suburban,Monthly,48.85,15-01-2021,
CUST_2726,35,Male,Rural,Yearly,60.72,04-12-2019,
CUST_2727,27,Female,Urban,Prepaid,82.75,28-03-2019,
CUST_2728,43,Female,Urban,Monthly,61.24,28-06-2021,
CUST_2729,19,Female,Suburban,Monthly,54.55,01-07-2018,
CUST_2730,43,Female,Rural,Monthly,41.19,21-03-2019,
CUST_2731,43,Female,Suburban,Monthly,49.13,09-02-2020,
CUST_2732,43,Female,Urban,Prepaid,60.31,14-08-2019,
CUST_2733,43,Female,Suburban,Monthly,58.71,13-06-2019,
CUST_2734,31,Male,Urban,Prepaid,41.01,14-09-2020,
CUST_2735,18,Male,Rural,Monthly,69.65,06-05-2023,
CUST_2736,63,Female,Suburban,Monthly,69.67,09-06-2022,
CUST_2737,33,Male,Rural,Prepaid,48.34,29-12-2019,
CUST_2738,63,Male,Suburban,Monthly,54.2,13-08-2018,
CUST_2739,69,Male,Suburban,Prepaid,40.39,15-02-2022,
CUST_2740,43,Male,Suburban,Monthly,37.87,17-09-2021,
CUST_2741,52,Male,Suburban,Monthly,55.21,30-03-2018,
CUST_2742,43,Female,Suburban,Monthly,38.29,10-02-2022,
CUST_2743,23,Male,Rural,Yearly,59.73,25-10-2019,
CUST_2744,42,Female,Rural,Monthly,44.04,14-01-2021,
CUST_2745,30,Female,Urban,Prepaid,65.75,31-03-2019,
CUST_2746,43,Female,Suburban,Yearly,48.72,27-06-2019,
CUST_2747,25,Male,Urban,Prepaid,21.15,25-10-2020,
CUST_2748,38,Female,Rural,Monthly,44.42,18-01-2022,
CUST_2749,43,Female,Urban,Yearly,51.6,15-09-2018,
CUST_2750,43,Female,Rural,Monthly,23.99,03-06-2022,
CUST_2751,42,Female,Suburban,Prepaid,25.39,25-11-2019,
CUST_2752,43,Male,Urban,Prepaid,47.19,22-10-2022,
CUST_2753,43,Female,Urban,Prepaid,65.07,12-05-2020,
CUST_2754,62,Female,Urban,Prepaid,59.47,30-07-2021,
CUST_2755,29,Female,Urban,Prepaid,49.78,02-06-2021,
CUST_2756,43,Female,Suburban,Monthly,37.21,19-03-2023,
CUST_2757,43,Male,Rural,Prepaid,36.48,02-08-2020,
CUST_2758,45,Female,Rural,Yearly,59.74,21-11-2020,
CUST_2759,30,Female,Suburban,Yearly,52.97,24-02-2021,
CUST_2760,43,Female,Rural,Yearly,62.82,05-01-2019,
CUST_2761,31,Female,Urban,Prepaid,68.06,14-10-2019,
CUST_2762,43,Female,Suburban,Monthly,43.19,02-04-2023,
CUST_2763,43,Female,Rural,Prepaid,56.6,15-12-2022,
CUST_2764,43,Male,Suburban,Prepaid,58.58,14-08-2021,
CUST_2765,23,Female,Suburban,Monthly,39.54,12-06-2021,
CUST_2766,49,Male,Rural,Yearly,40.32,24-05-2022,
CUST_2767,43,Male,Rural,Prepaid,60.84,30-08-2022,
CUST_2768,43,Female,Suburban,Prepaid,50.03,29-05-2018,
CUST_2769,43,Male,Suburban,Prepaid,36.91,14-05-2019,
CUST_2770,40,Female,Rural,Monthly,37.71,23-12-2022,
CUST_2771,43,Male,Suburban,Yearly,30.74,24-08-2020,
CUST_2772,48,Female,Rural,Prepaid,44.63,26-08-2020,
CUST_2773,68,Male,Suburban,Prepaid,34.57,03-03-2018,
CUST_2774,22,Male,Suburban,Yearly,51.53,02-03-2019,
CUST_2775,36,Female,Suburban,Prepaid,84.22,23-06-2020,
CUST_2776,43,Male,Rural,Monthly,56.91,13-12-2018,
CUST_2777,27,Male,Urban,Prepaid,66.01,27-06-2020,
CUST_2778,43,Male,Rural,Monthly,56.01,20-09-2019,
CUST_2779,19,Male,Suburban,Monthly,25.26,01-08-2020,
CUST_2780,43,Male,Urban,Monthly,51.9,07-04-2023,
CUST_2781,43,Female,Urban,Prepaid,39.76,22-09-2018,
CUST_2782,43,Male,Suburban,Prepaid,37.63,09-11-2019,
CUST_2783,32,Male,Rural,Prepaid,46.6,20-09-2022,
CUST_2784,26,Female,Urban,Monthly,59.47,07-04-2018,
CUST_2785,40,Female,Urban,Yearly,45.42,12-03-2022,
CUST_2786,36,Female,Rural,Yearly,62.88,01-01-2019,
CUST_2787,43,Male,Rural,Prepaid,52.75,02-05-2020,
CUST_2788,43,Male,Urban,Yearly,54.76,01-12-2020,
CUST_2789,38,Male,Rural,Prepaid,49.11,25-09-2019,
CUST_2790,26,Male,Urban,Monthly,69.29,19-05-2019,
CUST_2791,45,Female,Suburban,Monthly,39.49,15-03-2019,
CUST_2792,63,Female,Rural,Prepaid,40.34,15-09-2020,
CUST_2793,68,Male,Urban,Prepaid,45.23,22-10-2020,
CUST_2794,24,Male,Rural,Prepaid,57.54,03-03-2021,
CUST_2795,33,Male,Rural,Monthly,59.56,24-04-2023,
CUST_2796,33,Male,Urban,Monthly,41.6,26-07-2018,
CUST_2797,50,Female,Suburban,Monthly,63.45,22-06-2019,
CUST_2798,43,Female,Urban,Yearly,35.29,29-10-2019,
CUST_2799,21,Male,Rural,Monthly,60.69,10-08-2018,
CUST_2800,56,Female,Urban,Monthly,55.37,21-04-2022,
CUST_2801,43,Male,Rural,Monthly,50.26,19-08-2019,
CUST_2802,43,Male,Urban,Prepaid,57.1,08-06-2021,
CUST_2803,43,Female,Suburban,Prepaid,48.21,19-12-2021,
CUST_2804,56,Male,Suburban,Monthly,53.83,28-05-2022,
CUST_2805,69,Female,Suburban,Monthly,86.09,01-10-2018,
CUST_2806,46,Male,Suburban,Yearly,63.41,24-10-2019,
CUST_2807,43,Female,Urban,Prepaid,41.87,06-02-2020,
CUST_2808,43,Male,Suburban,Prepaid,45.42,21-12-2018,
CUST_2809,55,Female,Urban,Prepaid,68.12,20-10-2019,
CUST_2810,56,Male,Rural,Prepaid,44.08,19-03-2021,
CUST_2811,43,Male,Rural,Monthly,75.51,25-04-2019,
CUST_2812,54,Female,Rural,Yearly,61.48,18-03-2019,
CUST_2813,43,Male,Suburban,Monthly,29.66,18-09-2020,
CUST_2814,43,Female,Suburban,Monthly,63.03,10-05-2020,
CUST_2815,24,Female,Suburban,Monthly,17.65,18-04-2023,
CUST_2816,44,Male,Rural,Prepaid,44.77,02-07-2018,
CUST_2817,45,Male,Rural,Yearly,62.83,18-08-2020,
CUST_2818,39,Male,Rural,Monthly,22.01,19-10-2022,
CUST_2819,31,Male,Rural,Prepaid,80.44,20-06-2023,
CUST_2820,24,Female,Urban,Monthly,64.53,03-07-2020,
CUST_2821,43,Male,Urban,Monthly,35.32,07-01-2020,
CUST_2822,39,Male,Suburban,Prepaid,72.8,13-08-2018,
CUST_2823,22,Male,Suburban,Prepaid,21.36,30-01-2022,
CUST_2824,19,Female,Rural,Prepaid,34.89,05-12-2019,
CUST_2825,43,Male,Urban,Prepaid,28.77,24-01-2019,
CUST_2826,43,Female,Urban,Prepaid,20.38,08-05-2019,
CUST_2827,43,Male,Suburban,Monthly,45,05-10-2018,
CUST_2828,43,Female,Urban,Monthly,52.87,07-10-2018,
CUST_2829,38,Male,Suburban,Monthly,52.42,25-11-2021,
CUST_2830,43,Male,Rural,Yearly,51.96,26-01-2023,
CUST_2831,43,Female,Rural,Monthly,50.79,25-06-2022,
CUST_2832,43,Male,Suburban,Monthly,32.28,17-02-2021,
CUST_2833,22,Male,Rural,Yearly,42.46,16-04-2020,
CUST_2834,43,Male,Rural,Monthly,8.74,05-12-2021,
CUST_2835,43,Female,Urban,Prepaid,66.19,01-08-2021,
CUST_2836,38,Male,Urban,Prepaid,51.42,28-12-2018,
CUST_2837,43,Female,Urban,Monthly,51.02,17-05-2023,
CUST_2838,67,Female,Urban,Monthly,61.69,08-02-2022,
CUST_2839,62,Female,Urban,Yearly,62.76,31-08-2022,
CUST_2840,38,Male,Suburban,Monthly,44.58,22-04-2018,
CUST_2841,35,Female,Suburban,Yearly,48.25,04-01-2021,
CUST_2842,43,Female,Urban,Prepaid,73.49,23-10-2022,
CUST_2843,62,Male,Rural,Monthly,41.22,31-05-2018,
CUST_2844,49,Female,Rural,Yearly,73.36,24-08-2018,
CUST_2845,43,Female,Suburban,Prepaid,44.75,08-04-2019,
CUST_2846,43,Male,Suburban,Prepaid,21.38,03-09-2020,
CUST_2847,52,Male,Suburban,Prepaid,51.34,16-06-2019,
CUST_2848,43,Female,Rural,Monthly,44.63,28-08-2018,
CUST_2849,28,Male,Suburban,Prepaid,29.78,23-10-2019,
CUST_2850,38,Male,Rural,Monthly,48.78,13-10-2020,
CUST_2851,69,Male,Suburban,Prepaid,42.72,26-04-2022,
CUST_2852,43,Female,Rural,Monthly,78.11,26-03-2018,
CUST_2853,21,Female,Suburban,Yearly,64.53,16-02-2021,
CUST_2854,51,Male,Suburban,Prepaid,35.58,02-02-2021,
CUST_2855,69,Female,Rural,Prepaid,38.9,18-11-2020,
CUST_2856,65,Male,Suburban,Monthly,65.01,08-07-2019,
CUST_2857,35,Male,Urban,Monthly,68.19,15-04-2019,
CUST_2858,57,Male,Rural,Prepaid,45,21-03-2021,
CUST_2859,52,Male,Suburban,Monthly,42.79,05-05-2019,
CUST_2860,58,Male,Rural,Yearly,48.09,15-06-2020,
CUST_2861,46,Female,Suburban,Prepaid,54.35,24-12-2019,
CUST_2862,69,Female,Urban,Prepaid,60.88,22-01-2020,
CUST_2863,43,Female,Suburban,Monthly,61.66,03-10-2019,
CUST_2864,55,Female,Suburban,Monthly,34.17,08-10-2021,
CUST_2865,59,Male,Urban,Prepaid,44.6,22-08-2021,
CUST_2866,38,Male,Rural,Monthly,18.68,17-08-2022,
CUST_2867,59,Female,Suburban,Yearly,49.65,24-04-2019,
CUST_2868,30,Female,Suburban,Prepaid,29.18,01-09-2019,
CUST_2869,43,Male,Urban,Monthly,39.02,27-02-2018,
CUST_2870,43,Male,Rural,Prepaid,66.56,07-07-2022,
CUST_2871,34,Male,Rural,Monthly,55.85,29-09-2018,
CUST_2872,26,Female,Urban,Monthly,55.24,06-09-2022,
CUST_2873,58,Male,Urban,Monthly,50.03,03-03-2020,
CUST_2874,18,Male,Suburban,Monthly,71.06,08-06-2020,
CUST_2875,19,Female,Urban,Prepaid,40.58,14-12-2021,
CUST_2876,65,Female,Urban,Monthly,52.45,28-02-2023,
CUST_2877,46,Female,Urban,Monthly,51.65,02-03-2018,
CUST_2878,50,Male,Rural,Prepaid,44.77,05-03-2022,
CUST_2879,43,Male,Urban,Yearly,82.07,30-06-2021,
CUST_2880,67,Female,Suburban,Prepaid,31.69,01-03-2021,
CUST_2881,57,Male,Suburban,Monthly,22.28,19-08-2022,
CUST_2882,43,Male,Suburban,Prepaid,51.62,24-01-2022,
CUST_2883,43,Male,Urban,Monthly,40.95,18-06-2023,
CUST_2884,43,Female,Rural,Prepaid,15.18,26-05-2020,
CUST_2885,43,Female,Urban,Prepaid,55.64,01-04-2022,
CUST_2886,25,Male,Urban,Prepaid,53.63,07-10-2022,
CUST_2887,43,Male,Suburban,Monthly,66.83,10-07-2020,
CUST_2888,43,Male,Urban,Monthly,41.66,17-01-2023,
CUST_2889,66,Male,Rural,Monthly,22.11,05-01-2019,
CUST_2890,32,Female,Suburban,Yearly,35.93,25-04-2019,
CUST_2891,34,Female,Rural,Yearly,21.17,18-01-2022,
CUST_2892,40,Male,Rural,Monthly,72.45,26-09-2020,
CUST_2893,43,Male,Rural,Monthly,65.09,21-06-2022,
CUST_2894,43,Female,Urban,Prepaid,69.25,04-12-2019,
CUST_2895,43,Male,Urban,Yearly,60,09-02-2019,
CUST_2896,43,Female,Urban,Yearly,28.99,19-04-2018,
CUST_2897,49,Male,Urban,Prepaid,43.94,19-05-2021,
CUST_2898,61,Female,Suburban,Monthly,61.89,04-09-2020,
CUST_2899,18,Male,Urban,Yearly,24.51,18-12-2019,
CUST_2900,43,Male,Suburban,Prepaid,56.61,10-02-2019,
CUST_2901,43,Female,Rural,Prepaid,61.67,22-11-2020,
CUST_2902,25,Female,Suburban,Prepaid,83.95,11-02-2020,
CUST_2903,43,Male,Urban,Prepaid,64.33,29-11-2021,
CUST_2904,25,Male,Suburban,Prepaid,57.13,07-03-2022,
CUST_2905,40,Female,Urban,Prepaid,50.43,06-09-2018,
CUST_2906,60,Female,Urban,Prepaid,58.15,04-02-2022,
CUST_2907,18,Male,Suburban,Yearly,59.16,17-11-2019,
CUST_2908,62,Male,Suburban,Prepaid,18.93,28-11-2018,
CUST_2909,43,Female,Rural,Monthly,53.2,10-10-2019,
CUST_2910,43,Female,Rural,Prepaid,10.33,25-02-2022,
CUST_2911,52,Female,Rural,Prepaid,16.19,12-08-2018,
CUST_2912,41,Female,Rural,Yearly,50.63,18-04-2022,
CUST_2913,43,Female,Rural,Yearly,57.18,05-06-2023,
CUST_2914,22,Male,Suburban,Monthly,30.11,25-09-2019,
CUST_2915,37,Male,Rural,Monthly,66.41,01-10-2021,
CUST_2916,38,Female,Suburban,Monthly,72.79,28-11-2019,
CUST_2917,43,Male,Rural,Prepaid,62.09,17-09-2022,
CUST_2918,48,Male,Urban,Prepaid,49.6,31-07-2019,
CUST_2919,63,Female,Rural,Monthly,54.59,27-01-2019,
CUST_2920,53,Male,Urban,Yearly,51.69,08-02-2021,
CUST_2921,28,Male,Suburban,Prepaid,53.21,24-08-2021,
CUST_2922,69,Male,Rural,Monthly,34.64,15-06-2019,
CUST_2923,32,Female,Suburban,Prepaid,44.41,04-05-2023,
CUST_2924,36,Female,Rural,Prepaid,50.89,04-01-2023,
CUST_2925,24,Male,Suburban,Monthly,55.06,29-03-2020,
CUST_2926,68,Male,Rural,Prepaid,58.84,05-10-2022,
CUST_2927,45,Male,Rural,Yearly,35.02,14-04-2020,
CUST_2928,68,Male,Urban,Monthly,47.41,16-03-2020,
CUST_2929,43,Male,Suburban,Prepaid,45.97,25-10-2022,
CUST_2930,22,Male,Suburban,Monthly,79.39,10-07-2020,
CUST_2931,22,Female,Suburban,Monthly,53.75,02-05-2019,
CUST_2932,43,Male,Suburban,Prepaid,60.11,14-01-2023,
CUST_2933,49,Male,Suburban,Monthly,64.95,12-03-2019,
CUST_2934,25,Female,Urban,Monthly,62.81,12-10-2022,
CUST_2935,27,Male,Rural,Prepaid,19.48,16-07-2018,
CUST_2936,43,Male,Urban,Yearly,47.33,15-10-2021,
CUST_2937,64,Male,Suburban,Prepaid,60.17,17-01-2022,
CUST_2938,49,Male,Suburban,Prepaid,51.95,12-05-2020,
CUST_2939,65,Female,Rural,Monthly,24.98,25-08-2021,
CUST_2940,45,Male,Urban,Prepaid,34.35,18-07-2018,
CUST_2941,43,Female,Rural,Monthly,36.68,22-04-2018,
CUST_2942,48,Male,Rural,Monthly,54.92,31-03-2018,
CUST_2943,43,Male,Urban,Prepaid,53.51,23-02-2020,
CUST_2944,57,Female,Rural,Yearly,72.86,09-11-2020,
CUST_2945,43,Male,Urban,Monthly,50.19,31-03-2020,
CUST_2946,26,Female,Urban,Monthly,53.05,17-07-2018,
CUST_2947,43,Female,Suburban,Prepaid,29.95,10-04-2018,
CUST_2948,32,Female,Rural,Prepaid,47.66,31-03-2019,
CUST_2949,67,Male,Suburban,Monthly,84.1,26-06-2019,
CUST_2950,43,Male,Rural,Yearly,55.13,30-03-2020,
CUST_2951,43,Male,Rural,Prepaid,41.6,14-01-2020,
CUST_2952,53,Male,Suburban,Monthly,56.23,08-02-2019,
CUST_2953,21,Female,Suburban,Monthly,65.63,03-09-2018,
CUST_2954,43,Male,Suburban,Prepaid,57.47,28-05-2021,
CUST_2955,58,Male,Urban,Monthly,62.47,02-02-2018,
CUST_2956,58,Female,Rural,Prepaid,64.39,23-06-2020,
CUST_2957,42,Female,Urban,Prepaid,52.35,11-11-2020,
CUST_2958,43,Male,Rural,Prepaid,54.94,24-02-2022,
CUST_2959,43,Female,Rural,Prepaid,41.03,20-06-2022,
CUST_2960,43,Female,Urban,Prepaid,40.86,22-02-2022,
CUST_2961,43,Female,Urban,Yearly,48.79,15-04-2019,
CUST_2962,29,Female,Rural,Monthly,30.13,03-05-2019,
CUST_2963,44,Female,Suburban,Prepaid,55.53,27-06-2022,
CUST_2964,57,Male,Suburban,Monthly,38.06,25-02-2023,
CUST_2965,19,Male,Suburban,Monthly,52.68,28-10-2021,
CUST_2966,30,Male,Suburban,Prepaid,57.76,11-03-2018,
CUST_2967,43,Male,Rural,Prepaid,30.25,24-05-2018,
CUST_2968,48,Male,Suburban,Prepaid,56.15,27-02-2018,
CUST_2969,33,Male,Suburban,Prepaid,19.02,11-08-2020,
CUST_2970,49,Male,Suburban,Yearly,58.83,07-07-2020,
CUST_2971,49,Female,Rural,Monthly,59.04,30-11-2018,
CUST_2972,43,Male,Urban,Yearly,60.05,29-01-2023,
CUST_2973,28,Male,Suburban,Monthly,55.16,03-02-2022,
CUST_2974,27,Male,Rural,Prepaid,42.23,29-01-2018,
CUST_2975,43,Female,Rural,Yearly,42.76,06-05-2023,
CUST_2976,43,Male,Suburban,Prepaid,40.76,30-11-2021,
CUST_2977,57,Male,Urban,Prepaid,65.45,02-09-2021,
CUST_2978,35,Female,Urban,Monthly,75.36,23-02-2019,
CUST_2979,26,Male,Urban,Prepaid,51.27,24-08-2021,
CUST_2980,42,Male,Rural,Prepaid,35.18,19-02-2022,
CUST_2981,57,Female,Suburban,Monthly,45.83,12-06-2021,
CUST_2982,31,Male,Suburban,Yearly,64.69,07-01-2023,
CUST_2983,43,Female,Rural,Prepaid,58.31,23-05-2023,
CUST_2984,67,Male,Suburban,Prepaid,50.51,14-08-2020,
CUST_2985,39,Male,Suburban,Monthly,46.04,22-11-2022,
CUST_2986,69,Male,Urban,Monthly,24.67,15-06-2021,
CUST_2987,43,Female,Suburban,Prepaid,46.78,03-03-2023,
CUST_2988,43,Female,Suburban,Yearly,44.19,02-06-2022,
CUST_2989,38,Female,Rural,Monthly,43.68,09-02-2020,
CUST_2990,43,Male,Rural,Monthly,54.22,27-07-2018,
CUST_2991,43,Male,Urban,Yearly,76.26,03-04-2018,
CUST_2992,43,Female,Rural,Yearly,50.3,18-03-2020,
CUST_2993,43,Female,Urban,Prepaid,58.97,22-10-2022,
CUST_2994,66,Male,Urban,Prepaid,49.09,09-01-2022,
CUST_2995,38,Male,Suburban,Monthly,49.08,24-07-2018,
CUST_2996,52,Male,Urban,Yearly,67.11,07-01-2020,
CUST_2997,43,Male,Suburban,Monthly,55.61,02-03-2023,
CUST_2998,43,Female,Urban,Monthly,61.68,26-02-2018,
CUST_2999,56,Male,Rural,Monthly,68.6,08-12-2019,
CUST_3000,43,Male,Rural,Prepaid,55.44,30-04-2022,
CUST_3001,29,Male,Rural,Yearly,53.67,29-08-2018,
CUST_3002,58,Male,Urban,Monthly,61.05,01-07-2021,
CUST_3003,64,Male,Urban,Yearly,40.27,10-06-2023,
CUST_3004,35,Male,Suburban,Monthly,40.52,30-08-2022,
CUST_3005,43,Male,Suburban,Yearly,38.62,02-08-2020,
CUST_3006,30,Female,Suburban,Prepaid,42.64,18-09-2019,
CUST_3007,38,Female,Suburban,Monthly,32.2,09-12-2020,
CUST_3008,43,Female,Urban,Yearly,25.15,08-11-2018,
CUST_3009,63,Male,Urban,Monthly,37.67,05-03-2022,
CUST_3010,57,Female,Suburban,Monthly,14.72,04-06-2021,
CUST_3011,63,Male,Urban,Prepaid,54.26,12-05-2023,
CUST_3012,24,Male,Urban,Monthly,51.48,31-03-2020,
CUST_3013,43,Male,Urban,Yearly,61.12,27-09-2018,
CUST_3014,61,Male,Urban,Prepaid,36.01,15-12-2022,
CUST_3015,43,Female,Suburban,Monthly,57.48,24-10-2022,
CUST_3016,28,Male,Suburban,Monthly,37.87,25-06-2021,
CUST_3017,39,Male,Urban,Prepaid,61.61,23-05-2020,
CUST_3018,43,Female,Rural,Prepaid,22.67,07-12-2021,
CUST_3019,43,Female,Suburban,Monthly,46.44,05-02-2020,
CUST_3020,42,Female,Suburban,Prepaid,44.01,23-08-2020,
CUST_3021,39,Male,Rural,Yearly,61.95,18-11-2019,
CUST_3022,43,Female,Suburban,Monthly,61.73,03-06-2018,
CUST_3023,46,Male,Rural,Prepaid,68.28,02-02-2023,
CUST_3024,30,Male,Rural,Prepaid,19.79,14-11-2018,
CUST_3025,43,Female,Urban,Monthly,72.44,22-03-2023,
CUST_3026,43,Female,Suburban,Monthly,36.12,14-01-2018,
CUST_3027,43,Female,Rural,Prepaid,75.62,20-05-2021,
CUST_3028,43,Male,Urban,Monthly,83.36,06-08-2019,
CUST_3029,32,Male,Suburban,Yearly,67.87,11-02-2023,
CUST_3030,43,Male,Urban,Prepaid,37.14,07-02-2019,
CUST_3031,43,Male,Urban,Prepaid,31.33,17-08-2018,
CUST_3032,67,Male,Rural,Yearly,39.42,22-10-2021,
CUST_3033,43,Male,Suburban,Prepaid,58.56,03-06-2021,
CUST_3034,32,Female,Urban,Yearly,34.05,18-12-2022,
CUST_3035,68,Male,Rural,Prepaid,22.12,08-07-2020,
CUST_3036,40,Female,Rural,Prepaid,66.22,07-03-2018,
CUST_3037,41,Female,Urban,Prepaid,40.99,27-07-2019,
CUST_3038,61,Female,Urban,Prepaid,63.72,09-02-2018,
CUST_3039,30,Female,Rural,Prepaid,61.57,17-07-2019,
CUST_3040,39,Female,Urban,Prepaid,52.96,31-10-2019,
CUST_3041,60,Male,Urban,Prepaid,62.59,09-04-2019,
CUST_3042,54,Male,Suburban,Prepaid,72.21,23-11-2021,
CUST_3043,50,Male,Rural,Monthly,61.46,05-03-2021,
CUST_3044,20,Male,Urban,Yearly,61.87,09-08-2020,
CUST_3045,43,Female,Rural,Yearly,55.81,01-08-2021,
CUST_3046,40,Female,Suburban,Monthly,43.5,10-11-2021,
CUST_3047,43,Female,Rural,Yearly,54.62,14-06-2020,
CUST_3048,47,Male,Rural,Prepaid,53.14,22-03-2021,
CUST_3049,56,Male,Rural,Prepaid,57.34,25-05-2023,
CUST_3050,43,Male,Suburban,Prepaid,55,13-03-2019,
CUST_3051,64,Male,Suburban,Monthly,43.14,24-09-2021,
CUST_3052,42,Female,Rural,Yearly,67.09,22-05-2019,
CUST_3053,54,Female,Rural,Monthly,42.09,14-09-2020,
CUST_3054,43,Male,Suburban,Prepaid,55.91,11-10-2019,
CUST_3055,43,Male,Urban,Monthly,57.73,29-08-2022,
CUST_3056,59,Female,Suburban,Prepaid,34.25,26-03-2021,
CUST_3057,33,Female,Rural,Monthly,73.43,09-03-2022,
CUST_3058,43,Female,Urban,Monthly,49.38,04-09-2020,
CUST_3059,18,Female,Urban,Prepaid,35.1,22-05-2022,
CUST_3060,43,Male,Urban,Prepaid,50.01,05-04-2023,
CUST_3061,22,Female,Suburban,Monthly,35.38,20-05-2023,
CUST_3062,20,Female,Suburban,Monthly,41.3,12-06-2021,
CUST_3063,43,Female,Suburban,Prepaid,41.01,04-05-2023,
CUST_3064,21,Female,Suburban,Monthly,47.96,18-04-2022,
CUST_3065,57,Male,Rural,Yearly,70.47,26-01-2023,
CUST_3066,52,Male,Urban,Prepaid,51.6,13-01-2023,
CUST_3067,49,Male,Rural,Prepaid,52.47,22-12-2020,
CUST_3068,59,Male,Suburban,Monthly,42.84,29-09-2020,
CUST_3069,51,Male,Suburban,Monthly,54.25,23-10-2021,
CUST_3070,60,Male,Rural,Prepaid,49.5,11-05-2020,
CUST_3071,43,Female,Urban,Prepaid,48.74,14-10-2021,
CUST_3072,27,Female,Urban,Prepaid,60.61,29-05-2019,
CUST_3073,38,Female,Suburban,Monthly,35.88,02-04-2018,
CUST_3074,43,Female,Suburban,Prepaid,69,08-09-2021,
CUST_3075,56,Male,Suburban,Monthly,9.57,19-05-2019,
CUST_3076,44,Female,Suburban,Yearly,48.6,05-07-2018,
CUST_3077,44,Male,Urban,Yearly,70.38,05-05-2018,
CUST_3078,19,Female,Rural,Monthly,68.1,12-01-2020,
CUST_3079,58,Female,Urban,Monthly,52.38,26-06-2021,
CUST_3080,43,Female,Rural,Yearly,37.85,12-10-2020,
CUST_3081,43,Male,Suburban,Yearly,48,04-08-2020,
CUST_3082,26,Female,Suburban,Yearly,88.87,21-02-2020,
CUST_3083,69,Male,Rural,Prepaid,60.63,03-07-2018,
CUST_3084,43,Male,Suburban,Prepaid,24.49,02-12-2018,
CUST_3085,39,Female,Urban,Yearly,51.24,03-11-2020,
CUST_3086,59,Male,Suburban,Yearly,41.02,18-03-2023,
CUST_3087,43,Male,Suburban,Monthly,30.95,15-10-2021,
CUST_3088,29,Female,Suburban,Yearly,57.24,25-09-2018,
CUST_3089,43,Female,Suburban,Monthly,35.45,08-11-2021,
CUST_3090,31,Female,Urban,Monthly,73.22,16-09-2022,
CUST_3091,31,Female,Rural,Prepaid,70.12,30-08-2022,
CUST_3092,51,Female,Suburban,Monthly,39.06,05-12-2021,
CUST_3093,37,Female,Suburban,Monthly,38.12,19-11-2020,
CUST_3094,43,Male,Urban,Yearly,60.1,28-05-2021,
CUST_3095,43,Female,Urban,Monthly,65.27,01-06-2018,
CUST_3096,68,Female,Urban,Yearly,46.23,18-04-2021,
CUST_3097,43,Male,Suburban,Yearly,64.68,05-10-2022,
CUST_3098,23,Female,Rural,Prepaid,74.97,19-02-2018,
CUST_3099,36,Male,Urban,Prepaid,54.95,25-07-2018,
CUST_3100,43,Female,Urban,Monthly,34.56,08-08-2022,
CUST_3101,21,Female,Urban,Prepaid,61.78,19-12-2019,
CUST_3102,64,Male,Rural,Monthly,52.15,16-07-2022,
CUST_3103,21,Female,Suburban,Prepaid,45.18,06-05-2019,
CUST_3104,37,Male,Suburban,Prepaid,61.28,29-11-2022,
CUST_3105,43,Female,Suburban,Prepaid,68.11,28-07-2022,
CUST_3106,41,Female,Urban,Prepaid,52.79,10-11-2021,
CUST_3107,52,Male,Suburban,Prepaid,15.81,03-05-2021,
CUST_3108,43,Female,Urban,Yearly,51.8,20-05-2023,
CUST_3109,43,Female,Rural,Prepaid,53.4,24-08-2018,
CUST_3110,55,Male,Rural,Yearly,88.79,11-03-2023,
CUST_3111,38,Female,Suburban,Yearly,51.94,04-04-2020,
CUST_3112,57,Male,Urban,Yearly,47.43,13-11-2022,
CUST_3113,43,Female,Urban,Monthly,60.35,31-01-2020,
CUST_3114,38,Male,Suburban,Monthly,45.5,04-05-2018,
CUST_3115,27,Female,Rural,Prepaid,39.71,10-12-2019,
CUST_3116,55,Male,Rural,Prepaid,26.08,08-11-2020,
CUST_3117,43,Male,Rural,Yearly,41.07,14-11-2021,
CUST_3118,21,Female,Rural,Prepaid,21.38,03-10-2020,
CUST_3119,43,Female,Rural,Yearly,54.25,02-02-2019,
CUST_3120,37,Male,Suburban,Monthly,53.24,12-03-2022,
CUST_3121,34,Female,Suburban,Monthly,60.45,11-04-2022,
CUST_3122,24,Male,Suburban,Prepaid,34.53,10-03-2022,
CUST_3123,21,Female,Rural,Monthly,28.42,11-07-2019,
CUST_3124,43,Female,Rural,Monthly,80.86,19-03-2020,
CUST_3125,43,Male,Suburban,Monthly,48.82,01-08-2018,
CUST_3126,43,Male,Suburban,Monthly,60.5,16-03-2019,
CUST_3127,41,Female,Rural,Prepaid,51.99,30-01-2020,
CUST_3128,54,Female,Urban,Prepaid,61.17,24-01-2021,
CUST_3129,33,Female,Suburban,Prepaid,53.42,20-07-2022,
CUST_3130,69,Female,Rural,Prepaid,37.97,04-12-2021,
CUST_3131,21,Female,Rural,Prepaid,58.13,05-06-2021,
CUST_3132,41,Male,Suburban,Prepaid,54.56,11-01-2020,
CUST_3133,51,Female,Urban,Monthly,24.77,10-08-2019,
CUST_3134,47,Female,Rural,Monthly,54.42,19-02-2023,
CUST_3135,35,Male,Suburban,Prepaid,44.19,08-04-2020,
CUST_3136,43,Male,Rural,Monthly,40,04-11-2019,
CUST_3137,43,Male,Rural,Monthly,64.63,13-11-2022,
CUST_3138,36,Female,Rural,Monthly,48.92,18-05-2019,
CUST_3139,66,Male,Rural,Monthly,49.38,11-04-2023,
CUST_3140,43,Male,Urban,Prepaid,51.34,15-11-2021,
CUST_3141,36,Male,Suburban,Prepaid,49.51,18-03-2023,
CUST_3142,43,Male,Suburban,Prepaid,48.53,20-06-2020,
CUST_3143,41,Female,Suburban,Prepaid,71.84,31-01-2020,
CUST_3144,62,Female,Suburban,Monthly,39.74,10-11-2022,
CUST_3145,29,Female,Suburban,Yearly,23.95,06-05-2018,
CUST_3146,47,Male,Urban,Prepaid,50.67,02-01-2020,
CUST_3147,43,Male,Rural,Monthly,35.91,19-01-2019,
CUST_3148,43,Male,Rural,Yearly,33.55,24-05-2023,
CUST_3149,53,Male,Suburban,Prepaid,49.76,07-03-2019,
CUST_3150,43,Male,Rural,Yearly,54.12,27-12-2022,
CUST_3151,65,Male,Rural,Prepaid,47.39,19-01-2018,
CUST_3152,43,Female,Rural,Yearly,43.15,18-03-2018,
CUST_3153,43,Female,Suburban,Prepaid,46.99,07-06-2021,
CUST_3154,47,Male,Suburban,Prepaid,49.24,05-03-2022,
CUST_3155,43,Female,Urban,Monthly,49.96,05-09-2021,
CUST_3156,50,Male,Suburban,Yearly,23.12,24-06-2020,
CUST_3157,35,Male,Urban,Prepaid,63.11,17-10-2020,
CUST_3158,43,Female,Suburban,Monthly,28.14,15-01-2020,
CUST_3159,66,Male,Rural,Monthly,39.93,03-12-2021,
CUST_3160,45,Female,Urban,Prepaid,26.69,02-07-2020,
CUST_3161,64,Male,Urban,Monthly,52.51,21-09-2018,
CUST_3162,28,Male,Urban,Monthly,39.34,29-08-2019,
CUST_3163,43,Female,Suburban,Prepaid,47.24,17-02-2023,
CUST_3164,43,Male,Urban,Monthly,38.86,07-06-2023,
CUST_3165,43,Male,Suburban,Yearly,34.19,21-05-2019,
CUST_3166,23,Male,Urban,Monthly,12.35,07-09-2020,
CUST_3167,21,Female,Suburban,Yearly,41.13,02-05-2020,
CUST_3168,43,Male,Urban,Prepaid,31.85,20-08-2021,
CUST_3169,65,Male,Rural,Prepaid,57.79,15-07-2018,
CUST_3170,43,Male,Rural,Yearly,81.21,05-01-2020,
CUST_3171,43,Female,Urban,Yearly,77.45,07-05-2022,
CUST_3172,32,Female,Suburban,Prepaid,48.78,08-05-2021,
CUST_3173,43,Female,Suburban,Prepaid,38.13,26-10-2020,
CUST_3174,64,Female,Suburban,Yearly,20.75,04-02-2021,
CUST_3175,43,Female,Rural,Prepaid,43.72,16-11-2022,
CUST_3176,28,Male,Rural,Prepaid,36.32,17-03-2021,
CUST_3177,56,Female,Rural,Monthly,194.7,26-11-2021,
CUST_3178,26,Female,Suburban,Yearly,25.52,29-07-2021,
CUST_3179,43,Male,Suburban,Monthly,60.54,06-10-2019,
CUST_3180,43,Female,Suburban,Monthly,57.64,26-07-2019,
CUST_3181,43,Male,Urban,Prepaid,36.27,05-02-2019,
CUST_3182,43,Female,Urban,Monthly,62.84,22-07-2018,
CUST_3183,43,Male,Urban,Prepaid,50.89,05-09-2021,
CUST_3184,67,Male,Rural,Yearly,57.95,14-08-2019,
CUST_3185,20,Female,Rural,Monthly,61.61,27-12-2018,
CUST_3186,43,Female,Suburban,Monthly,55.47,05-01-2023,
CUST_3187,60,Male,Urban,Yearly,37.69,22-04-2018,
CUST_3188,43,Male,Suburban,Prepaid,65.74,22-07-2021,
CUST_3189,47,Male,Urban,Yearly,61.59,18-11-2022,
CUST_3190,62,Male,Urban,Prepaid,61.81,15-08-2018,
CUST_3191,23,Male,Suburban,Prepaid,30.06,18-05-2019,
CUST_3192,34,Male,Suburban,Prepaid,28,25-11-2021,
CUST_3193,43,Male,Urban,Yearly,72.69,12-07-2021,
CUST_3194,68,Female,Urban,Yearly,40.43,01-02-2022,
CUST_3195,36,Male,Rural,Prepaid,53.79,10-07-2020,
CUST_3196,43,Female,Suburban,Prepaid,68.1,29-06-2021,
CUST_3197,52,Female,Suburban,Yearly,74.49,04-05-2020,
CUST_3198,43,Male,Suburban,Prepaid,58.61,27-04-2023,
CUST_3199,43,Male,Suburban,Monthly,42.17,20-03-2018,
CUST_3200,68,Female,Urban,Monthly,45.7,10-08-2022,
CUST_3201,22,Male,Rural,Yearly,55.56,22-11-2019,
CUST_3202,43,Male,Suburban,Monthly,52.62,06-10-2022,
CUST_3203,54,Female,Urban,Monthly,39.26,18-10-2018,
CUST_3204,37,Female,Urban,Yearly,10.2,15-02-2018,
CUST_3205,43,Female,Urban,Prepaid,38.96,22-01-2022,
CUST_3206,38,Male,Urban,Prepaid,46.81,30-05-2018,
CUST_3207,27,Male,Urban,Prepaid,49.86,06-04-2018,
CUST_3208,22,Female,Suburban,Yearly,75.6,04-09-2018,
CUST_3209,53,Male,Suburban,Monthly,66.01,15-06-2020,
CUST_3210,23,Female,Rural,Prepaid,43.08,07-05-2023,
CUST_3211,43,Male,Suburban,Monthly,57.56,19-04-2019,
CUST_3212,21,Female,Urban,Monthly,10.03,11-07-2020,
CUST_3213,56,Male,Rural,Yearly,68.39,23-01-2023,
CUST_3214,56,Female,Urban,Prepaid,42.55,28-01-2021,
CUST_3215,67,Male,Urban,Monthly,52.81,01-04-2019,
CUST_3216,43,Male,Suburban,Monthly,50.45,02-10-2020,
CUST_3217,18,Female,Urban,Prepaid,65.39,14-10-2018,
CUST_3218,41,Male,Suburban,Yearly,44.77,29-07-2021,
CUST_3219,53,Male,Urban,Prepaid,62.34,09-05-2019,
CUST_3220,23,Female,Rural,Monthly,55.47,17-10-2021,
CUST_3221,43,Male,Urban,Monthly,51.84,05-11-2020,
CUST_3222,63,Male,Suburban,Monthly,48.38,01-02-2019,
CUST_3223,61,Male,Urban,Prepaid,42.36,26-11-2021,
CUST_3224,48,Female,Suburban,Yearly,47.51,08-03-2020,
CUST_3225,37,Female,Suburban,Prepaid,44.27,03-01-2021,
CUST_3226,41,Female,Rural,Monthly,56.28,17-08-2018,
CUST_3227,42,Female,Suburban,Monthly,32.98,22-03-2020,
CUST_3228,53,Female,Rural,Yearly,51.08,16-04-2019,
CUST_3229,38,Male,Rural,Monthly,72.74,19-02-2018,
CUST_3230,47,Male,Urban,Prepaid,43.4,27-03-2023,
CUST_3231,41,Female,Rural,Yearly,56.57,30-11-2022,
CUST_3232,61,Male,Suburban,Prepaid,15.15,02-09-2021,
CUST_3233,43,Male,Suburban,Prepaid,26.29,15-09-2022,
CUST_3234,47,Male,Rural,Yearly,48,11-09-2020,
CUST_3235,39,Male,Urban,Monthly,48.87,19-12-2018,
CUST_3236,43,Female,Rural,Prepaid,50.62,27-07-2020,
CUST_3237,24,Female,Rural,Monthly,82.86,13-05-2018,
CUST_3238,43,Male,Suburban,Prepaid,41.26,04-02-2023,
CUST_3239,45,Male,Urban,Prepaid,51.27,09-11-2022,
CUST_3240,43,Female,Urban,Prepaid,39.25,05-06-2018,
CUST_3241,27,Male,Urban,Monthly,61.05,03-04-2019,
CUST_3242,43,Male,Urban,Monthly,32.74,20-04-2021,
CUST_3243,33,Male,Suburban,Monthly,39.51,20-01-2022,
CUST_3244,48,Female,Urban,Prepaid,36.48,14-08-2018,
CUST_3245,59,Female,Urban,Monthly,62.36,14-03-2023,
CUST_3246,42,Male,Urban,Monthly,51.89,03-04-2018,
CUST_3247,30,Male,Suburban,Monthly,54.25,20-01-2023,
CUST_3248,43,Male,Suburban,Yearly,47.09,15-07-2019,
CUST_3249,61,Male,Urban,Monthly,68.14,25-12-2021,
CUST_3250,43,Male,Suburban,Monthly,47.68,15-10-2022,
CUST_3251,62,Male,Rural,Yearly,79.48,03-05-2022,
CUST_3252,53,Female,Urban,Monthly,69.04,04-01-2023,
CUST_3253,43,Female,Suburban,Monthly,27.86,26-03-2018,
CUST_3254,37,Male,Urban,Monthly,59.58,22-05-2021,
CUST_3255,35,Female,Urban,Prepaid,69.02,30-06-2019,
CUST_3256,60,Male,Suburban,Monthly,43.88,19-04-2018,
CUST_3257,38,Male,Rural,Monthly,56.17,19-01-2022,
CUST_3258,21,Female,Urban,Prepaid,27.83,20-07-2019,
CUST_3259,67,Female,Rural,Prepaid,35.06,29-09-2019,
CUST_3260,50,Male,Suburban,Yearly,46.23,13-04-2020,
CUST_3261,43,Male,Urban,Monthly,29.68,30-05-2022,
CUST_3262,24,Female,Suburban,Prepaid,50.83,26-12-2020,
CUST_3263,23,Female,Suburban,Prepaid,59.76,12-05-2019,
CUST_3264,32,Male,Suburban,Monthly,36.26,03-11-2019,
CUST_3265,35,Male,Suburban,Prepaid,29.89,21-01-2020,
CUST_3266,43,Male,Urban,Prepaid,26.32,11-07-2018,
CUST_3267,43,Female,Rural,Monthly,68.19,27-11-2020,
CUST_3268,37,Male,Rural,Monthly,23.87,24-09-2019,
CUST_3269,41,Female,Urban,Prepaid,54.44,24-08-2021,
CUST_3270,32,Male,Urban,Prepaid,69.59,25-11-2022,
CUST_3271,65,Female,Rural,Monthly,35.33,10-03-2021,
CUST_3272,24,Female,Rural,Prepaid,37.34,01-04-2018,
CUST_3273,43,Female,Urban,Prepaid,52.64,17-10-2018,
CUST_3274,59,Female,Suburban,Prepaid,53.61,17-10-2021,
CUST_3275,43,Male,Urban,Prepaid,42.52,22-04-2019,
CUST_3276,43,Female,Rural,Prepaid,45.54,13-07-2020,
CUST_3277,31,Female,Suburban,Yearly,51.36,27-02-2023,
CUST_3278,54,Female,Rural,Prepaid,43.94,09-04-2023,
CUST_3279,38,Male,Suburban,Prepaid,44.44,18-02-2018,
CUST_3280,43,Male,Rural,Prepaid,79.14,19-10-2022,
CUST_3281,22,Male,Suburban,Monthly,65.2,23-04-2022,
CUST_3282,20,Male,Urban,Yearly,66.38,13-07-2021,
CUST_3283,40,Male,Urban,Monthly,44.88,07-04-2021,
CUST_3284,43,Male,Suburban,Yearly,24.22,10-06-2022,
CUST_3285,43,Female,Suburban,Prepaid,87.14,16-02-2018,
CUST_3286,41,Female,Urban,Yearly,40.75,11-11-2021,
CUST_3287,43,Female,Urban,Prepaid,54.64,06-04-2019,
CUST_3288,36,Male,Suburban,Prepaid,61.76,02-06-2019,
CUST_3289,68,Female,Suburban,Prepaid,41.29,03-07-2019,
CUST_3290,43,Female,Urban,Prepaid,63.52,15-10-2021,
CUST_3291,38,Male,Rural,Monthly,50.14,25-11-2020,
CUST_3292,43,Female,Urban,Monthly,46.05,11-02-2019,
CUST_3293,58,Male,Suburban,Monthly,41.29,19-03-2023,
CUST_3294,50,Female,Suburban,Prepaid,35.05,20-10-2022,
CUST_3295,43,Male,Rural,Monthly,22.06,15-01-2020,
CUST_3296,21,Male,Urban,Prepaid,92.21,24-06-2018,
CUST_3297,43,Male,Suburban,Monthly,71.86,02-01-2023,
CUST_3298,24,Female,Urban,Prepaid,51.54,23-09-2021,
CUST_3299,39,Female,Suburban,Prepaid,73.4,14-11-2021,
CUST_3300,50,Male,Rural,Monthly,71.44,27-01-2021,
CUST_3301,43,Male,Urban,Yearly,58.95,04-04-2023,
CUST_3302,41,Female,Urban,Monthly,44.83,12-05-2020,
CUST_3303,51,Female,Rural,Prepaid,66.11,17-01-2021,
CUST_3304,45,Male,Suburban,Prepaid,63.63,16-11-2021,
CUST_3305,60,Female,Suburban,Prepaid,61.87,23-09-2018,
CUST_3306,43,Female,Urban,Monthly,44.94,13-12-2019,
CUST_3307,56,Female,Rural,Monthly,55.68,29-01-2018,
CUST_3308,43,Male,Urban,Prepaid,54.1,03-10-2020,
CUST_3309,43,Male,Urban,Prepaid,44.29,16-07-2020,
CUST_3310,43,Female,Suburban,Monthly,55.55,21-10-2021,
CUST_3311,43,Male,Suburban,Prepaid,68.79,18-12-2021,
CUST_3312,23,Female,Suburban,Prepaid,72.88,21-01-2021,
CUST_3313,63,Female,Suburban,Monthly,57.49,25-12-2019,
CUST_3314,43,Male,Suburban,Prepaid,47.51,01-01-2023,
CUST_3315,43,Male,Rural,Yearly,62.82,31-03-2019,
CUST_3316,43,Male,Urban,Monthly,36.92,17-05-2022,
CUST_3317,27,Female,Rural,Prepaid,44.34,19-02-2023,
CUST_3318,43,Female,Urban,Prepaid,69.13,11-11-2020,
CUST_3319,22,Male,Suburban,Prepaid,78.08,14-05-2022,
CUST_3320,43,Male,Rural,Monthly,67.1,31-12-2020,
CUST_3321,39,Male,Urban,Yearly,48.78,03-03-2022,
CUST_3322,65,Female,Suburban,Prepaid,17.15,23-04-2023,
CUST_3323,19,Female,Suburban,Yearly,61.76,11-09-2022,
CUST_3324,43,Female,Rural,Monthly,57.86,15-09-2021,
CUST_3325,51,Male,Rural,Yearly,58.29,31-08-2021,
CUST_3326,33,Male,Rural,Monthly,28.49,24-04-2021,
CUST_3327,43,Female,Suburban,Monthly,45.04,28-03-2020,
CUST_3328,68,Male,Urban,Monthly,77.98,25-05-2019,
CUST_3329,56,Male,Urban,Yearly,34.64,07-08-2021,
CUST_3330,43,Male,Rural,Prepaid,58.68,03-10-2020,
CUST_3331,29,Male,Urban,Yearly,40.16,26-12-2021,
CUST_3332,41,Female,Suburban,Monthly,57.61,30-08-2022,
CUST_3333,64,Male,Urban,Monthly,47.02,29-12-2019,
CUST_3334,57,Female,Suburban,Yearly,68.1,31-01-2021,
CUST_3335,43,Female,Rural,Yearly,50.62,04-10-2020,
CUST_3336,27,Male,Urban,Monthly,64.92,05-05-2019,
CUST_3337,52,Female,Suburban,Prepaid,81.67,28-09-2019,
CUST_3338,68,Female,Rural,Yearly,64.79,26-10-2021,
CUST_3339,43,Male,Rural,Monthly,58.65,30-01-2019,
CUST_3340,43,Female,Rural,Monthly,67.36,21-12-2019,
CUST_3341,43,Female,Rural,Yearly,58.44,21-11-2022,
CUST_3342,43,Female,Urban,Prepaid,40.88,19-09-2022,
CUST_3343,37,Female,Suburban,Prepaid,37.31,29-07-2018,
CUST_3344,43,Female,Urban,Monthly,60.35,23-06-2021,
CUST_3345,21,Female,Suburban,Prepaid,40.62,29-09-2021,
CUST_3346,63,Female,Rural,Monthly,39.16,13-11-2022,
CUST_3347,43,Female,Urban,Prepaid,47.14,01-04-2018,
CUST_3348,43,Male,Rural,Prepaid,24.11,22-09-2019,
CUST_3349,43,Male,Suburban,Monthly,40.19,21-05-2023,
CUST_3350,57,Male,Rural,Monthly,38.97,04-01-2018,
CUST_3351,38,Female,Urban,Prepaid,86.93,22-04-2021,
CUST_3352,32,Female,Urban,Prepaid,61.27,08-06-2023,
CUST_3353,43,Female,Suburban,Monthly,43.68,10-06-2021,
CUST_3354,69,Male,Suburban,Monthly,38.5,13-09-2018,
CUST_3355,45,Male,Urban,Yearly,13.43,24-01-2020,
CUST_3356,43,Male,Urban,Prepaid,28.03,12-07-2020,
CUST_3357,44,Female,Urban,Monthly,25.1,07-05-2023,
CUST_3358,43,Male,Urban,Prepaid,35.35,06-08-2019,
CUST_3359,57,Male,Suburban,Prepaid,49.84,29-08-2020,
CUST_3360,45,Female,Urban,Yearly,47.18,10-07-2018,
CUST_3361,43,Male,Suburban,Prepaid,36.61,03-03-2019,
CUST_3362,43,Female,Urban,Prepaid,49.24,23-05-2022,
CUST_3363,43,Male,Urban,Prepaid,28.5,01-08-2021,
CUST_3364,42,Female,Rural,Yearly,56.66,02-04-2022,
CUST_3365,43,Female,Rural,Monthly,61.46,10-06-2023,
CUST_3366,25,Female,Urban,Monthly,57.39,20-07-2021,
CUST_3367,61,Female,Suburban,Monthly,66.41,20-05-2021,
CUST_3368,50,Female,Urban,Prepaid,27.24,06-10-2022,
CUST_3369,59,Male,Rural,Yearly,50.6,30-05-2020,
CUST_3370,69,Female,Urban,Prepaid,35.71,25-04-2018,
CUST_3371,43,Female,Rural,Monthly,32.72,04-03-2020,
CUST_3372,23,Female,Urban,Monthly,28.78,14-03-2023,
CUST_3373,43,Female,Urban,Prepaid,87.18,08-07-2022,
CUST_3374,69,Male,Suburban,Prepaid,63.67,27-01-2021,
CUST_3375,40,Female,Rural,Monthly,74.34,01-05-2019,
CUST_3376,42,Male,Rural,Prepaid,55.29,28-01-2022,
CUST_3377,67,Female,Rural,Prepaid,37.58,17-10-2019,
CUST_3378,43,Female,Suburban,Prepaid,60.08,10-06-2018,
CUST_3379,43,Male,Urban,Monthly,85.14,14-04-2018,
CUST_3380,22,Male,Suburban,Yearly,57.87,23-04-2022,
CUST_3381,43,Male,Urban,Yearly,48.31,18-01-2021,
CUST_3382,43,Female,Suburban,Monthly,54.07,15-05-2022,
CUST_3383,29,Male,Suburban,Monthly,66.73,21-10-2019,
CUST_3384,27,Female,Rural,Prepaid,49.76,14-10-2022,
CUST_3385,25,Male,Suburban,Prepaid,48.25,12-12-2018,
CUST_3386,41,Male,Urban,Yearly,39.84,29-07-2019,
CUST_3387,43,Female,Suburban,Monthly,55.32,02-06-2021,
CUST_3388,58,Male,Suburban,Monthly,30.96,20-05-2022,
CUST_3389,43,Male,Urban,Monthly,44.23,06-11-2020,
CUST_3390,43,Female,Rural,Yearly,48.07,03-11-2019,
CUST_3391,38,Female,Urban,Yearly,34.1,23-08-2018,
CUST_3392,25,Female,Urban,Prepaid,49.66,03-07-2018,
CUST_3393,43,Male,Urban,Prepaid,64.3,22-05-2020,
CUST_3394,64,Male,Suburban,Monthly,71.76,17-09-2020,
CUST_3395,32,Male,Suburban,Prepaid,46.45,21-09-2020,
CUST_3396,65,Male,Urban,Yearly,43.17,16-06-2018,
CUST_3397,63,Male,Urban,Prepaid,46.09,17-05-2019,
CUST_3398,57,Female,Rural,Monthly,59.39,18-05-2020,
CUST_3399,35,Male,Suburban,Monthly,40.64,27-06-2018,
CUST_3400,59,Female,Suburban,Monthly,40.62,08-01-2019,
CUST_3401,43,Male,Suburban,Prepaid,54.07,23-02-2019,
CUST_3402,43,Female,Suburban,Yearly,57.78,17-03-2019,
CUST_3403,29,Male,Urban,Prepaid,53.01,08-01-2023,
CUST_3404,19,Male,Urban,Monthly,51.86,22-04-2020,
CUST_3405,24,Female,Rural,Monthly,42.73,27-10-2020,
CUST_3406,33,Male,Suburban,Prepaid,50.31,13-11-2019,
CUST_3407,20,Female,Suburban,Yearly,14.25,20-12-2020,
CUST_3408,43,Male,Urban,Monthly,73.25,12-04-2018,
CUST_3409,43,Male,Rural,Monthly,52.42,09-05-2022,
CUST_3410,44,Female,Urban,Monthly,81.56,23-11-2022,
CUST_3411,43,Male,Suburban,Monthly,69.33,28-07-2018,
CUST_3412,60,Female,Suburban,Prepaid,37.77,04-07-2018,
CUST_3413,43,Male,Rural,Monthly,44.54,22-07-2021,
CUST_3414,43,Male,Urban,Monthly,33.47,23-09-2019,
CUST_3415,43,Male,Suburban,Prepaid,39.96,03-12-2022,
CUST_3416,45,Male,Suburban,Monthly,26.54,02-04-2018,
CUST_3417,18,Male,Rural,Monthly,36.15,25-03-2018,
CUST_3418,25,Male,Suburban,Monthly,34.47,23-11-2020,
CUST_3419,54,Male,Suburban,Prepaid,63.22,12-03-2023,
CUST_3420,43,Female,Urban,Prepaid,25.69,23-01-2022,
CUST_3421,43,Male,Rural,Prepaid,83.39,03-12-2022,
CUST_3422,43,Male,Rural,Monthly,45.17,04-02-2022,
CUST_3423,54,Male,Rural,Yearly,70.21,24-05-2023,
CUST_3424,21,Female,Urban,Prepaid,35.54,04-08-2020,
CUST_3425,43,Female,Rural,Prepaid,61.67,26-12-2022,
CUST_3426,43,Male,Suburban,Monthly,27.97,25-09-2020,
CUST_3427,63,Male,Rural,Prepaid,27.89,22-02-2020,
CUST_3428,36,Male,Suburban,Prepaid,66.42,15-01-2021,
CUST_3429,43,Female,Rural,Monthly,48.17,05-12-2021,
CUST_3430,26,Male,Rural,Monthly,47.03,19-04-2022,
CUST_3431,29,Female,Urban,Monthly,34.95,03-05-2020,
CUST_3432,28,Male,Rural,Monthly,36.93,20-04-2018,
CUST_3433,63,Female,Rural,Prepaid,26.06,08-07-2018,
CUST_3434,43,Female,Urban,Yearly,42.15,21-09-2022,
CUST_3435,43,Male,Suburban,Prepaid,53.84,01-05-2018,
CUST_3436,62,Male,Rural,Prepaid,51.19,29-03-2020,
CUST_3437,43,Male,Rural,Prepaid,51.35,15-11-2019,
CUST_3438,47,Male,Suburban,Prepaid,19.2,22-05-2018,
CUST_3439,30,Male,Urban,Prepaid,52.95,10-11-2019,
CUST_3440,51,Male,Rural,Monthly,45.22,25-08-2020,
CUST_3441,43,Male,Urban,Monthly,38.21,27-12-2018,
CUST_3442,45,Female,Suburban,Prepaid,31.47,26-07-2021,
CUST_3443,43,Male,Suburban,Monthly,59.96,05-09-2021,
CUST_3444,48,Male,Urban,Monthly,18.11,30-04-2020,
CUST_3445,44,Female,Suburban,Prepaid,31.5,26-03-2021,
CUST_3446,22,Male,Suburban,Prepaid,52.21,04-07-2019,
CUST_3447,43,Male,Rural,Prepaid,42.29,26-05-2020,
CUST_3448,20,Male,Urban,Prepaid,55.67,16-05-2023,
CUST_3449,43,Male,Rural,Monthly,51.45,12-06-2021,
CUST_3450,21,Female,Urban,Prepaid,39.81,05-09-2021,
CUST_3451,42,Female,Rural,Prepaid,24.61,11-10-2020,
CUST_3452,43,Male,Suburban,Prepaid,61.3,26-09-2021,
CUST_3453,51,Male,Urban,Yearly,47.41,07-03-2020,
CUST_3454,43,Female,Urban,Prepaid,30.27,24-04-2020,
CUST_3455,22,Male,Urban,Monthly,18.51,17-11-2019,
CUST_3456,52,Female,Urban,Prepaid,54.99,19-10-2021,
CUST_3457,45,Female,Suburban,Monthly,40.47,03-06-2019,
CUST_3458,46,Female,Suburban,Yearly,32.82,16-04-2023,
CUST_3459,26,Male,Suburban,Monthly,67.67,06-04-2021,
CUST_3460,69,Male,Rural,Yearly,21.88,16-04-2020,
CUST_3461,55,Male,Suburban,Monthly,46.25,26-03-2019,
CUST_3462,43,Female,Rural,Monthly,60.87,21-06-2018,
CUST_3463,43,Male,Rural,Monthly,57.33,01-09-2022,
CUST_3464,36,Male,Suburban,Prepaid,30.45,11-08-2021,
CUST_3465,61,Female,Suburban,Monthly,69.76,24-05-2018,
CUST_3466,28,Male,Suburban,Yearly,71.3,28-01-2019,
CUST_3467,19,Male,Rural,Prepaid,65.37,05-01-2022,
CUST_3468,43,Male,Urban,Yearly,37,05-08-2022,
CUST_3469,43,Female,Suburban,Monthly,46.62,31-03-2023,
CUST_3470,61,Male,Rural,Monthly,68.87,30-06-2019,
CUST_3471,26,Female,Rural,Monthly,56.66,25-04-2018,
CUST_3472,43,Female,Suburban,Yearly,40.43,09-08-2022,
CUST_3473,41,Female,Rural,Prepaid,46.81,09-07-2020,
CUST_3474,51,Male,Suburban,Prepaid,27.13,20-02-2018,
CUST_3475,39,Male,Rural,Monthly,67.24,25-10-2020,
CUST_3476,20,Male,Urban,Yearly,48.47,16-02-2019,
CUST_3477,43,Female,Rural,Monthly,76.14,21-04-2023,
CUST_3478,45,Female,Suburban,Prepaid,22.61,04-03-2022,
CUST_3479,47,Male,Urban,Prepaid,35.43,12-05-2018,
CUST_3480,43,Female,Suburban,Yearly,49.21,25-09-2018,
CUST_3481,43,Male,Rural,Prepaid,83.92,15-05-2019,
CUST_3482,43,Male,Urban,Monthly,51.17,25-09-2020,
CUST_3483,45,Male,Urban,Prepaid,38.6,15-12-2020,
CUST_3484,43,Male,Rural,Prepaid,50.27,21-07-2018,
CUST_3485,50,Male,Urban,Prepaid,39.86,15-10-2021,
CUST_3486,38,Male,Urban,Prepaid,64.19,26-11-2021,
CUST_3487,52,Male,Urban,Monthly,62.92,19-02-2021,
CUST_3488,69,Female,Suburban,Prepaid,74.15,03-11-2022,
CUST_3489,43,Male,Suburban,Prepaid,25.37,30-01-2021,
CUST_3490,43,Female,Urban,Monthly,22.92,27-12-2019,
CUST_3491,68,Female,Rural,Yearly,46.51,18-03-2023,
CUST_3492,64,Male,Rural,Monthly,62.24,24-10-2019,
CUST_3493,43,Female,Suburban,Prepaid,65.37,26-04-2021,
CUST_3494,28,Female,Rural,Prepaid,53.6,06-07-2019,
CUST_3495,43,Female,Urban,Monthly,62.21,10-03-2021,
CUST_3496,43,Male,Rural,Yearly,72.72,06-02-2021,
CUST_3497,39,Male,Suburban,Prepaid,38.18,10-07-2022,
CUST_3498,34,Male,Suburban,Prepaid,72.01,09-04-2022,
CUST_3499,22,Male,Urban,Monthly,72.46,30-10-2022,
CUST_3500,43,Male,Suburban,Monthly,41.72,30-03-2021,
CUST_3501,43,Female,Suburban,Monthly,35.76,02-12-2022,
CUST_3502,43,Female,Suburban,Prepaid,61.37,14-07-2021,
CUST_3503,43,Male,Rural,Prepaid,79.86,06-04-2022,
CUST_3504,44,Female,Suburban,Prepaid,37.33,03-12-2022,
CUST_3505,52,Female,Rural,Prepaid,78.8,29-03-2019,
CUST_3506,50,Female,Suburban,Yearly,35.59,14-08-2021,
CUST_3507,37,Female,Suburban,Prepaid,46.7,04-08-2020,
CUST_3508,33,Male,Rural,Monthly,33.06,14-08-2019,
CUST_3509,51,Male,Rural,Monthly,56.46,15-04-2019,
CUST_3510,43,Male,Urban,Prepaid,52.03,25-10-2022,
CUST_3511,52,Female,Urban,Yearly,50.75,22-03-2021,
CUST_3512,57,Female,Rural,Monthly,40.58,13-01-2020,
CUST_3513,43,Male,Suburban,Yearly,43.59,24-11-2021,
CUST_3514,64,Male,Urban,Prepaid,49,18-09-2018,
CUST_3515,56,Female,Rural,Prepaid,46.08,24-05-2022,
CUST_3516,23,Male,Rural,Prepaid,49.36,10-02-2023,
CUST_3517,26,Male,Suburban,Prepaid,27.55,14-10-2020,
CUST_3518,37,Female,Rural,Monthly,17.74,16-05-2019,
CUST_3519,18,Female,Urban,Yearly,55.2,06-02-2019,
CUST_3520,25,Male,Suburban,Prepaid,55.69,16-09-2022,
CUST_3521,43,Female,Rural,Yearly,53.52,04-10-2020,
CUST_3522,20,Male,Rural,Monthly,57.92,04-05-2020,
CUST_3523,21,Female,Suburban,Monthly,43.21,31-07-2021,
CUST_3524,42,Female,Suburban,Prepaid,44.72,11-03-2021,
CUST_3525,43,Male,Suburban,Prepaid,42.83,17-12-2019,
CUST_3526,43,Female,Urban,Yearly,22.85,15-11-2021,
CUST_3527,32,Male,Urban,Prepaid,58.62,22-07-2020,
CUST_3528,43,Female,Rural,Monthly,61.78,06-01-2019,
CUST_3529,52,Male,Rural,Monthly,63.98,23-03-2022,
CUST_3530,63,Female,Suburban,Yearly,45.34,06-12-2020,
CUST_3531,69,Female,Rural,Monthly,39.24,31-03-2018,
CUST_3532,31,Male,Rural,Prepaid,42.94,06-03-2021,
CUST_3533,43,Female,Suburban,Monthly,42.27,12-01-2019,
CUST_3534,29,Male,Urban,Prepaid,19.95,06-04-2020,
CUST_3535,34,Female,Urban,Monthly,54.46,20-02-2019,
CUST_3536,43,Female,Urban,Prepaid,62.65,06-09-2021,
CUST_3537,26,Male,Rural,Monthly,53.25,03-05-2021,
CUST_3538,52,Female,Suburban,Prepaid,50.34,24-04-2021,
CUST_3539,30,Female,Urban,Yearly,40.59,12-08-2019,
CUST_3540,32,Male,Rural,Monthly,61.43,14-08-2021,
CUST_3541,35,Female,Suburban,Yearly,48.68,20-07-2020,
CUST_3542,68,Male,Urban,Prepaid,31.72,27-07-2021,
CUST_3543,50,Male,Urban,Monthly,69.85,28-11-2021,
CUST_3544,43,Male,Suburban,Prepaid,59.7,22-08-2019,
CUST_3545,44,Female,Rural,Monthly,74.82,07-08-2019,
CUST_3546,40,Female,Rural,Yearly,67.44,08-04-2020,
CUST_3547,43,Male,Urban,Yearly,40.65,06-09-2020,
CUST_3548,51,Female,Suburban,Prepaid,45.72,18-06-2020,
CUST_3549,63,Male,Rural,Yearly,65.17,09-11-2019,
CUST_3550,55,Female,Suburban,Monthly,32.37,27-07-2019,
CUST_3551,43,Male,Suburban,Yearly,74.84,17-04-2020,
CUST_3552,53,Male,Urban,Monthly,54.91,25-02-2022,
CUST_3553,43,Female,Suburban,Yearly,62.42,30-05-2021,
CUST_3554,52,Male,Suburban,Yearly,54.84,17-08-2021,
CUST_3555,36,Male,Suburban,Prepaid,50.8,03-06-2018,
CUST_3556,43,Female,Rural,Prepaid,45.64,10-02-2019,
CUST_3557,31,Male,Urban,Prepaid,47.8,16-05-2021,
CUST_3558,43,Male,Urban,Monthly,9.94,21-02-2019,
CUST_3559,43,Female,Suburban,Yearly,58.44,08-05-2019,
CUST_3560,43,Male,Suburban,Monthly,82.68,28-03-2022,
CUST_3561,43,Male,Rural,Monthly,37.56,26-05-2020,
CUST_3562,43,Male,Urban,Prepaid,27.98,21-10-2021,
CUST_3563,43,Male,Rural,Prepaid,73.53,23-01-2018,
CUST_3564,43,Male,Urban,Prepaid,55.66,02-03-2021,
CUST_3565,55,Male,Rural,Monthly,63.57,08-02-2023,
CUST_3566,40,Male,Suburban,Prepaid,57.55,21-07-2018,
CUST_3567,39,Male,Rural,Prepaid,36.09,26-09-2022,
CUST_3568,65,Female,Suburban,Monthly,63.63,29-05-2020,
CUST_3569,43,Male,Urban,Prepaid,42.61,25-01-2023,
CUST_3570,63,Male,Urban,Prepaid,37.61,11-05-2023,
CUST_3571,43,Female,Suburban,Prepaid,59.58,17-04-2021,
CUST_3572,20,Male,Urban,Yearly,52.59,08-12-2020,
CUST_3573,59,Male,Rural,Prepaid,56.2,22-04-2018,
CUST_3574,43,Male,Suburban,Yearly,55.66,29-05-2022,
CUST_3575,26,Male,Urban,Prepaid,62.45,10-11-2019,
CUST_3576,45,Male,Rural,Yearly,69.45,05-01-2018,
CUST_3577,37,Male,Rural,Monthly,53.17,23-01-2018,
CUST_3578,62,Female,Urban,Yearly,71.67,13-07-2022,
CUST_3579,43,Female,Urban,Yearly,66.98,21-01-2023,
CUST_3580,43,Female,Rural,Monthly,61.1,20-06-2020,
CUST_3581,26,Female,Suburban,Yearly,41.38,17-06-2021,
CUST_3582,36,Female,Urban,Monthly,64.7,05-05-2018,
CUST_3583,43,Male,Urban,Monthly,56.41,19-03-2022,
CUST_3584,43,Male,Suburban,Monthly,29.87,15-04-2022,
CUST_3585,31,Male,Suburban,Yearly,32.24,21-09-2018,
CUST_3586,43,Male,Urban,Yearly,31.78,28-05-2019,
CUST_3587,53,Male,Suburban,Prepaid,32.1,03-01-2023,
CUST_3588,43,Female,Rural,Monthly,33.57,20-12-2018,
CUST_3589,34,Female,Rural,Yearly,62.55,01-09-2021,
CUST_3590,47,Male,Rural,Monthly,51.23,01-01-2022,
CUST_3591,43,Male,Urban,Yearly,63.24,25-10-2019,
CUST_3592,50,Male,Suburban,Prepaid,33.2,10-10-2019,
CUST_3593,43,Female,Rural,Prepaid,26.87,20-01-2018,
CUST_3594,43,Female,Suburban,Monthly,37.05,31-01-2023,
CUST_3595,31,Male,Rural,Prepaid,60.39,21-06-2021,
CUST_3596,43,Female,Suburban,Prepaid,61.22,13-03-2023,
CUST_3597,52,Male,Rural,Monthly,46.59,06-09-2020,
CUST_3598,58,Female,Rural,Prepaid,54.84,12-10-2019,
CUST_3599,31,Female,Rural,Prepaid,42.4,03-04-2020,
CUST_3600,47,Male,Rural,Prepaid,39.12,07-06-2022,
CUST_3601,58,Female,Rural,Monthly,55.96,25-01-2022,
CUST_3602,21,Female,Rural,Prepaid,59.94,27-06-2021,
CUST_3603,21,Male,Rural,Prepaid,76.86,24-01-2019,
CUST_3604,45,Female,Rural,Monthly,35.02,05-07-2019,
CUST_3605,25,Male,Rural,Prepaid,33.15,28-08-2021,
CUST_3606,19,Female,Suburban,Yearly,42.57,15-09-2022,
CUST_3607,58,Male,Suburban,Prepaid,59.2,19-02-2022,
CUST_3608,63,Male,Urban,Yearly,80.12,21-12-2021,
CUST_3609,43,Female,Rural,Monthly,52.12,18-02-2019,
CUST_3610,43,Female,Suburban,Yearly,37.07,28-07-2020,
CUST_3611,33,Male,Suburban,Prepaid,32.91,23-03-2019,
CUST_3612,46,Female,Suburban,Prepaid,41.26,29-05-2019,
CUST_3613,66,Female,Suburban,Yearly,53.44,22-09-2021,
CUST_3614,65,Female,Suburban,Prepaid,60.69,20-09-2020,
CUST_3615,43,Male,Suburban,Monthly,53.28,03-02-2023,
CUST_3616,43,Male,Urban,Prepaid,39.2,15-12-2022,
CUST_3617,43,Male,Suburban,Monthly,30.38,06-05-2018,
CUST_3618,28,Female,Urban,Yearly,59.84,01-02-2021,
CUST_3619,43,Female,Urban,Yearly,41.74,24-05-2023,
CUST_3620,67,Male,Rural,Prepaid,42.98,14-02-2021,
CUST_3621,38,Male,Rural,Prepaid,34.79,17-02-2023,
CUST_3622,38,Female,Rural,Yearly,26.69,15-05-2019,
CUST_3623,22,Female,Suburban,Yearly,74.67,07-11-2020,
CUST_3624,65,Female,Rural,Prepaid,40.12,03-02-2021,
CUST_3625,37,Female,Suburban,Monthly,20.53,11-05-2022,
CUST_3626,43,Male,Suburban,Prepaid,52.44,12-02-2018,
CUST_3627,43,Female,Rural,Yearly,47.78,17-07-2021,
CUST_3628,61,Female,Rural,Prepaid,21.91,19-12-2022,
CUST_3629,43,Male,Urban,Monthly,67.11,02-03-2019,
CUST_3630,26,Male,Urban,Monthly,59.93,21-05-2018,
CUST_3631,43,Female,Suburban,Yearly,62.64,31-07-2022,
CUST_3632,21,Male,Suburban,Yearly,54.02,16-08-2018,
CUST_3633,52,Female,Rural,Prepaid,152.25,25-03-2021,
CUST_3634,34,Female,Rural,Monthly,49.07,21-02-2023,
CUST_3635,43,Male,Urban,Yearly,42.79,13-01-2018,
CUST_3636,43,Male,Rural,Monthly,40.25,20-11-2020,
CUST_3637,43,Female,Suburban,Monthly,74.55,04-03-2021,
CUST_3638,18,Male,Rural,Monthly,35.13,25-08-2021,
CUST_3639,25,Female,Urban,Prepaid,43.05,03-08-2018,
CUST_3640,43,Female,Suburban,Monthly,50.57,26-03-2021,
CUST_3641,43,Female,Urban,Prepaid,55.91,09-09-2021,
CUST_3642,43,Male,Urban,Monthly,75.38,09-02-2018,
CUST_3643,57,Female,Suburban,Yearly,47.55,27-03-2019,
CUST_3644,29,Female,Urban,Prepaid,54.36,05-08-2020,
CUST_3645,29,Female,Rural,Monthly,31.94,21-12-2020,
CUST_3646,43,Male,Rural,Prepaid,58.63,13-08-2020,
CUST_3647,64,Female,Urban,Prepaid,79.03,14-12-2022,
CUST_3648,32,Female,Rural,Yearly,43.59,29-08-2021,
CUST_3649,43,Female,Urban,Monthly,62.05,31-03-2018,
CUST_3650,36,Male,Rural,Prepaid,28.84,10-04-2019,
CUST_3651,43,Female,Urban,Monthly,44.82,02-01-2020,
CUST_3652,69,Female,Rural,Monthly,45.58,15-10-2021,
CUST_3653,46,Male,Suburban,Prepaid,55.28,10-01-2018,
CUST_3654,39,Male,Suburban,Monthly,47.91,13-10-2021,
CUST_3655,43,Female,Rural,Prepaid,66.94,13-08-2021,
CUST_3656,38,Female,Urban,Monthly,42.29,19-01-2018,
CUST_3657,68,Female,Rural,Prepaid,60.96,08-03-2023,
CUST_3658,55,Male,Urban,Prepaid,52.42,01-01-2023,
CUST_3659,43,Male,Rural,Prepaid,33.82,07-06-2019,
CUST_3660,46,Female,Rural,Prepaid,16.57,26-02-2022,
CUST_3661,68,Male,Suburban,Yearly,52.2,30-12-2021,
CUST_3662,43,Female,Urban,Prepaid,39.73,13-02-2021,
CUST_3663,24,Female,Urban,Prepaid,54.13,24-07-2019,
CUST_3664,45,Male,Urban,Yearly,31.09,01-07-2019,
CUST_3665,45,Female,Urban,Monthly,58,16-11-2019,
CUST_3666,21,Male,Urban,Prepaid,367.65,09-09-2021,
CUST_3667,39,Male,Suburban,Yearly,46.41,13-03-2023,
CUST_3668,43,Female,Rural,Prepaid,20.06,20-11-2022,
CUST_3669,62,Male,Urban,Monthly,49.16,31-07-2019,
CUST_3670,20,Female,Urban,Prepaid,39.31,01-03-2020,
CUST_3671,39,Male,Rural,Monthly,35.79,24-05-2019,
CUST_3672,61,Female,Suburban,Monthly,46.86,20-12-2020,
CUST_3673,19,Female,Suburban,Prepaid,64.95,07-09-2020,
CUST_3674,41,Female,Suburban,Monthly,41.35,09-03-2021,
CUST_3675,51,Male,Rural,Monthly,60.46,29-02-2020,
CUST_3676,44,Female,Rural,Monthly,46.77,02-06-2020,
CUST_3677,58,Male,Suburban,Yearly,48.64,15-12-2019,
CUST_3678,18,Male,Suburban,Monthly,66.38,15-02-2019,
CUST_3679,43,Male,Rural,Monthly,45.81,14-09-2021,
CUST_3680,43,Male,Suburban,Monthly,61.49,22-07-2022,
CUST_3681,55,Male,Urban,Monthly,46.59,27-06-2019,
CUST_3682,23,Female,Rural,Prepaid,58.39,27-09-2019,
CUST_3683,39,Male,Suburban,Monthly,46.02,17-11-2022,
CUST_3684,42,Female,Urban,Monthly,52.57,17-11-2020,
CUST_3685,35,Female,Rural,Yearly,53.86,30-11-2022,
CUST_3686,43,Male,Rural,Monthly,60.14,25-05-2018,
CUST_3687,29,Female,Urban,Prepaid,57.2,03-08-2022,
CUST_3688,43,Female,Rural,Monthly,37.34,30-05-2023,
CUST_3689,43,Male,Suburban,Yearly,77.3,09-01-2022,
CUST_3690,44,Female,Rural,Yearly,50.39,07-03-2020,
CUST_3691,25,Male,Suburban,Yearly,63.73,03-11-2019,
CUST_3692,36,Male,Urban,Yearly,14.15,02-09-2018,
CUST_3693,43,Male,Urban,Prepaid,62.05,20-06-2023,
CUST_3694,18,Female,Rural,Monthly,61.48,05-06-2020,
CUST_3695,46,Female,Urban,Monthly,53.51,05-08-2020,
CUST_3696,43,Female,Urban,Prepaid,16.15,09-04-2022,
CUST_3697,43,Female,Rural,Prepaid,39.17,18-02-2019,
CUST_3698,52,Male,Suburban,Yearly,34.64,16-06-2022,
CUST_3699,43,Male,Rural,Monthly,67.44,26-03-2023,
CUST_3700,43,Female,Rural,Yearly,31.95,14-04-2021,
CUST_3701,43,Male,Suburban,Yearly,58.31,31-08-2019,
CUST_3702,43,Female,Suburban,Prepaid,45.66,02-03-2020,
CUST_3703,62,Male,Suburban,Yearly,66.24,02-02-2019,
CUST_3704,37,Male,Rural,Prepaid,53.43,15-04-2019,
CUST_3705,66,Male,Suburban,Monthly,40.32,14-08-2020,
CUST_3706,30,Male,Urban,Prepaid,38.38,08-05-2022,
CUST_3707,43,Male,Suburban,Prepaid,43.37,24-05-2018,
CUST_3708,43,Female,Urban,Yearly,3.62,05-10-2019,
CUST_3709,63,Female,Suburban,Prepaid,76.56,13-10-2021,
CUST_3710,66,Male,Urban,Monthly,69.71,12-06-2021,
CUST_3711,43,Female,Urban,Prepaid,51.02,21-06-2023,
CUST_3712,43,Male,Urban,Prepaid,64.09,05-12-2019,
CUST_3713,37,Male,Urban,Prepaid,49.46,26-01-2021,
CUST_3714,50,Male,Urban,Monthly,56.54,13-06-2023,
CUST_3715,43,Male,Suburban,Prepaid,64.8,11-01-2021,
CUST_3716,56,Female,Rural,Prepaid,46.42,23-02-2021,
CUST_3717,38,Male,Rural,Monthly,61.61,25-02-2021,
CUST_3718,66,Female,Rural,Prepaid,23.05,07-07-2019,
CUST_3719,59,Male,Rural,Monthly,53.22,26-12-2021,
CUST_3720,60,Male,Rural,Yearly,49.78,07-06-2021,
CUST_3721,43,Female,Urban,Prepaid,44.9,21-07-2019,
CUST_3722,26,Male,Suburban,Monthly,46.9,20-04-2020,
CUST_3723,41,Male,Urban,Monthly,46.37,11-04-2021,
CUST_3724,43,Female,Suburban,Monthly,66.62,15-02-2021,
CUST_3725,66,Female,Suburban,Monthly,49.13,06-04-2018,
CUST_3726,58,Female,Suburban,Yearly,92.32,19-06-2023,
CUST_3727,34,Male,Suburban,Prepaid,35.91,05-03-2020,
CUST_3728,41,Male,Rural,Yearly,58.32,19-02-2020,
CUST_3729,43,Female,Suburban,Yearly,63.42,28-12-2018,
CUST_3730,43,Female,Suburban,Yearly,44.16,23-08-2020,
CUST_3731,56,Male,Rural,Monthly,31.8,19-08-2020,
CUST_3732,43,Male,Urban,Yearly,43.23,07-01-2022,
CUST_3733,56,Female,Urban,Prepaid,30.18,30-11-2022,
CUST_3734,43,Female,Urban,Monthly,37.65,11-01-2019,
CUST_3735,28,Female,Urban,Prepaid,55.81,26-07-2020,
CUST_3736,63,Female,Suburban,Yearly,88.85,04-12-2020,
CUST_3737,36,Male,Rural,Monthly,76.03,10-04-2019,
CUST_3738,28,Male,Rural,Prepaid,40.88,08-10-2019,
CUST_3739,30,Male,Urban,Yearly,64.18,01-05-2019,
CUST_3740,43,Male,Rural,Monthly,44.55,16-06-2023,
CUST_3741,62,Female,Suburban,Monthly,36.95,04-03-2022,
CUST_3742,18,Male,Urban,Prepaid,48.76,25-05-2022,
CUST_3743,57,Female,Suburban,Yearly,17.18,16-03-2019,
CUST_3744,61,Male,Suburban,Monthly,24.79,24-07-2019,
CUST_3745,43,Male,Suburban,Monthly,63.7,20-07-2021,
CUST_3746,43,Male,Suburban,Monthly,70.46,17-03-2023,
CUST_3747,43,Female,Suburban,Monthly,12.65,12-05-2018,
CUST_3748,25,Male,Urban,Monthly,71.86,17-03-2022,
CUST_3749,62,Female,Suburban,Prepaid,67.38,21-01-2022,
CUST_3750,29,Female,Urban,Prepaid,44.77,20-06-2018,
CUST_3751,65,Male,Rural,Monthly,56.82,14-12-2018,
CUST_3752,50,Female,Suburban,Yearly,77.26,25-02-2018,
CUST_3753,62,Male,Suburban,Monthly,68.39,25-09-2020,
CUST_3754,43,Female,Rural,Prepaid,57.41,25-09-2022,
CUST_3755,56,Male,Urban,Prepaid,40.49,06-02-2018,
CUST_3756,45,Female,Suburban,Monthly,43.85,16-01-2019,
CUST_3757,43,Female,Rural,Yearly,60.49,16-11-2018,
CUST_3758,25,Male,Rural,Prepaid,58.13,09-04-2020,
CUST_3759,43,Male,Suburban,Monthly,67.43,12-04-2020,
CUST_3760,43,Male,Urban,Prepaid,28.33,30-06-2020,
CUST_3761,63,Male,Urban,Prepaid,56.67,03-06-2019,
CUST_3762,40,Female,Suburban,Prepaid,60.79,12-02-2022,
CUST_3763,47,Female,Rural,Yearly,46.37,12-01-2019,
CUST_3764,62,Female,Suburban,Yearly,85.73,27-09-2021,
CUST_3765,43,Female,Urban,Prepaid,37.03,27-02-2023,
CUST_3766,40,Male,Rural,Monthly,245.8,18-11-2021,
CUST_3767,66,Female,Suburban,Prepaid,60.96,03-01-2021,
CUST_3768,43,Male,Rural,Monthly,62.95,25-04-2019,
CUST_3769,43,Female,Urban,Monthly,46.32,01-01-2018,
CUST_3770,43,Male,Urban,Prepaid,46.29,16-07-2021,
CUST_3771,35,Male,Urban,Prepaid,60.48,12-08-2019,
CUST_3772,19,Male,Suburban,Yearly,56.96,18-05-2022,
CUST_3773,43,Male,Rural,Monthly,51.38,15-10-2022,
CUST_3774,47,Male,Suburban,Prepaid,22.1,13-03-2023,
CUST_3775,50,Female,Suburban,Monthly,52.22,14-03-2020,
CUST_3776,53,Male,Suburban,Yearly,74.23,17-04-2022,
CUST_3777,43,Female,Suburban,Monthly,58.84,08-04-2023,
CUST_3778,54,Female,Rural,Monthly,38.36,18-10-2021,
CUST_3779,36,Male,Rural,Monthly,28.12,21-10-2022,
CUST_3780,64,Female,Suburban,Monthly,64.38,15-03-2018,
CUST_3781,43,Female,Suburban,Monthly,43.1,12-12-2022,
CUST_3782,57,Female,Urban,Yearly,70.03,28-09-2021,
CUST_3783,37,Male,Urban,Prepaid,69.69,10-01-2019,
CUST_3784,66,Male,Rural,Monthly,47.77,18-04-2023,
CUST_3785,43,Male,Urban,Prepaid,54.88,08-09-2022,
CUST_3786,43,Male,Rural,Prepaid,56.75,21-01-2020,
CUST_3787,43,Female,Rural,Monthly,32,14-05-2023,
CUST_3788,32,Female,Rural,Yearly,75.6,22-12-2020,
CUST_3789,58,Female,Urban,Prepaid,57.49,04-06-2018,
CUST_3790,56,Female,Urban,Yearly,52.3,16-03-2022,
CUST_3791,19,Female,Rural,Prepaid,64.8,31-01-2018,
CUST_3792,46,Female,Rural,Prepaid,54.58,18-04-2022,
CUST_3793,58,Male,Suburban,Prepaid,33.68,20-06-2020,
CUST_3794,27,Female,Rural,Monthly,37.92,23-07-2019,
CUST_3795,43,Female,Rural,Monthly,17.81,07-11-2019,
CUST_3796,68,Female,Suburban,Monthly,50.99,17-02-2022,
CUST_3797,43,Male,Rural,Monthly,58.29,11-04-2018,
CUST_3798,30,Female,Rural,Monthly,47.19,15-12-2020,
CUST_3799,43,Female,Rural,Monthly,32.67,04-08-2020,
CUST_3800,31,Male,Suburban,Prepaid,42.57,16-07-2022,
CUST_3801,35,Female,Urban,Yearly,44.47,22-11-2019,
CUST_3802,68,Male,Rural,Monthly,63.01,15-05-2018,
CUST_3803,26,Male,Suburban,Prepaid,71.48,17-10-2020,
CUST_3804,56,Female,Rural,Prepaid,8.95,03-07-2020,
CUST_3805,45,Female,Suburban,Monthly,48.82,06-11-2019,
CUST_3806,43,Male,Rural,Prepaid,40.94,22-07-2018,
CUST_3807,37,Female,Suburban,Monthly,46.09,26-01-2023,
CUST_3808,43,Female,Urban,Prepaid,62.63,07-02-2023,
CUST_3809,43,Male,Urban,Monthly,42.51,12-04-2021,
CUST_3810,43,Male,Urban,Prepaid,60.27,28-06-2022,
CUST_3811,46,Female,Rural,Yearly,79.87,19-01-2023,
CUST_3812,55,Male,Suburban,Yearly,43.25,17-07-2018,
CUST_3813,20,Female,Rural,Yearly,46.74,19-12-2018,
CUST_3814,33,Female,Rural,Prepaid,46.41,25-10-2021,
CUST_3815,47,Female,Suburban,Yearly,85.8,06-04-2018,
CUST_3816,57,Female,Rural,Monthly,42.5,28-12-2020,
CUST_3817,19,Male,Suburban,Monthly,72.05,07-11-2018,
CUST_3818,34,Female,Suburban,Prepaid,49.46,30-07-2020,
CUST_3819,43,Male,Urban,Monthly,52.55,13-11-2021,
CUST_3820,43,Female,Urban,Yearly,62.42,10-05-2021,
CUST_3821,52,Female,Urban,Prepaid,44.41,23-11-2020,
CUST_3822,60,Male,Suburban,Prepaid,64.74,28-10-2021,
CUST_3823,43,Female,Urban,Prepaid,45.85,16-02-2018,
CUST_3824,62,Male,Suburban,Prepaid,33.97,20-10-2019,
CUST_3825,43,Male,Rural,Monthly,65.25,05-10-2018,
CUST_3826,43,Female,Urban,Yearly,59.15,09-10-2018,
CUST_3827,54,Female,Suburban,Prepaid,41.21,18-10-2021,
CUST_3828,43,Female,Suburban,Monthly,67.29,09-03-2021,
CUST_3829,66,Female,Suburban,Monthly,35.23,26-10-2019,
CUST_3830,43,Male,Suburban,Prepaid,56.34,06-04-2020,
CUST_3831,43,Female,Urban,Monthly,24.61,09-01-2022,
CUST_3832,40,Female,Urban,Prepaid,44.16,11-04-2019,
CUST_3833,43,Female,Urban,Monthly,37.37,22-07-2018,
CUST_3834,55,Female,Suburban,Prepaid,31.11,29-09-2019,
CUST_3835,45,Female,Rural,Monthly,50.37,25-08-2018,
CUST_3836,38,Male,Suburban,Prepaid,54.98,03-12-2021,
CUST_3837,43,Female,Rural,Yearly,59.22,05-01-2020,
CUST_3838,35,Male,Urban,Yearly,50.03,22-02-2019,
CUST_3839,53,Female,Suburban,Prepaid,56.46,10-05-2020,
CUST_3840,52,Female,Suburban,Monthly,33.15,05-03-2019,
CUST_3841,62,Female,Urban,Prepaid,36.8,25-10-2019,
CUST_3842,43,Male,Suburban,Monthly,49.73,04-02-2023,
CUST_3843,55,Female,Rural,Prepaid,36.86,01-03-2018,
CUST_3844,47,Male,Rural,Monthly,50.08,05-06-2022,
CUST_3845,61,Male,Rural,Prepaid,40.25,12-05-2020,
CUST_3846,51,Female,Suburban,Prepaid,47.62,30-06-2020,
CUST_3847,49,Male,Suburban,Prepaid,25.03,30-03-2020,
CUST_3848,20,Female,Rural,Prepaid,24.32,19-02-2021,
CUST_3849,43,Female,Suburban,Monthly,39.24,02-12-2019,
CUST_3850,45,Male,Rural,Prepaid,30.1,01-06-2021,
CUST_3851,61,Female,Urban,Yearly,10.63,30-10-2021,
CUST_3852,43,Female,Rural,Monthly,57.24,10-03-2018,
CUST_3853,43,Male,Urban,Prepaid,64.57,14-03-2020,
CUST_3854,40,Male,Urban,Monthly,63.13,07-11-2022,
CUST_3855,43,Male,Urban,Monthly,47.83,13-08-2018,
CUST_3856,28,Male,Rural,Monthly,47.53,17-03-2022,
CUST_3857,43,Male,Rural,Monthly,51.49,23-04-2019,
CUST_3858,49,Male,Suburban,Prepaid,40.18,21-04-2019,
CUST_3859,53,Female,Suburban,Prepaid,22.36,22-10-2022,
CUST_3860,50,Male,Urban,Monthly,67.81,25-06-2019,
CUST_3861,41,Male,Rural,Yearly,50.22,09-05-2021,
CUST_3862,43,Female,Suburban,Yearly,49.29,12-05-2022,
CUST_3863,51,Female,Suburban,Prepaid,45.25,19-06-2021,
CUST_3864,45,Male,Suburban,Monthly,58.9,07-09-2020,
CUST_3865,54,Male,Rural,Yearly,48.23,21-01-2023,
CUST_3866,43,Female,Suburban,Prepaid,42.66,22-04-2023,
CUST_3867,21,Male,Urban,Monthly,44.97,10-08-2021,
CUST_3868,54,Male,Rural,Monthly,50.97,23-04-2020,
CUST_3869,43,Female,Suburban,Monthly,32.71,09-12-2022,
CUST_3870,18,Male,Suburban,Monthly,71.21,19-04-2018,
CUST_3871,64,Female,Rural,Yearly,40.89,19-09-2021,
CUST_3872,43,Male,Suburban,Prepaid,38.07,15-05-2020,
CUST_3873,36,Female,Suburban,Monthly,44.33,23-08-2018,
CUST_3874,43,Female,Urban,Prepaid,63.64,29-08-2021,
CUST_3875,27,Female,Rural,Monthly,45.97,03-04-2020,
CUST_3876,35,Male,Suburban,Yearly,67.46,20-10-2020,
CUST_3877,43,Female,Rural,Monthly,45.05,14-04-2018,
CUST_3878,52,Male,Rural,Prepaid,28.69,18-04-2018,
CUST_3879,60,Female,Urban,Monthly,37.48,26-11-2020,
CUST_3880,64,Female,Urban,Prepaid,39.71,09-01-2021,
CUST_3881,48,Female,Rural,Prepaid,59.73,05-06-2021,
CUST_3882,44,Male,Urban,Monthly,43.13,25-06-2021,
CUST_3883,28,Male,Urban,Monthly,32.29,06-11-2022,
CUST_3884,43,Female,Suburban,Monthly,28.29,06-10-2022,
CUST_3885,66,Male,Urban,Monthly,22.53,23-02-2021,
CUST_3886,55,Male,Urban,Prepaid,89.8,08-04-2022,
CUST_3887,22,Male,Suburban,Prepaid,38.76,21-06-2020,
CUST_3888,43,Female,Suburban,Monthly,56.64,28-09-2021,
CUST_3889,51,Male,Rural,Yearly,31.9,22-06-2023,
CUST_3890,65,Female,Urban,Yearly,68.41,04-12-2019,
CUST_3891,43,Female,Suburban,Monthly,37.14,15-01-2018,
CUST_3892,29,Female,Urban,Prepaid,78.06,19-09-2022,
CUST_3893,43,Male,Rural,Monthly,79.58,19-07-2019,
CUST_3894,18,Female,Urban,Monthly,33.27,14-06-2019,
CUST_3895,43,Male,Urban,Prepaid,68.59,30-03-2020,
CUST_3896,43,Male,Urban,Monthly,78.16,28-02-2021,
CUST_3897,43,Female,Suburban,Yearly,25.96,20-06-2021,
CUST_3898,43,Female,Suburban,Monthly,27.69,18-12-2018,
CUST_3899,43,Female,Rural,Prepaid,18.61,04-03-2022,
CUST_3900,22,Male,Urban,Monthly,35.9,05-03-2018,
CUST_3901,47,Male,Rural,Prepaid,34.92,29-08-2021,
CUST_3902,41,Female,Rural,Prepaid,44.99,30-07-2021,
CUST_3903,20,Female,Suburban,Yearly,30.85,16-03-2018,
CUST_3904,28,Male,Urban,Prepaid,60.38,04-12-2021,
CUST_3905,43,Male,Urban,Prepaid,50.46,20-03-2018,
CUST_3906,21,Female,Rural,Monthly,56.37,18-09-2020,
CUST_3907,43,Male,Urban,Yearly,65.44,22-05-2022,
CUST_3908,43,Male,Suburban,Monthly,53.95,20-01-2018,
CUST_3909,43,Male,Rural,Prepaid,46.64,16-04-2020,
CUST_3910,60,Male,Rural,Monthly,37.68,17-10-2020,
CUST_3911,44,Male,Suburban,Monthly,63.46,24-01-2021,
CUST_3912,59,Male,Suburban,Monthly,54.06,16-06-2021,
CUST_3913,68,Female,Suburban,Monthly,53.28,29-07-2018,
CUST_3914,67,Male,Suburban,Prepaid,40.92,09-06-2023,
CUST_3915,23,Female,Suburban,Yearly,54.5,08-12-2018,
CUST_3916,43,Female,Suburban,Monthly,38.28,08-03-2021,
CUST_3917,47,Male,Rural,Prepaid,54.65,06-01-2020,
CUST_3918,59,Female,Urban,Monthly,46.03,10-09-2018,
CUST_3919,43,Female,Urban,Prepaid,60.73,20-08-2019,
CUST_3920,43,Female,Rural,Monthly,30.07,18-10-2021,
CUST_3921,59,Male,Urban,Prepaid,50.71,05-11-2021,
CUST_3922,43,Female,Urban,Prepaid,60.54,27-01-2020,
CUST_3923,52,Male,Rural,Monthly,51.12,06-07-2020,
CUST_3924,43,Female,Urban,Yearly,28.67,14-01-2023,
CUST_3925,23,Female,Urban,Prepaid,38.83,08-05-2021,
CUST_3926,21,Female,Rural,Monthly,69.01,07-02-2020,
CUST_3927,35,Female,Urban,Monthly,48.94,08-12-2018,
CUST_3928,43,Male,Suburban,Monthly,37.71,10-12-2020,
CUST_3929,66,Female,Rural,Prepaid,68.81,07-06-2018,
CUST_3930,43,Female,Urban,Monthly,73.25,24-12-2021,
CUST_3931,30,Male,Urban,Prepaid,32.32,25-10-2018,
CUST_3932,43,Male,Suburban,Yearly,42.46,16-08-2021,
CUST_3933,69,Male,Rural,Monthly,44.83,29-07-2020,
CUST_3934,34,Female,Rural,Yearly,58,07-05-2018,
CUST_3935,62,Male,Urban,Prepaid,47.29,24-09-2019,
CUST_3936,49,Male,Suburban,Yearly,51.84,08-04-2019,
CUST_3937,43,Male,Suburban,Prepaid,47.81,19-02-2020,
CUST_3938,43,Male,Suburban,Monthly,83,20-08-2020,
CUST_3939,21,Male,Suburban,Prepaid,58.6,05-09-2021,
CUST_3940,43,Male,Suburban,Monthly,45.6,10-03-2018,
CUST_3941,54,Female,Suburban,Prepaid,45.83,04-03-2023,
CUST_3942,43,Male,Rural,Prepaid,57.1,17-06-2018,
CUST_3943,66,Female,Urban,Monthly,35.67,01-02-2018,
CUST_3944,43,Male,Urban,Monthly,54.05,31-05-2022,
CUST_3945,51,Male,Suburban,Monthly,52.39,07-11-2020,
CUST_3946,43,Male,Rural,Prepaid,37.03,06-08-2022,
CUST_3947,43,Female,Rural,Prepaid,15.28,18-10-2020,
CUST_3948,40,Male,Suburban,Yearly,23.95,27-09-2018,
CUST_3949,43,Male,Urban,Monthly,46.56,19-05-2023,
CUST_3950,43,Male,Suburban,Prepaid,63.61,28-08-2022,
CUST_3951,59,Male,Rural,Monthly,43.26,04-10-2020,
CUST_3952,51,Female,Suburban,Yearly,62.99,06-12-2020,
CUST_3953,49,Female,Urban,Yearly,44.5,06-12-2019,
CUST_3954,62,Female,Urban,Prepaid,34.23,13-05-2023,
CUST_3955,68,Female,Rural,Yearly,30.82,07-10-2022,
CUST_3956,66,Female,Suburban,Prepaid,36.1,06-11-2018,
CUST_3957,38,Male,Suburban,Monthly,52.11,17-03-2019,
CUST_3958,63,Male,Rural,Prepaid,49.32,26-01-2022,
CUST_3959,61,Male,Suburban,Monthly,46.28,19-09-2018,
CUST_3960,38,Female,Rural,Monthly,46.9,05-02-2023,
CUST_3961,43,Male,Suburban,Monthly,66.58,23-01-2018,
CUST_3962,28,Female,Urban,Monthly,78.19,15-05-2021,
CUST_3963,43,Male,Rural,Monthly,38.93,27-12-2021,
CUST_3964,21,Female,Suburban,Monthly,47.18,18-09-2021,
CUST_3965,68,Male,Suburban,Prepaid,31.68,13-05-2022,
CUST_3966,18,Male,Suburban,Prepaid,49.78,10-09-2022,
CUST_3967,45,Male,Rural,Monthly,45.28,25-07-2021,
CUST_3968,43,Male,Urban,Yearly,53.22,07-08-2018,
CUST_3969,52,Female,Suburban,Monthly,63.17,01-09-2018,
CUST_3970,30,Male,Rural,Prepaid,31.85,08-06-2019,
CUST_3971,64,Male,Suburban,Monthly,46.81,13-06-2019,
CUST_3972,51,Male,Urban,Prepaid,45.85,25-07-2022,
CUST_3973,43,Female,Urban,Yearly,52.38,30-12-2018,
CUST_3974,53,Male,Urban,Prepaid,71.01,09-12-2021,
CUST_3975,43,Male,Rural,Monthly,40.24,20-01-2018,
CUST_3976,34,Male,Suburban,Monthly,59.14,08-05-2018,
CUST_3977,43,Male,Rural,Yearly,75.08,25-11-2018,
CUST_3978,35,Male,Suburban,Prepaid,37.31,23-11-2019,
CUST_3979,57,Female,Rural,Prepaid,52.21,11-07-2019,
CUST_3980,43,Female,Suburban,Monthly,52.08,06-11-2018,
CUST_3981,41,Female,Rural,Monthly,30.56,18-02-2019,
CUST_3982,36,Male,Suburban,Prepaid,58.69,01-05-2022,
CUST_3983,54,Female,Rural,Monthly,66.84,31-05-2023,
CUST_3984,43,Male,Urban,Monthly,39.98,04-02-2018,
CUST_3985,38,Male,Rural,Yearly,45.66,14-01-2021,
CUST_3986,43,Male,Urban,Prepaid,23.8,18-07-2018,
CUST_3987,43,Male,Urban,Prepaid,65.78,07-07-2019,
CUST_3988,22,Female,Suburban,Monthly,62.98,14-04-2018,
CUST_3989,43,Female,Urban,Monthly,35.66,25-03-2020,
CUST_3990,54,Female,Urban,Monthly,37.36,31-10-2018,
CUST_3991,43,Male,Suburban,Monthly,44.03,04-05-2020,
CUST_3992,36,Female,Rural,Prepaid,69.38,17-02-2022,
CUST_3993,43,Female,Rural,Prepaid,48.92,11-04-2019,
CUST_3994,51,Male,Urban,Prepaid,52.28,16-12-2018,
CUST_3995,28,Female,Rural,Yearly,52.28,09-07-2020,
CUST_3996,43,Male,Urban,Monthly,70.59,10-03-2018,
CUST_3997,43,Female,Rural,Prepaid,44.4,15-12-2018,
CUST_3998,29,Female,Rural,Prepaid,47.96,01-05-2018,
CUST_3999,43,Female,Rural,Yearly,67.62,01-07-2022,
CUST_4000,28,Male,Urban,Yearly,67.45,28-04-2022,
CUST_4001,56,Female,Suburban,Yearly,34.34,04-08-2019,
CUST_4002,45,Female,Rural,Prepaid,20.81,05-09-2020,
CUST_4003,43,Female,Rural,Monthly,49.89,20-08-2022,
CUST_4004,34,Female,Rural,Prepaid,59.7,27-10-2021,
CUST_4005,37,Male,Urban,Prepaid,54.73,04-08-2021,
CUST_4006,43,Male,Suburban,Prepaid,40.82,19-08-2019,
CUST_4007,63,Female,Urban,Prepaid,77.96,16-10-2018,
CUST_4008,29,Female,Rural,Monthly,33.97,30-08-2018,
CUST_4009,23,Female,Urban,Yearly,29.54,21-12-2019,
CUST_4010,43,Male,Rural,Prepaid,67.32,19-06-2020,
CUST_4011,68,Female,Rural,Yearly,43.7,18-11-2022,
CUST_4012,36,Female,Urban,Prepaid,75.48,04-06-2022,
CUST_4013,43,Male,Rural,Monthly,46.26,23-08-2019,
CUST_4014,65,Male,Rural,Prepaid,44.18,13-04-2021,
CUST_4015,61,Male,Suburban,Monthly,57.45,02-05-2022,
CUST_4016,61,Female,Urban,Prepaid,62.83,26-05-2018,
CUST_4017,69,Male,Urban,Monthly,82.41,12-04-2020,
CUST_4018,49,Male,Rural,Monthly,62.93,22-04-2022,
CUST_4019,43,Female,Rural,Yearly,66.07,30-03-2018,
CUST_4020,43,Male,Urban,Prepaid,41.32,30-06-2018,
CUST_4021,55,Female,Urban,Monthly,64.38,31-03-2018,
CUST_4022,28,Female,Urban,Monthly,59.38,25-09-2019,
CUST_4023,50,Male,Rural,Yearly,41.28,30-06-2022,
CUST_4024,41,Female,Suburban,Monthly,29.37,08-11-2019,
CUST_4025,43,Male,Suburban,Yearly,36.46,16-09-2020,
CUST_4026,32,Male,Rural,Monthly,42.25,10-06-2018,
CUST_4027,44,Male,Rural,Monthly,47.08,04-04-2023,
CUST_4028,28,Female,Rural,Prepaid,61.19,21-01-2018,
CUST_4029,68,Male,Urban,Monthly,64.2,27-05-2021,
CUST_4030,67,Female,Rural,Monthly,76.23,19-04-2022,
CUST_4031,34,Female,Urban,Prepaid,56.4,24-08-2022,
CUST_4032,68,Female,Suburban,Prepaid,28.2,26-01-2022,
CUST_4033,43,Male,Rural,Yearly,36.49,09-03-2022,
CUST_4034,44,Female,Rural,Monthly,46.56,13-02-2021,
CUST_4035,35,Female,Urban,Prepaid,66.06,02-03-2021,
CUST_4036,45,Male,Urban,Monthly,59.32,05-02-2019,
CUST_4037,68,Male,Urban,Prepaid,38.61,18-10-2020,
CUST_4038,64,Female,Suburban,Monthly,33.3,03-07-2018,
CUST_4039,64,Female,Suburban,Monthly,40.49,20-11-2021,
CUST_4040,43,Male,Rural,Prepaid,31.44,28-03-2022,
CUST_4041,24,Female,Rural,Monthly,48.21,12-11-2020,
CUST_4042,62,Female,Urban,Prepaid,56.67,01-05-2018,
CUST_4043,52,Female,Suburban,Yearly,54.44,10-03-2022,
CUST_4044,65,Female,Rural,Yearly,42.87,24-04-2021,
CUST_4045,43,Male,Urban,Prepaid,50.42,01-05-2020,
CUST_4046,25,Female,Urban,Yearly,30.4,16-09-2021,
CUST_4047,69,Male,Suburban,Monthly,39.71,01-06-2022,
CUST_4048,62,Female,Suburban,Monthly,54.67,14-11-2020,
CUST_4049,43,Male,Rural,Prepaid,83.75,12-07-2022,
CUST_4050,34,Female,Rural,Monthly,70.21,14-12-2020,
CUST_4051,66,Male,Urban,Yearly,30.37,24-01-2021,
CUST_4052,50,Female,Urban,Prepaid,62.67,05-02-2022,
CUST_4053,49,Male,Urban,Prepaid,52.63,17-04-2019,
CUST_4054,25,Female,Rural,Prepaid,53.05,18-06-2022,
CUST_4055,36,Female,Suburban,Monthly,88.28,22-11-2021,
CUST_4056,43,Male,Rural,Yearly,42.72,05-12-2021,
CUST_4057,43,Male,Suburban,Monthly,57.92,30-10-2018,
CUST_4058,43,Male,Rural,Prepaid,61.53,07-01-2023,
CUST_4059,30,Male,Rural,Monthly,39.58,22-03-2018,
CUST_4060,64,Male,Suburban,Prepaid,18.61,18-10-2022,
CUST_4061,43,Female,Rural,Prepaid,30.06,02-03-2022,
CUST_4062,48,Male,Rural,Monthly,53.82,05-07-2019,
CUST_4063,33,Male,Urban,Prepaid,63.44,21-01-2018,
CUST_4064,43,Female,Suburban,Yearly,58.12,11-03-2021,
CUST_4065,43,Male,Suburban,Monthly,57.94,07-10-2021,
CUST_4066,39,Male,Urban,Yearly,55.02,11-11-2021,
CUST_4067,43,Male,Suburban,Yearly,37.6,06-07-2020,
CUST_4068,43,Female,Urban,Yearly,49.58,06-03-2019,
CUST_4069,60,Male,Suburban,Prepaid,59.42,21-08-2018,
CUST_4070,20,Female,Suburban,Yearly,57.07,14-02-2019,
CUST_4071,43,Female,Suburban,Monthly,74.59,07-05-2022,
CUST_4072,59,Male,Suburban,Monthly,41.27,12-01-2021,
CUST_4073,43,Female,Urban,Prepaid,41.54,27-05-2018,
CUST_4074,43,Male,Urban,Prepaid,39.46,10-06-2023,
CUST_4075,29,Male,Suburban,Yearly,9.01,02-01-2019,
CUST_4076,19,Male,Rural,Prepaid,59.21,21-10-2018,
CUST_4077,43,Male,Urban,Prepaid,50.06,22-07-2019,
CUST_4078,41,Male,Suburban,Prepaid,46.35,30-12-2019,
CUST_4079,52,Female,Urban,Yearly,37.77,29-12-2019,
CUST_4080,47,Female,Rural,Monthly,58.27,27-12-2021,
CUST_4081,43,Female,Rural,Yearly,50.26,13-04-2022,
CUST_4082,64,Female,Rural,Prepaid,73.17,22-02-2018,
CUST_4083,43,Male,Suburban,Prepaid,50.36,12-05-2019,
CUST_4084,43,Male,Suburban,Monthly,56.29,06-07-2022,
CUST_4085,67,Female,Rural,Monthly,73.58,29-03-2019,
CUST_4086,25,Male,Urban,Prepaid,45.05,19-04-2018,
CUST_4087,43,Female,Urban,Prepaid,43.49,29-12-2018,
CUST_4088,43,Female,Rural,Prepaid,71.4,04-07-2018,
CUST_4089,57,Female,Suburban,Prepaid,26.61,08-08-2018,
CUST_4090,43,Female,Urban,Monthly,46.11,08-07-2019,
CUST_4091,47,Male,Urban,Prepaid,45.74,19-03-2021,
CUST_4092,43,Male,Urban,Prepaid,37.34,02-01-2020,
CUST_4093,43,Female,Suburban,Prepaid,57.93,10-06-2023,
CUST_4094,18,Female,Rural,Prepaid,41.45,01-11-2022,
CUST_4095,53,Female,Suburban,Yearly,51.58,21-01-2022,
CUST_4096,43,Female,Urban,Prepaid,36.01,29-05-2020,
CUST_4097,54,Female,Rural,Prepaid,54.28,15-06-2020,
CUST_4098,18,Male,Suburban,Monthly,81.2,29-01-2018,
CUST_4099,32,Female,Rural,Monthly,49.21,26-02-2023,
CUST_4100,54,Female,Urban,Monthly,49.85,29-03-2018,
CUST_4101,30,Male,Suburban,Prepaid,32.19,16-12-2021,
CUST_4102,57,Male,Rural,Monthly,62.64,17-11-2021,
CUST_4103,43,Male,Suburban,Monthly,48.71,28-11-2019,
CUST_4104,22,Male,Urban,Prepaid,55.89,13-07-2018,
CUST_4105,26,Male,Rural,Prepaid,64.24,10-11-2020,
CUST_4106,18,Male,Urban,Monthly,47.28,17-02-2019,
CUST_4107,53,Male,Rural,Monthly,65.31,01-01-2022,
CUST_4108,52,Male,Urban,Yearly,66.29,02-10-2020,
CUST_4109,19,Male,Urban,Monthly,55.1,18-05-2018,
CUST_4110,43,Female,Suburban,Monthly,52.99,17-04-2020,
CUST_4111,40,Male,Urban,Prepaid,50.42,13-01-2018,
CUST_4112,26,Female,Suburban,Yearly,58.42,20-09-2020,
CUST_4113,43,Female,Urban,Monthly,57.75,08-11-2020,
CUST_4114,43,Female,Urban,Monthly,28.55,26-09-2020,
CUST_4115,43,Female,Urban,Prepaid,39.92,13-11-2019,
CUST_4116,21,Female,Rural,Prepaid,64.36,14-05-2020,
CUST_4117,47,Female,Suburban,Monthly,53.72,02-02-2019,
CUST_4118,43,Female,Rural,Prepaid,46.74,22-10-2022,
CUST_4119,55,Female,Suburban,Prepaid,76.43,09-10-2021,
CUST_4120,28,Male,Urban,Prepaid,62.18,13-09-2022,
CUST_4121,43,Female,Rural,Prepaid,66.2,06-10-2018,
CUST_4122,43,Female,Suburban,Monthly,46.69,10-04-2019,
CUST_4123,20,Female,Urban,Monthly,55.78,03-06-2018,
CUST_4124,31,Female,Suburban,Prepaid,48.78,09-02-2022,
CUST_4125,30,Male,Suburban,Monthly,34.47,22-11-2020,
CUST_4126,43,Female,Urban,Yearly,52.95,29-03-2023,
CUST_4127,49,Male,Rural,Yearly,245.7,05-02-2023,
CUST_4128,43,Male,Urban,Monthly,48.89,20-06-2018,
CUST_4129,62,Female,Rural,Monthly,64.86,21-02-2023,
CUST_4130,36,Female,Suburban,Prepaid,48.34,09-02-2021,
CUST_4131,55,Male,Suburban,Monthly,51.05,10-03-2018,
CUST_4132,33,Female,Suburban,Monthly,51.78,30-01-2023,
CUST_4133,19,Female,Rural,Monthly,57.54,22-02-2018,
CUST_4134,57,Male,Urban,Prepaid,54.47,03-05-2022,
CUST_4135,43,Male,Rural,Monthly,60.3,30-08-2019,
CUST_4136,51,Female,Suburban,Yearly,30.75,13-05-2019,
CUST_4137,59,Female,Suburban,Yearly,52.16,06-01-2023,
CUST_4138,33,Female,Urban,Monthly,48.32,02-03-2019,
CUST_4139,43,Male,Rural,Prepaid,30.26,29-01-2021,
CUST_4140,19,Female,Suburban,Prepaid,28.36,25-01-2018,
CUST_4141,19,Male,Rural,Yearly,40.58,16-02-2022,
CUST_4142,43,Male,Rural,Prepaid,40.22,24-10-2021,
CUST_4143,30,Female,Urban,Monthly,46.41,12-12-2022,
CUST_4144,43,Male,Urban,Monthly,51.92,27-10-2022,
CUST_4145,48,Female,Suburban,Monthly,57.41,12-02-2019,
CUST_4146,43,Female,Urban,Monthly,31.43,14-05-2018,
CUST_4147,43,Male,Rural,Yearly,36.45,30-01-2019,
CUST_4148,20,Female,Urban,Prepaid,36.96,15-01-2018,
CUST_4149,25,Male,Rural,Monthly,48.22,15-04-2023,
CUST_4150,43,Male,Suburban,Yearly,50.42,02-11-2021,
CUST_4151,31,Female,Rural,Yearly,64.99,22-03-2019,
CUST_4152,43,Female,Urban,Monthly,36.24,15-11-2022,
CUST_4153,46,Female,Urban,Monthly,61.63,02-02-2020,
CUST_4154,56,Female,Suburban,Yearly,27.79,25-11-2022,
CUST_4155,56,Male,Urban,Monthly,50.29,20-01-2022,
CUST_4156,18,Male,Suburban,Monthly,58.27,26-04-2022,
CUST_4157,43,Male,Suburban,Prepaid,59.5,04-04-2022,
CUST_4158,58,Female,Urban,Prepaid,75.37,22-04-2019,
CUST_4159,47,Male,Rural,Monthly,85.67,29-07-2019,
CUST_4160,43,Male,Suburban,Monthly,56.08,06-03-2023,
CUST_4161,38,Female,Rural,Monthly,30.23,22-03-2021,
CUST_4162,36,Female,Urban,Prepaid,107.14,27-04-2023,
CUST_4163,36,Female,Rural,Yearly,67.13,06-08-2022,
CUST_4164,42,Male,Rural,Monthly,65.45,27-04-2020,
CUST_4165,43,Female,Rural,Monthly,43.59,03-09-2022,
CUST_4166,48,Male,Rural,Yearly,48.17,03-01-2020,
CUST_4167,34,Male,Urban,Prepaid,37.62,23-09-2022,
CUST_4168,40,Male,Urban,Monthly,60.09,07-04-2021,
CUST_4169,49,Male,Rural,Monthly,43.05,20-05-2019,
CUST_4170,27,Male,Urban,Monthly,60.78,31-03-2023,
CUST_4171,27,Female,Urban,Monthly,38.9,21-05-2022,
CUST_4172,53,Male,Suburban,Prepaid,64.26,01-03-2023,
CUST_4173,25,Female,Urban,Monthly,54.24,05-05-2022,
CUST_4174,69,Male,Rural,Prepaid,69.07,21-02-2022,
CUST_4175,37,Male,Urban,Prepaid,81.67,19-04-2021,
CUST_4176,49,Female,Urban,Yearly,54.25,13-06-2022,
CUST_4177,67,Male,Urban,Monthly,70.48,09-02-2021,
CUST_4178,31,Male,Urban,Yearly,70.55,02-11-2018,
CUST_4179,67,Female,Suburban,Monthly,49.68,07-11-2018,
CUST_4180,43,Female,Rural,Monthly,53.9,23-11-2020,
CUST_4181,43,Male,Rural,Yearly,54.07,09-08-2018,
CUST_4182,43,Male,Urban,Yearly,43.46,17-10-2020,
CUST_4183,41,Male,Urban,Prepaid,43.59,20-08-2019,
CUST_4184,43,Female,Suburban,Yearly,68.37,20-02-2020,
CUST_4185,43,Male,Urban,Prepaid,39.35,07-06-2020,
CUST_4186,47,Female,Suburban,Prepaid,47.76,19-12-2018,
CUST_4187,21,Female,Rural,Monthly,45.1,28-09-2022,
CUST_4188,30,Male,Rural,Yearly,56.9,19-03-2018,
CUST_4189,43,Female,Suburban,Yearly,84.51,02-03-2021,
CUST_4190,25,Male,Rural,Prepaid,47.16,08-12-2019,
CUST_4191,43,Male,Urban,Monthly,28.38,05-11-2018,
CUST_4192,43,Female,Urban,Yearly,51.59,21-03-2022,
CUST_4193,48,Female,Suburban,Prepaid,35.41,19-10-2021,
CUST_4194,31,Female,Rural,Monthly,53.85,13-01-2020,
CUST_4195,43,Female,Rural,Monthly,38.57,12-11-2018,
CUST_4196,35,Female,Suburban,Prepaid,52.45,11-03-2020,
CUST_4197,51,Female,Suburban,Monthly,32.1,04-11-2019,
CUST_4198,28,Male,Rural,Prepaid,46.01,21-03-2018,
CUST_4199,43,Male,Suburban,Prepaid,35.11,13-06-2020,
CUST_4200,43,Male,Urban,Prepaid,68.8,02-10-2018,
CUST_4201,43,Female,Rural,Monthly,39.14,09-02-2018,
CUST_4202,43,Female,Suburban,Monthly,58.32,30-04-2018,
CUST_4203,48,Female,Suburban,Monthly,52.69,29-03-2023,
CUST_4204,66,Male,Suburban,Monthly,52.98,10-04-2021,
CUST_4205,46,Male,Rural,Prepaid,55.6,03-03-2020,
CUST_4206,43,Female,Urban,Yearly,59.04,03-02-2018,
CUST_4207,35,Female,Urban,Monthly,69.59,09-04-2023,
CUST_4208,49,Female,Rural,Prepaid,64,24-09-2022,
CUST_4209,39,Female,Suburban,Prepaid,72.89,10-07-2018,
CUST_4210,43,Male,Rural,Prepaid,34.04,06-01-2018,
CUST_4211,43,Male,Rural,Yearly,29.88,19-05-2020,
CUST_4212,40,Male,Suburban,Monthly,74.86,24-06-2021,
CUST_4213,41,Female,Rural,Monthly,58.44,05-08-2019,
CUST_4214,67,Male,Urban,Prepaid,34.04,03-12-2020,
CUST_4215,25,Female,Rural,Monthly,45.81,30-09-2020,
CUST_4216,58,Female,Suburban,Yearly,58.06,13-12-2021,
CUST_4217,43,Female,Rural,Prepaid,49.29,09-09-2019,
CUST_4218,22,Male,Urban,Monthly,59.19,15-02-2021,
CUST_4219,61,Male,Rural,Yearly,32.38,22-04-2023,
CUST_4220,43,Female,Rural,Monthly,49.55,11-02-2019,
CUST_4221,45,Male,Rural,Prepaid,51.76,08-06-2020,
CUST_4222,28,Female,Rural,Prepaid,39.4,28-09-2018,
CUST_4223,18,Female,Suburban,Prepaid,45.75,24-07-2020,
CUST_4224,60,Female,Urban,Yearly,43.05,12-01-2018,
CUST_4225,36,Male,Urban,Monthly,33.36,06-12-2022,
CUST_4226,43,Male,Urban,Yearly,40.74,29-11-2021,
CUST_4227,44,Female,Rural,Prepaid,52.86,13-03-2023,
CUST_4228,51,Male,Urban,Monthly,35.38,02-07-2019,
CUST_4229,61,Male,Suburban,Prepaid,39.88,18-08-2021,
CUST_4230,21,Male,Rural,Prepaid,24.46,30-03-2020,
CUST_4231,53,Male,Rural,Prepaid,71.6,28-03-2023,
CUST_4232,43,Female,Urban,Prepaid,63.89,12-01-2019,
CUST_4233,32,Male,Rural,Yearly,68.07,18-08-2019,
CUST_4234,68,Female,Rural,Prepaid,55.42,25-01-2022,
CUST_4235,30,Female,Urban,Monthly,54.42,09-07-2021,
CUST_4236,36,Male,Suburban,Yearly,46.83,18-10-2018,
CUST_4237,66,Female,Suburban,Yearly,69.5,30-04-2022,
CUST_4238,43,Female,Urban,Prepaid,50.35,27-04-2018,
CUST_4239,43,Male,Suburban,Yearly,20.6,26-07-2020,
CUST_4240,43,Female,Suburban,Prepaid,21.01,02-01-2023,
CUST_4241,68,Female,Suburban,Monthly,55.45,24-01-2019,
CUST_4242,54,Male,Rural,Yearly,35.61,09-05-2021,
CUST_4243,34,Male,Rural,Monthly,51.46,17-10-2020,
CUST_4244,40,Male,Rural,Yearly,61.38,09-12-2020,
CUST_4245,43,Male,Suburban,Yearly,37.56,27-12-2021,
CUST_4246,46,Male,Rural,Prepaid,45.51,25-07-2019,
CUST_4247,50,Female,Suburban,Monthly,46.05,13-11-2022,
CUST_4248,43,Female,Urban,Prepaid,37,22-03-2021,
CUST_4249,43,Male,Suburban,Monthly,28.56,06-07-2020,
CUST_4250,27,Male,Rural,Prepaid,33.61,06-10-2022,
CUST_4251,43,Female,Suburban,Prepaid,27.6,26-02-2020,
CUST_4252,40,Male,Rural,Yearly,47.33,02-06-2022,
CUST_4253,38,Male,Rural,Yearly,47.13,30-01-2021,
CUST_4254,43,Female,Urban,Monthly,42.1,01-10-2020,
CUST_4255,43,Female,Urban,Monthly,28.7,01-01-2020,
CUST_4256,30,Female,Rural,Monthly,66.58,20-01-2019,
CUST_4257,54,Male,Suburban,Monthly,40.66,03-10-2021,
CUST_4258,50,Female,Urban,Yearly,88.5,01-06-2020,
CUST_4259,41,Male,Urban,Prepaid,62.98,06-03-2022,
CUST_4260,43,Female,Rural,Monthly,19.07,10-10-2020,
CUST_4261,28,Male,Suburban,Yearly,68.52,05-12-2021,
CUST_4262,34,Male,Urban,Yearly,39.46,22-12-2020,
CUST_4263,21,Male,Urban,Monthly,36.1,28-06-2020,
CUST_4264,64,Female,Suburban,Prepaid,45.92,25-01-2019,
CUST_4265,43,Female,Urban,Yearly,67.01,16-08-2019,
CUST_4266,43,Female,Suburban,Monthly,57.85,04-06-2022,
CUST_4267,26,Male,Rural,Monthly,52.74,16-05-2023,
CUST_4268,43,Female,Urban,Monthly,37.67,10-05-2021,
CUST_4269,37,Female,Rural,Prepaid,64.15,10-08-2021,
CUST_4270,43,Male,Suburban,Prepaid,35.24,29-04-2019,
CUST_4271,36,Male,Rural,Monthly,65.64,07-01-2020,
CUST_4272,29,Female,Rural,Prepaid,55,02-04-2021,
CUST_4273,43,Female,Rural,Prepaid,41.06,19-02-2018,
CUST_4274,43,Female,Suburban,Monthly,81.88,28-07-2022,
CUST_4275,34,Male,Suburban,Monthly,63.68,17-04-2019,
CUST_4276,43,Female,Suburban,Prepaid,58.38,06-05-2018,
CUST_4277,65,Male,Suburban,Prepaid,51.55,01-12-2021,
CUST_4278,56,Male,Suburban,Yearly,32.84,12-12-2019,
CUST_4279,45,Female,Urban,Prepaid,50.57,10-11-2018,
CUST_4280,43,Female,Urban,Prepaid,74.06,21-12-2018,
CUST_4281,43,Male,Urban,Prepaid,29.34,26-10-2020,
CUST_4282,43,Male,Rural,Yearly,58.51,14-09-2019,
CUST_4283,43,Female,Rural,Monthly,70.91,19-05-2020,
CUST_4284,35,Female,Suburban,Prepaid,71.66,23-03-2020,
CUST_4285,31,Female,Suburban,Prepaid,36.5,16-02-2018,
CUST_4286,43,Male,Urban,Monthly,41.83,12-11-2022,
CUST_4287,61,Male,Suburban,Monthly,51.51,20-05-2020,
CUST_4288,58,Female,Rural,Monthly,56.81,15-09-2019,
CUST_4289,24,Male,Suburban,Prepaid,69.23,13-01-2021,
CUST_4290,43,Male,Urban,Prepaid,46.98,04-04-2021,
CUST_4291,43,Female,Suburban,Monthly,64.18,17-02-2020,
CUST_4292,43,Male,Rural,Monthly,11.54,22-10-2021,
CUST_4293,43,Female,Urban,Prepaid,46.01,29-06-2019,
CUST_4294,30,Female,Suburban,Monthly,64.17,26-07-2021,
CUST_4295,53,Male,Rural,Prepaid,62.5,05-11-2022,
CUST_4296,48,Male,Urban,Monthly,35.63,22-11-2018,
CUST_4297,19,Female,Urban,Monthly,65.4,16-06-2020,
CUST_4298,33,Male,Rural,Yearly,28.7,02-03-2019,
CUST_4299,43,Female,Suburban,Monthly,67.95,24-02-2019,
CUST_4300,43,Male,Suburban,Monthly,46.93,14-02-2018,
CUST_4301,55,Male,Suburban,Prepaid,43.23,08-02-2022,
CUST_4302,28,Male,Urban,Prepaid,45.53,01-06-2020,
CUST_4303,39,Female,Urban,Prepaid,55.69,16-06-2022,
CUST_4304,50,Male,Suburban,Prepaid,81.21,08-02-2018,
CUST_4305,53,Female,Urban,Prepaid,68.27,16-05-2020,
CUST_4306,43,Female,Urban,Yearly,32.79,24-10-2022,
CUST_4307,43,Female,Rural,Monthly,34.38,18-03-2020,
CUST_4308,43,Male,Suburban,Prepaid,21.41,07-11-2022,
CUST_4309,62,Female,Suburban,Prepaid,54.63,10-06-2020,
CUST_4310,43,Female,Suburban,Prepaid,47.46,24-02-2020,
CUST_4311,43,Male,Urban,Prepaid,59.41,21-06-2022,
CUST_4312,41,Female,Urban,Prepaid,42.49,02-01-2021,
CUST_4313,25,Female,Urban,Monthly,44.05,21-03-2019,
CUST_4314,43,Male,Suburban,Yearly,28.22,28-08-2021,
CUST_4315,53,Female,Urban,Monthly,66.55,09-12-2022,
CUST_4316,35,Male,Suburban,Monthly,40.97,13-09-2022,
CUST_4317,20,Female,Urban,Yearly,37.47,08-03-2018,
CUST_4318,45,Female,Suburban,Prepaid,64.5,27-09-2020,
CUST_4319,23,Male,Rural,Prepaid,27.86,24-03-2018,
CUST_4320,61,Female,Urban,Monthly,58.25,28-12-2021,
CUST_4321,43,Female,Suburban,Monthly,38.48,24-02-2020,
CUST_4322,43,Female,Rural,Monthly,48.26,29-04-2020,
CUST_4323,45,Male,Rural,Prepaid,20.98,19-09-2018,
CUST_4324,57,Male,Urban,Yearly,58.66,31-05-2023,
CUST_4325,18,Male,Suburban,Prepaid,80.75,14-02-2018,
CUST_4326,53,Male,Urban,Monthly,31.05,06-01-2022,
CUST_4327,38,Male,Rural,Yearly,67.33,05-04-2021,
CUST_4328,43,Female,Urban,Prepaid,49.29,17-08-2018,
CUST_4329,52,Male,Suburban,Yearly,58.02,20-10-2021,
CUST_4330,43,Male,Rural,Monthly,32.3,03-08-2018,
CUST_4331,66,Male,Urban,Yearly,34.52,25-06-2018,
CUST_4332,27,Female,Urban,Prepaid,51.31,03-09-2022,
CUST_4333,43,Female,Urban,Yearly,46.75,18-10-2019,
CUST_4334,64,Male,Urban,Prepaid,52.24,14-01-2019,
CUST_4335,27,Female,Urban,Monthly,28.05,16-12-2021,
CUST_4336,43,Female,Rural,Monthly,59.16,03-12-2021,
CUST_4337,30,Female,Rural,Prepaid,55.83,10-01-2019,
CUST_4338,54,Female,Suburban,Prepaid,66.59,07-01-2020,
CUST_4339,55,Male,Urban,Prepaid,54.75,19-11-2021,
CUST_4340,41,Male,Suburban,Prepaid,83.84,20-01-2020,
CUST_4341,19,Female,Rural,Prepaid,80.11,20-01-2023,
CUST_4342,43,Female,Urban,Prepaid,50.26,13-08-2021,
CUST_4343,43,Female,Suburban,Prepaid,49.67,12-04-2020,
CUST_4344,53,Female,Urban,Monthly,37.55,27-06-2020,
CUST_4345,43,Male,Urban,Monthly,29.66,03-02-2023,
CUST_4346,43,Female,Suburban,Yearly,46.58,11-05-2019,
CUST_4347,43,Male,Rural,Monthly,40.34,20-02-2018,
CUST_4348,43,Female,Suburban,Prepaid,38.22,11-07-2018,
CUST_4349,43,Male,Suburban,Monthly,55.27,16-10-2020,
CUST_4350,64,Female,Suburban,Monthly,26.36,01-03-2018,
CUST_4351,43,Male,Urban,Prepaid,32.26,06-10-2021,
CUST_4352,43,Male,Rural,Monthly,20.42,09-07-2019,
CUST_4353,29,Male,Rural,Monthly,29.71,12-01-2019,
CUST_4354,69,Female,Urban,Yearly,40.94,24-08-2021,
CUST_4355,41,Male,Rural,Monthly,62.12,16-12-2020,
CUST_4356,43,Female,Suburban,Monthly,78.99,07-07-2019,
CUST_4357,43,Male,Rural,Prepaid,24.09,10-08-2022,
CUST_4358,42,Male,Urban,Monthly,63.16,28-03-2022,
CUST_4359,43,Female,Rural,Prepaid,35.55,22-12-2018,
CUST_4360,43,Male,Urban,Monthly,52.45,04-03-2021,
CUST_4361,43,Female,Suburban,Monthly,58.65,24-08-2020,
CUST_4362,18,Female,Urban,Yearly,71.08,23-06-2020,
CUST_4363,37,Female,Rural,Prepaid,85.94,19-08-2022,
CUST_4364,45,Female,Suburban,Prepaid,65.64,23-09-2020,
CUST_4365,43,Male,Rural,Monthly,42.88,06-08-2018,
CUST_4366,64,Male,Urban,Monthly,26.92,15-04-2019,
CUST_4367,34,Female,Suburban,Prepaid,53.49,17-01-2019,
CUST_4368,43,Male,Urban,Prepaid,59.69,27-03-2020,
CUST_4369,43,Male,Rural,Prepaid,32.68,02-03-2023,
CUST_4370,29,Female,Urban,Monthly,61.64,11-02-2019,
CUST_4371,44,Male,Rural,Yearly,43.58,19-02-2018,
CUST_4372,59,Female,Rural,Prepaid,33.04,15-02-2019,
CUST_4373,64,Male,Suburban,Yearly,52.05,09-08-2021,
CUST_4374,43,Male,Suburban,Monthly,36.46,24-11-2020,
CUST_4375,43,Female,Urban,Prepaid,32.66,03-05-2018,
CUST_4376,51,Male,Rural,Monthly,54.31,28-06-2019,
CUST_4377,43,Male,Rural,Monthly,56.23,09-09-2020,
CUST_4378,23,Female,Suburban,Prepaid,44.52,29-03-2023,
CUST_4379,43,Male,Suburban,Monthly,54.12,21-01-2018,
CUST_4380,43,Female,Suburban,Monthly,67.12,08-08-2022,
CUST_4381,49,Male,Suburban,Prepaid,62.48,09-07-2020,
CUST_4382,42,Female,Urban,Prepaid,37.61,13-08-2019,
CUST_4383,50,Female,Urban,Prepaid,50.42,28-11-2020,
CUST_4384,24,Female,Urban,Monthly,39.52,16-04-2023,
CUST_4385,69,Female,Urban,Prepaid,28.99,10-05-2019,
CUST_4386,29,Female,Suburban,Monthly,59.64,21-05-2019,
CUST_4387,33,Male,Urban,Monthly,65.04,06-09-2021,
CUST_4388,33,Male,Urban,Monthly,42.89,22-07-2021,
CUST_4389,60,Female,Urban,Monthly,53.52,26-08-2022,
CUST_4390,53,Male,Suburban,Prepaid,73.21,27-03-2019,
CUST_4391,30,Female,Rural,Yearly,65.37,07-01-2022,
CUST_4392,43,Male,Suburban,Monthly,41.21,29-11-2019,
CUST_4393,53,Male,Rural,Monthly,48.81,28-07-2020,
CUST_4394,43,Female,Rural,Monthly,39.38,25-06-2022,
CUST_4395,68,Female,Urban,Monthly,53.44,27-03-2023,
CUST_4396,26,Male,Urban,Prepaid,50.61,06-05-2019,
CUST_4397,49,Male,Urban,Monthly,32.71,21-09-2021,
CUST_4398,28,Female,Suburban,Prepaid,43.16,10-02-2022,
CUST_4399,25,Male,Suburban,Yearly,19.03,11-03-2023,
CUST_4400,50,Male,Urban,Monthly,34.42,26-09-2018,
CUST_4401,43,Female,Suburban,Prepaid,56.19,11-02-2022,
CUST_4402,42,Male,Suburban,Monthly,52.15,31-01-2018,
CUST_4403,25,Female,Rural,Prepaid,64.2,22-11-2019,
CUST_4404,62,Female,Suburban,Prepaid,50.79,18-04-2021,
CUST_4405,39,Female,Rural,Monthly,47.06,19-07-2021,
CUST_4406,21,Male,Urban,Monthly,77.87,02-06-2023,
CUST_4407,57,Male,Suburban,Yearly,44.91,30-04-2018,
CUST_4408,20,Female,Rural,Yearly,44.22,03-08-2019,
CUST_4409,43,Female,Suburban,Prepaid,50.74,13-01-2021,
CUST_4410,58,Male,Rural,Monthly,38.33,18-09-2021,
CUST_4411,43,Male,Rural,Yearly,53.86,23-08-2020,
CUST_4412,51,Male,Suburban,Prepaid,39.13,18-11-2022,
CUST_4413,51,Female,Urban,Monthly,43.53,16-06-2023,
CUST_4414,45,Female,Rural,Yearly,38.82,14-09-2022,
CUST_4415,30,Male,Urban,Monthly,23.33,31-05-2020,
CUST_4416,32,Male,Suburban,Prepaid,13.76,22-03-2023,
CUST_4417,43,Male,Suburban,Yearly,28.64,21-03-2019,
CUST_4418,61,Female,Urban,Yearly,67.12,10-09-2019,
CUST_4419,43,Female,Suburban,Monthly,51.13,01-04-2021,
CUST_4420,21,Male,Rural,Prepaid,42.8,28-07-2021,
CUST_4421,43,Male,Urban,Monthly,34.41,24-02-2019,
CUST_4422,43,Female,Suburban,Prepaid,68.92,14-11-2021,
CUST_4423,43,Female,Suburban,Prepaid,40.37,31-08-2022,
CUST_4424,43,Male,Urban,Monthly,37.32,16-10-2020,
CUST_4425,49,Male,Rural,Yearly,21.62,29-06-2018,
CUST_4426,37,Male,Urban,Yearly,16.53,23-09-2018,
CUST_4427,67,Female,Suburban,Monthly,56.92,13-05-2022,
CUST_4428,43,Male,Suburban,Monthly,75.29,12-01-2020,
CUST_4429,32,Female,Urban,Prepaid,54.45,02-07-2018,
CUST_4430,43,Female,Rural,Yearly,54.25,26-02-2022,
CUST_4431,45,Male,Rural,Monthly,76.95,22-04-2018,
CUST_4432,43,Male,Rural,Yearly,57.51,22-03-2022,
CUST_4433,58,Female,Urban,Monthly,49.88,08-09-2019,
CUST_4434,43,Male,Rural,Monthly,58.39,13-11-2019,
CUST_4435,43,Female,Rural,Yearly,63.54,21-08-2021,
CUST_4436,61,Male,Rural,Prepaid,57.64,24-04-2020,
CUST_4437,43,Male,Rural,Prepaid,42.72,25-09-2020,
CUST_4438,59,Male,Suburban,Prepaid,56.1,27-01-2020,
CUST_4439,43,Male,Urban,Yearly,39.61,16-04-2019,
CUST_4440,43,Female,Urban,Monthly,49.53,14-03-2018,
CUST_4441,27,Female,Rural,Monthly,55.96,16-06-2023,
CUST_4442,62,Female,Urban,Prepaid,77.58,02-08-2020,
CUST_4443,43,Male,Urban,Monthly,56.58,23-01-2020,
CUST_4444,43,Female,Suburban,Monthly,50.25,31-12-2020,
CUST_4445,30,Female,Urban,Prepaid,43.99,20-05-2020,
CUST_4446,25,Female,Suburban,Yearly,41.24,18-12-2020,
CUST_4447,43,Male,Urban,Prepaid,44.2,15-02-2019,
CUST_4448,21,Female,Suburban,Prepaid,50.6,19-01-2018,
CUST_4449,64,Male,Suburban,Prepaid,63.74,30-06-2018,
CUST_4450,43,Male,Urban,Prepaid,30.88,04-03-2023,
CUST_4451,43,Female,Suburban,Monthly,61.49,27-03-2021,
CUST_4452,28,Male,Suburban,Prepaid,41.52,12-02-2022,
CUST_4453,43,Female,Urban,Yearly,39.48,27-02-2022,
CUST_4454,18,Female,Suburban,Prepaid,57.66,21-09-2018,
CUST_4455,66,Female,Suburban,Monthly,44.37,03-02-2021,
CUST_4456,43,Female,Suburban,Monthly,57.15,18-03-2020,
CUST_4457,43,Female,Suburban,Monthly,55.82,10-12-2022,
CUST_4458,55,Male,Suburban,Prepaid,310.45,05-01-2021,
CUST_4459,41,Female,Rural,Yearly,69.78,10-06-2018,
CUST_4460,43,Male,Suburban,Monthly,24.2,23-04-2021,
CUST_4461,43,Female,Suburban,Prepaid,53.07,05-03-2022,
CUST_4462,43,Female,Suburban,Monthly,38.9,07-06-2022,
CUST_4463,63,Female,Suburban,Monthly,56.27,17-06-2023,
CUST_4464,67,Male,Urban,Yearly,28.92,18-03-2018,
CUST_4465,43,Male,Rural,Prepaid,50.77,17-09-2019,
CUST_4466,66,Male,Urban,Prepaid,21.77,13-08-2022,
CUST_4467,67,Male,Rural,Prepaid,50.65,01-12-2020,
CUST_4468,43,Female,Suburban,Prepaid,50.08,23-07-2019,
CUST_4469,37,Female,Suburban,Monthly,39.91,16-01-2020,
CUST_4470,43,Male,Rural,Monthly,44.09,10-01-2020,
CUST_4471,58,Male,Rural,Prepaid,44.45,30-11-2020,
CUST_4472,28,Male,Urban,Prepaid,26.76,28-05-2023,
CUST_4473,50,Female,Rural,Prepaid,30.55,29-11-2022,
CUST_4474,67,Male,Suburban,Monthly,52.82,18-02-2022,
CUST_4475,55,Male,Urban,Yearly,66.02,02-03-2020,
CUST_4476,44,Female,Rural,Prepaid,61.8,26-01-2022,
CUST_4477,51,Male,Rural,Prepaid,19.57,24-12-2022,
CUST_4478,43,Female,Urban,Monthly,68.6,12-06-2023,
CUST_4479,49,Female,Rural,Yearly,69.52,03-01-2022,
CUST_4480,43,Female,Suburban,Monthly,38.79,11-01-2022,
CUST_4481,63,Female,Urban,Prepaid,39.08,02-06-2019,
CUST_4482,22,Female,Rural,Prepaid,42.23,29-10-2018,
CUST_4483,23,Male,Suburban,Monthly,54.98,14-07-2019,
CUST_4484,55,Male,Rural,Monthly,45.45,27-06-2021,
CUST_4485,43,Female,Urban,Prepaid,55.84,06-03-2019,
CUST_4486,35,Female,Rural,Prepaid,30.47,07-07-2020,
CUST_4487,43,Male,Rural,Monthly,33.92,15-01-2022,
CUST_4488,27,Male,Rural,Prepaid,36.87,02-04-2018,
CUST_4489,63,Female,Suburban,Monthly,37.75,12-03-2020,
CUST_4490,43,Male,Suburban,Prepaid,56.41,14-03-2021,
CUST_4491,48,Male,Rural,Monthly,53.69,07-10-2021,
CUST_4492,43,Female,Rural,Prepaid,59.88,06-02-2020,
CUST_4493,20,Male,Urban,Yearly,66.22,04-11-2020,
CUST_4494,47,Male,Rural,Prepaid,55.92,17-02-2023,
CUST_4495,23,Male,Urban,Prepaid,23.27,21-12-2018,
CUST_4496,46,Male,Suburban,Yearly,43.73,16-07-2019,
CUST_4497,25,Female,Rural,Yearly,45.76,14-06-2022,
CUST_4498,43,Male,Urban,Prepaid,53.87,09-10-2018,
CUST_4499,62,Female,Suburban,Yearly,35.85,26-10-2018,
CUST_4500,60,Male,Urban,Prepaid,72.2,22-06-2021,
CUST_4501,61,Female,Suburban,Monthly,43.98,22-02-2018,
CUST_4502,50,Female,Rural,Prepaid,45.04,24-09-2018,
CUST_4503,34,Male,Urban,Prepaid,47.07,01-03-2020,
CUST_4504,43,Female,Rural,Monthly,211.35,22-03-2022,
CUST_4505,43,Female,Urban,Monthly,23.97,16-07-2019,
CUST_4506,43,Female,Suburban,Monthly,68.62,17-10-2022,
CUST_4507,43,Female,Urban,Monthly,40.48,14-11-2018,
CUST_4508,28,Female,Urban,Yearly,59.45,14-12-2020,
CUST_4509,48,Male,Rural,Prepaid,43.62,04-11-2021,
CUST_4510,45,Female,Rural,Prepaid,40.56,16-09-2019,
CUST_4511,43,Female,Rural,Monthly,31.33,26-12-2020,
CUST_4512,43,Male,Suburban,Prepaid,23.28,15-08-2020,
CUST_4513,58,Male,Rural,Monthly,43.32,31-12-2018,
CUST_4514,33,Female,Urban,Monthly,42.68,06-07-2018,
CUST_4515,43,Male,Suburban,Prepaid,71.54,09-12-2019,
CUST_4516,43,Male,Rural,Yearly,51.08,09-11-2018,
CUST_4517,43,Male,Urban,Prepaid,67.12,30-01-2022,
CUST_4518,43,Male,Urban,Prepaid,27.47,21-11-2022,
CUST_4519,29,Male,Suburban,Prepaid,50.78,30-12-2020,
CUST_4520,28,Male,Urban,Prepaid,58.26,27-05-2018,
CUST_4521,43,Female,Rural,Prepaid,51.68,27-06-2020,
CUST_4522,42,Female,Urban,Monthly,52.25,23-06-2018,
CUST_4523,35,Male,Rural,Monthly,46.26,18-09-2020,
CUST_4524,36,Male,Rural,Yearly,32.08,09-05-2018,
CUST_4525,40,Female,Suburban,Prepaid,29.5,03-06-2020,
CUST_4526,55,Male,Urban,Prepaid,60.6,24-08-2021,
CUST_4527,35,Female,Suburban,Yearly,40.09,17-02-2022,
CUST_4528,43,Male,Suburban,Prepaid,43.6,11-07-2022,
CUST_4529,23,Female,Suburban,Yearly,40.09,09-05-2020,
CUST_4530,43,Female,Rural,Yearly,36.6,02-04-2018,
CUST_4531,43,Male,Rural,Yearly,28.06,16-08-2022,
CUST_4532,68,Male,Rural,Prepaid,73.04,08-08-2020,
CUST_4533,46,Male,Rural,Prepaid,19.42,03-01-2018,
CUST_4534,43,Male,Urban,Monthly,60.32,05-11-2018,
CUST_4535,43,Female,Urban,Monthly,66.33,11-11-2021,
CUST_4536,43,Male,Rural,Prepaid,52.12,05-01-2023,
CUST_4537,60,Female,Rural,Monthly,47.38,25-05-2022,
CUST_4538,33,Male,Urban,Prepaid,53.49,16-03-2019,
CUST_4539,43,Female,Suburban,Monthly,44.01,09-07-2019,
CUST_4540,51,Male,Suburban,Yearly,64.74,28-08-2018,
CUST_4541,43,Male,Rural,Prepaid,66.79,18-07-2022,
CUST_4542,30,Female,Suburban,Prepaid,58.14,09-11-2022,
CUST_4543,59,Male,Rural,Prepaid,25.24,10-08-2020,
CUST_4544,43,Male,Rural,Prepaid,60.13,21-02-2022,
CUST_4545,43,Male,Rural,Prepaid,69.25,22-08-2018,
CUST_4546,43,Male,Urban,Prepaid,59.12,23-01-2018,
CUST_4547,43,Male,Suburban,Prepaid,64.78,17-05-2022,
CUST_4548,64,Female,Urban,Yearly,39.06,14-09-2018,
CUST_4549,47,Male,Suburban,Yearly,42.89,10-03-2019,
CUST_4550,43,Female,Urban,Monthly,69.65,17-09-2018,
CUST_4551,60,Male,Urban,Prepaid,59.99,08-01-2022,
CUST_4552,43,Male,Rural,Prepaid,46.29,21-05-2018,
CUST_4553,34,Female,Rural,Monthly,45.92,15-12-2021,
CUST_4554,37,Female,Urban,Monthly,50.29,31-01-2020,
CUST_4555,43,Female,Suburban,Yearly,45.53,18-07-2021,
CUST_4556,43,Female,Suburban,Prepaid,50.08,15-02-2020,
CUST_4557,43,Female,Rural,Monthly,97.15,09-09-2018,
CUST_4558,43,Male,Rural,Monthly,39.44,24-02-2021,
CUST_4559,43,Female,Suburban,Yearly,23.09,05-06-2018,
CUST_4560,61,Female,Suburban,Monthly,40.06,29-06-2020,
CUST_4561,26,Male,Suburban,Monthly,58.32,28-04-2020,
CUST_4562,43,Male,Rural,Monthly,59.03,18-10-2021,
CUST_4563,43,Female,Suburban,Yearly,33.86,29-05-2018,
CUST_4564,43,Female,Rural,Prepaid,44.35,15-01-2018,
CUST_4565,54,Female,Urban,Prepaid,62.99,14-06-2022,
CUST_4566,45,Male,Urban,Monthly,48.39,24-12-2018,
CUST_4567,45,Female,Urban,Prepaid,34.64,26-04-2018,
CUST_4568,43,Male,Suburban,Monthly,37.79,19-07-2020,
CUST_4569,43,Male,Rural,Yearly,71.12,30-12-2019,
CUST_4570,43,Male,Suburban,Monthly,43.2,25-10-2018,
CUST_4571,41,Male,Rural,Monthly,50.79,09-07-2018,
CUST_4572,59,Female,Suburban,Monthly,26.02,06-09-2022,
CUST_4573,43,Male,Urban,Yearly,46.44,16-10-2021,
CUST_4574,43,Male,Rural,Yearly,92.36,20-01-2018,
CUST_4575,25,Female,Suburban,Monthly,76.84,24-02-2020,
CUST_4576,65,Male,Rural,Monthly,53.81,07-05-2020,
CUST_4577,44,Female,Rural,Prepaid,74.23,15-12-2019,
CUST_4578,43,Male,Suburban,Prepaid,59.05,12-08-2019,
CUST_4579,43,Female,Suburban,Prepaid,84.89,04-05-2022,
CUST_4580,44,Male,Rural,Prepaid,60.01,11-09-2021,
CUST_4581,46,Male,Rural,Monthly,70.1,29-03-2018,
CUST_4582,43,Female,Urban,Monthly,18.31,26-05-2020,
CUST_4583,61,Male,Rural,Prepaid,55.79,08-08-2020,
CUST_4584,30,Male,Urban,Yearly,40.8,08-02-2021,
CUST_4585,43,Female,Urban,Monthly,58.42,12-12-2018,
CUST_4586,27,Male,Urban,Monthly,57.84,05-02-2020,
CUST_4587,43,Male,Rural,Monthly,70.76,16-04-2018,
CUST_4588,26,Female,Urban,Monthly,65.67,24-10-2019,
CUST_4589,44,Female,Rural,Prepaid,28.86,26-03-2018,
CUST_4590,51,Female,Rural,Monthly,22.24,31-03-2020,
CUST_4591,43,Female,Suburban,Prepaid,46.92,05-09-2018,
CUST_4592,18,Female,Rural,Monthly,61.26,25-07-2022,
CUST_4593,49,Male,Rural,Prepaid,59.51,25-04-2018,
CUST_4594,43,Female,Urban,Monthly,51.01,20-04-2020,
CUST_4595,46,Male,Rural,Prepaid,59.21,05-02-2018,
CUST_4596,43,Female,Rural,Monthly,62.34,07-11-2018,
CUST_4597,66,Male,Suburban,Prepaid,51.02,21-09-2021,
CUST_4598,43,Male,Suburban,Yearly,59.33,18-02-2023,
CUST_4599,43,Female,Urban,Yearly,60.65,14-12-2019,
CUST_4600,37,Male,Urban,Prepaid,49.48,13-07-2019,
CUST_4601,47,Male,Suburban,Prepaid,72.19,14-04-2019,
CUST_4602,52,Female,Suburban,Monthly,32.02,10-09-2021,
CUST_4603,52,Female,Rural,Prepaid,74.76,15-05-2021,
CUST_4604,43,Female,Urban,Prepaid,65.68,15-05-2021,
CUST_4605,56,Female,Urban,Prepaid,82.39,02-01-2023,
CUST_4606,44,Male,Rural,Monthly,27.21,19-12-2021,
CUST_4607,43,Male,Rural,Prepaid,44.73,01-01-2019,
CUST_4608,31,Male,Urban,Prepaid,57.23,08-08-2018,
CUST_4609,34,Male,Suburban,Monthly,53.87,22-07-2021,
CUST_4610,43,Male,Suburban,Prepaid,43.52,13-09-2018,
CUST_4611,43,Male,Rural,Prepaid,54.6,05-02-2018,
CUST_4612,43,Female,Urban,Yearly,68.69,18-09-2018,
CUST_4613,46,Male,Rural,Monthly,52.11,20-06-2022,
CUST_4614,37,Male,Suburban,Prepaid,29.53,12-05-2023,
CUST_4615,43,Male,Suburban,Prepaid,80.82,01-03-2018,
CUST_4616,35,Female,Rural,Monthly,35.62,20-06-2019,
CUST_4617,21,Female,Suburban,Prepaid,31.73,06-08-2018,
CUST_4618,18,Female,Urban,Yearly,39.12,22-12-2022,
CUST_4619,67,Female,Rural,Monthly,40.78,26-04-2022,
CUST_4620,18,Male,Rural,Yearly,54.13,05-11-2022,
CUST_4621,43,Male,Rural,Yearly,89.15,15-02-2023,
CUST_4622,43,Male,Suburban,Monthly,36.57,08-06-2019,
CUST_4623,37,Female,Urban,Monthly,66.41,07-01-2020,
CUST_4624,43,Male,Rural,Yearly,79.27,27-08-2021,
CUST_4625,40,Male,Rural,Monthly,43.64,21-02-2018,
CUST_4626,43,Male,Suburban,Prepaid,48.51,18-10-2019,
CUST_4627,28,Female,Urban,Monthly,54.58,02-01-2022,
CUST_4628,43,Female,Rural,Prepaid,43.15,20-10-2020,
CUST_4629,58,Female,Suburban,Monthly,22.76,23-02-2019,
CUST_4630,22,Male,Rural,Monthly,70.28,19-08-2021,
CUST_4631,18,Male,Suburban,Yearly,52.37,10-08-2018,
CUST_4632,34,Male,Urban,Monthly,41.54,24-11-2018,
CUST_4633,39,Male,Suburban,Yearly,49.35,08-12-2020,
CUST_4634,51,Female,Rural,Prepaid,45.26,08-11-2018,
CUST_4635,62,Male,Rural,Prepaid,58.89,07-01-2021,
CUST_4636,58,Female,Suburban,Yearly,36.51,21-11-2018,
CUST_4637,46,Male,Urban,Monthly,44.34,21-07-2022,
CUST_4638,21,Female,Urban,Monthly,52.17,16-09-2019,
CUST_4639,43,Male,Rural,Prepaid,20.49,29-09-2022,
CUST_4640,28,Male,Rural,Monthly,46.31,29-01-2020,
CUST_4641,68,Female,Suburban,Yearly,39.69,04-02-2022,
CUST_4642,43,Female,Suburban,Prepaid,59.13,22-10-2020,
CUST_4643,52,Male,Suburban,Monthly,53.71,26-02-2019,
CUST_4644,29,Male,Urban,Prepaid,69.03,09-01-2021,
CUST_4645,43,Male,Urban,Prepaid,19.78,05-08-2019,
CUST_4646,68,Female,Rural,Monthly,40.75,12-01-2018,
CUST_4647,43,Male,Rural,Prepaid,52.93,08-01-2019,
CUST_4648,62,Female,Rural,Prepaid,69.38,14-05-2018,
CUST_4649,24,Male,Suburban,Monthly,33.41,08-02-2019,
CUST_4650,64,Male,Urban,Monthly,37.95,15-05-2018,
CUST_4651,24,Male,Rural,Prepaid,69.72,27-03-2019,
CUST_4652,43,Male,Rural,Yearly,84.56,23-09-2019,
CUST_4653,43,Female,Rural,Prepaid,75.59,24-05-2018,
CUST_4654,22,Female,Rural,Yearly,75.74,14-07-2019,
CUST_4655,43,Male,Rural,Monthly,56.47,19-10-2021,
CUST_4656,31,Male,Rural,Prepaid,51.99,14-12-2020,
CUST_4657,43,Male,Urban,Prepaid,78.53,26-05-2019,
CUST_4658,43,Female,Rural,Prepaid,45.11,23-02-2018,
CUST_4659,59,Male,Urban,Prepaid,34.84,15-07-2021,
CUST_4660,43,Female,Suburban,Monthly,54.25,29-09-2020,
CUST_4661,32,Female,Urban,Prepaid,44.59,25-04-2023,
CUST_4662,67,Female,Suburban,Prepaid,38.47,29-06-2018,
CUST_4663,69,Female,Urban,Monthly,62.76,11-11-2019,
CUST_4664,62,Male,Urban,Prepaid,46.25,03-12-2022,
CUST_4665,43,Male,Rural,Monthly,52.77,20-05-2020,
CUST_4666,25,Female,Urban,Prepaid,58.12,19-03-2022,
CUST_4667,58,Male,Urban,Monthly,23.52,15-02-2018,
CUST_4668,43,Male,Rural,Monthly,68.59,15-10-2019,
CUST_4669,36,Male,Suburban,Monthly,84.51,28-08-2018,
CUST_4670,65,Female,Rural,Prepaid,69.21,20-05-2020,
CUST_4671,56,Male,Rural,Prepaid,50.07,12-11-2020,
CUST_4672,63,Male,Rural,Prepaid,53.38,11-06-2023,
CUST_4673,45,Male,Suburban,Prepaid,22.12,05-11-2019,
CUST_4674,63,Male,Urban,Prepaid,67.91,30-03-2021,
CUST_4675,44,Male,Urban,Monthly,67.96,01-06-2021,
CUST_4676,21,Male,Rural,Monthly,55.59,24-10-2021,
CUST_4677,32,Male,Rural,Yearly,10.35,21-04-2023,
CUST_4678,43,Male,Urban,Monthly,50.16,19-11-2018,
CUST_4679,54,Male,Urban,Monthly,33.19,17-09-2019,
CUST_4680,43,Male,Urban,Yearly,52.08,06-06-2019,
CUST_4681,20,Female,Suburban,Monthly,49.78,05-11-2021,
CUST_4682,43,Male,Suburban,Monthly,65.64,21-11-2020,
CUST_4683,43,Female,Rural,Yearly,47.63,01-03-2022,
CUST_4684,44,Male,Suburban,Yearly,75.09,16-03-2020,
CUST_4685,43,Female,Rural,Monthly,55.96,13-03-2023,
CUST_4686,53,Female,Urban,Monthly,42.12,15-12-2021,
CUST_4687,51,Male,Urban,Monthly,48.69,15-03-2023,
CUST_4688,43,Female,Rural,Monthly,69.31,22-06-2020,
CUST_4689,43,Female,Urban,Yearly,71.3,16-07-2018,
CUST_4690,41,Female,Rural,Prepaid,9.87,30-05-2023,
CUST_4691,59,Male,Rural,Yearly,32.07,19-05-2022,
CUST_4692,21,Female,Rural,Monthly,40.59,10-12-2020,
CUST_4693,43,Female,Suburban,Prepaid,71.09,16-07-2019,
CUST_4694,51,Male,Rural,Monthly,68.86,19-03-2019,
CUST_4695,66,Female,Rural,Monthly,65.07,23-05-2018,
CUST_4696,43,Female,Rural,Prepaid,67.03,28-05-2019,
CUST_4697,69,Female,Suburban,Yearly,75.69,24-12-2018,
CUST_4698,43,Male,Urban,Monthly,58.4,27-02-2022,
CUST_4699,62,Female,Suburban,Monthly,66.34,16-01-2022,
CUST_4700,43,Male,Rural,Yearly,56.48,14-03-2018,
CUST_4701,43,Female,Suburban,Yearly,65.84,17-07-2019,
CUST_4702,58,Female,Urban,Yearly,42.73,24-06-2022,
CUST_4703,23,Female,Urban,Monthly,36.99,19-05-2019,
CUST_4704,43,Female,Rural,Monthly,40.11,17-03-2023,
CUST_4705,27,Male,Urban,Prepaid,45.87,16-04-2022,
CUST_4706,57,Female,Suburban,Monthly,62.23,06-09-2022,
CUST_4707,24,Male,Suburban,Yearly,74.74,12-06-2019,
CUST_4708,43,Female,Urban,Monthly,40.92,29-05-2021,
CUST_4709,55,Male,Rural,Prepaid,87.93,09-05-2020,
CUST_4710,38,Female,Rural,Prepaid,46.66,17-05-2023,
CUST_4711,37,Female,Suburban,Yearly,50.29,08-11-2018,
CUST_4712,20,Male,Urban,Yearly,54.3,02-01-2023,
CUST_4713,68,Male,Suburban,Monthly,40.54,16-03-2023,
CUST_4714,43,Male,Suburban,Monthly,42.5,23-05-2022,
CUST_4715,64,Male,Suburban,Prepaid,45.44,03-11-2020,
CUST_4716,43,Female,Rural,Monthly,32.38,11-12-2019,
CUST_4717,45,Male,Urban,Monthly,37.7,01-02-2020,
CUST_4718,29,Male,Urban,Monthly,48.84,16-07-2019,
CUST_4719,55,Male,Rural,Prepaid,43.9,16-08-2020,
CUST_4720,68,Female,Suburban,Monthly,40.27,07-07-2021,
CUST_4721,43,Female,Suburban,Prepaid,65.38,09-06-2022,
CUST_4722,64,Female,Rural,Yearly,23.73,25-07-2022,
CUST_4723,43,Female,Urban,Yearly,58.78,22-08-2019,
CUST_4724,22,Male,Rural,Yearly,52.26,20-09-2022,
CUST_4725,43,Female,Urban,Yearly,54.25,18-11-2020,
CUST_4726,43,Male,Urban,Monthly,31.58,09-09-2019,
CUST_4727,67,Female,Urban,Prepaid,41.67,18-12-2021,
CUST_4728,43,Male,Suburban,Monthly,55.88,06-04-2018,
CUST_4729,43,Male,Suburban,Prepaid,41.89,21-12-2018,
CUST_4730,43,Male,Rural,Monthly,26.95,07-04-2020,
CUST_4731,43,Male,Rural,Prepaid,45.96,03-01-2020,
CUST_4732,43,Male,Suburban,Monthly,47.14,14-05-2018,
CUST_4733,68,Female,Rural,Monthly,60.94,06-08-2022,
CUST_4734,31,Male,Suburban,Prepaid,67.04,11-01-2019,
CUST_4735,43,Male,Suburban,Prepaid,52.07,09-04-2019,
CUST_4736,64,Male,Urban,Monthly,56.55,22-03-2018,
CUST_4737,43,Male,Urban,Monthly,65.83,01-11-2018,
CUST_4738,43,Female,Suburban,Monthly,47.18,15-04-2018,
CUST_4739,43,Female,Urban,Prepaid,58.12,08-03-2023,
CUST_4740,39,Male,Suburban,Monthly,28.71,13-06-2020,
CUST_4741,38,Male,Urban,Monthly,41.56,21-10-2020,
CUST_4742,38,Male,Rural,Monthly,75.71,20-08-2019,
CUST_4743,43,Male,Rural,Prepaid,65.37,07-06-2019,
CUST_4744,66,Female,Suburban,Yearly,62.54,18-12-2021,
CUST_4745,43,Female,Suburban,Prepaid,36.71,08-01-2021,
CUST_4746,48,Male,Urban,Prepaid,27.15,07-10-2020,
CUST_4747,59,Male,Urban,Monthly,35.62,19-03-2023,
CUST_4748,43,Male,Suburban,Prepaid,51.55,13-11-2019,
CUST_4749,43,Male,Rural,Yearly,57.97,10-07-2022,
CUST_4750,43,Male,Rural,Prepaid,73.76,13-10-2018,
CUST_4751,43,Female,Suburban,Prepaid,31.93,24-07-2021,
CUST_4752,34,Female,Rural,Prepaid,41.5,26-03-2023,
CUST_4753,43,Male,Suburban,Monthly,74.49,24-10-2019,
CUST_4754,49,Female,Urban,Prepaid,26.16,25-12-2019,
CUST_4755,27,Female,Rural,Prepaid,53.29,28-09-2022,
CUST_4756,39,Female,Rural,Prepaid,21.14,05-01-2021,
CUST_4757,43,Male,Urban,Monthly,44.79,05-09-2022,
CUST_4758,21,Female,Urban,Monthly,79.49,04-06-2022,
CUST_4759,65,Female,Rural,Monthly,58.24,23-03-2019,
CUST_4760,69,Male,Rural,Monthly,69.87,08-06-2019,
CUST_4761,43,Female,Suburban,Prepaid,58.19,18-11-2018,
CUST_4762,42,Male,Suburban,Yearly,57.93,01-01-2023,
CUST_4763,43,Female,Rural,Monthly,25.52,23-05-2018,
CUST_4764,54,Male,Suburban,Prepaid,80.98,31-01-2018,
CUST_4765,43,Male,Urban,Monthly,74.46,28-06-2019,
CUST_4766,66,Female,Suburban,Monthly,38.81,10-02-2021,
CUST_4767,43,Female,Suburban,Prepaid,72.97,01-11-2019,
CUST_4768,42,Male,Rural,Prepaid,65.96,15-04-2018,
CUST_4769,68,Male,Suburban,Prepaid,59.81,18-12-2019,
CUST_4770,43,Female,Rural,Yearly,53.19,08-10-2019,
CUST_4771,34,Female,Rural,Prepaid,48.49,05-05-2020,
CUST_4772,58,Female,Rural,Monthly,76.1,04-02-2020,
CUST_4773,43,Female,Urban,Prepaid,52.02,29-12-2018,
CUST_4774,43,Male,Suburban,Prepaid,57.08,15-11-2020,
CUST_4775,57,Male,Suburban,Prepaid,74.86,03-02-2022,
CUST_4776,32,Male,Suburban,Prepaid,67.44,27-05-2021,
CUST_4777,49,Female,Rural,Prepaid,31.47,14-08-2020,
CUST_4778,43,Female,Urban,Monthly,41.23,19-11-2021,
CUST_4779,43,Male,Rural,Monthly,37.66,22-11-2021,
CUST_4780,18,Male,Suburban,Monthly,56.68,04-08-2022,
CUST_4781,64,Male,Rural,Prepaid,42.77,14-10-2022,
CUST_4782,40,Male,Rural,Yearly,44.27,17-01-2023,
CUST_4783,56,Male,Suburban,Yearly,46.48,04-07-2018,
CUST_4784,43,Male,Rural,Prepaid,55.56,26-11-2022,
CUST_4785,43,Female,Rural,Yearly,46.08,28-12-2021,
CUST_4786,58,Male,Urban,Prepaid,64.53,20-06-2018,
CUST_4787,46,Male,Rural,Monthly,33.64,28-04-2023,
CUST_4788,26,Male,Urban,Prepaid,27.8,05-02-2022,
CUST_4789,43,Male,Suburban,Monthly,40.21,21-11-2022,
CUST_4790,43,Male,Urban,Monthly,34.75,15-06-2023,
CUST_4791,23,Male,Rural,Prepaid,50.84,24-04-2018,
CUST_4792,43,Male,Suburban,Monthly,44,12-10-2018,
CUST_4793,69,Female,Rural,Monthly,30.52,04-03-2018,
CUST_4794,20,Male,Rural,Monthly,30.24,17-07-2019,
CUST_4795,34,Female,Urban,Yearly,52.74,24-11-2021,
CUST_4796,66,Female,Rural,Yearly,63.51,09-05-2020,
CUST_4797,29,Female,Urban,Yearly,39.41,31-03-2021,
CUST_4798,65,Male,Suburban,Yearly,48.69,11-03-2023,
CUST_4799,64,Male,Suburban,Prepaid,40.37,20-01-2021,
CUST_4800,43,Male,Rural,Prepaid,47.72,04-11-2020,
CUST_4801,43,Male,Urban,Prepaid,76.43,30-06-2018,
CUST_4802,34,Male,Rural,Yearly,87.49,17-08-2018,
CUST_4803,43,Male,Rural,Prepaid,43.31,20-04-2021,
CUST_4804,43,Male,Rural,Prepaid,42.33,15-11-2020,
CUST_4805,32,Male,Rural,Prepaid,56.48,21-01-2018,
CUST_4806,53,Male,Urban,Prepaid,51.81,04-08-2021,
CUST_4807,43,Male,Rural,Prepaid,60.22,01-04-2018,
CUST_4808,49,Female,Suburban,Monthly,48.13,25-06-2022,
CUST_4809,21,Male,Urban,Prepaid,47.27,19-05-2023,
CUST_4810,35,Male,Rural,Monthly,56.62,28-07-2021,
CUST_4811,66,Male,Urban,Yearly,53.63,18-11-2020,
CUST_4812,43,Female,Rural,Monthly,42.77,17-09-2018,
CUST_4813,60,Male,Suburban,Prepaid,51.86,11-04-2019,
CUST_4814,69,Male,Suburban,Yearly,51.9,17-07-2021,
CUST_4815,43,Female,Suburban,Monthly,8.61,13-09-2018,
CUST_4816,57,Male,Urban,Prepaid,49.14,11-10-2020,
CUST_4817,43,Female,Suburban,Monthly,63.55,15-02-2019,
CUST_4818,50,Female,Rural,Monthly,43.42,16-09-2019,
CUST_4819,31,Female,Rural,Monthly,38.84,10-05-2018,
CUST_4820,43,Female,Rural,Prepaid,38.9,13-05-2022,
CUST_4821,21,Male,Urban,Monthly,54.93,16-01-2020,
CUST_4822,41,Female,Urban,Monthly,35.2,24-05-2019,
CUST_4823,46,Female,Suburban,Prepaid,53.57,17-06-2023,
CUST_4824,43,Male,Urban,Monthly,52.38,01-08-2018,
CUST_4825,23,Male,Rural,Prepaid,29.99,23-05-2020,
CUST_4826,50,Male,Rural,Monthly,64.18,12-11-2019,
CUST_4827,66,Female,Rural,Prepaid,68.77,08-02-2022,
CUST_4828,43,Male,Urban,Prepaid,53.77,28-08-2022,
CUST_4829,36,Female,Rural,Yearly,50.58,31-10-2021,
CUST_4830,18,Female,Suburban,Monthly,42.49,09-07-2019,
CUST_4831,22,Male,Urban,Prepaid,43.06,16-02-2020,
CUST_4832,44,Male,Rural,Monthly,43.5,26-11-2021,
CUST_4833,33,Male,Rural,Monthly,61.15,20-11-2019,
CUST_4834,23,Male,Urban,Yearly,58.59,17-03-2023,
CUST_4835,43,Male,Urban,Monthly,20.43,15-09-2018,
CUST_4836,30,Male,Suburban,Monthly,27.78,03-04-2018,
CUST_4837,65,Female,Urban,Yearly,37.57,19-12-2020,
CUST_4838,43,Female,Rural,Monthly,43.03,04-12-2022,
CUST_4839,36,Male,Suburban,Prepaid,56.47,10-08-2022,
CUST_4840,43,Female,Rural,Monthly,41.91,24-04-2023,
CUST_4841,43,Female,Rural,Monthly,56.28,15-08-2022,
CUST_4842,43,Female,Rural,Monthly,73.95,25-06-2020,
CUST_4843,27,Female,Urban,Prepaid,41.26,11-09-2022,
CUST_4844,42,Female,Urban,Monthly,36.27,18-03-2020,
CUST_4845,43,Female,Rural,Prepaid,33.09,20-05-2020,
CUST_4846,48,Male,Urban,Prepaid,34.48,05-11-2021,
CUST_4847,43,Male,Rural,Prepaid,58.32,13-02-2023,
CUST_4848,43,Male,Urban,Monthly,61.38,26-07-2020,
CUST_4849,40,Female,Urban,Prepaid,59.4,18-11-2019,
CUST_4850,19,Male,Urban,Monthly,34.26,10-05-2022,
CUST_4851,43,Male,Suburban,Monthly,44.25,04-08-2020,
CUST_4852,68,Male,Urban,Monthly,44.29,08-12-2022,
CUST_4853,54,Female,Suburban,Monthly,75.75,23-01-2020,
CUST_4854,25,Male,Suburban,Prepaid,54.44,22-10-2021,
CUST_4855,24,Female,Suburban,Prepaid,51.66,16-03-2020,
CUST_4856,43,Male,Rural,Yearly,54.17,28-03-2023,
CUST_4857,20,Male,Urban,Monthly,43.56,16-07-2019,
CUST_4858,43,Male,Rural,Monthly,56.05,29-09-2020,
CUST_4859,33,Female,Suburban,Monthly,42.82,01-01-2020,
CUST_4860,36,Female,Urban,Prepaid,71.42,03-01-2022,
CUST_4861,43,Female,Rural,Monthly,36.93,14-04-2019,
CUST_4862,35,Female,Suburban,Prepaid,52.83,04-06-2023,
CUST_4863,43,Female,Rural,Yearly,60.06,17-12-2019,
CUST_4864,43,Male,Rural,Prepaid,48.8,28-02-2022,
CUST_4865,25,Male,Urban,Monthly,51.91,10-01-2023,
CUST_4866,50,Female,Urban,Prepaid,46.98,29-05-2020,
CUST_4867,43,Female,Rural,Yearly,36.3,14-03-2022,
CUST_4868,43,Male,Urban,Yearly,76.01,20-08-2019,
CUST_4869,28,Female,Urban,Prepaid,44.62,12-06-2022,
CUST_4870,22,Male,Rural,Prepaid,30.42,29-07-2022,
CUST_4871,43,Female,Urban,Prepaid,39.15,08-07-2019,
CUST_4872,29,Male,Urban,Monthly,69.93,30-12-2018,
CUST_4873,34,Female,Suburban,Prepaid,84.16,20-03-2022,
CUST_4874,23,Female,Urban,Monthly,55.58,21-03-2020,
CUST_4875,43,Male,Suburban,Prepaid,61.85,06-08-2021,
CUST_4876,43,Male,Rural,Monthly,77.7,06-03-2020,
CUST_4877,45,Female,Suburban,Monthly,35.59,26-12-2018,
CUST_4878,43,Female,Rural,Monthly,55.89,28-01-2023,
CUST_4879,22,Male,Urban,Monthly,77.4,18-06-2019,
CUST_4880,50,Female,Urban,Prepaid,62.59,25-03-2020,
CUST_4881,43,Male,Suburban,Monthly,45.92,07-01-2023,
CUST_4882,65,Male,Rural,Monthly,55.43,13-01-2023,
CUST_4883,58,Female,Urban,Monthly,77.94,31-10-2019,
CUST_4884,43,Male,Suburban,Prepaid,52.27,15-05-2023,
CUST_4885,39,Male,Suburban,Monthly,36.14,01-07-2018,
CUST_4886,22,Female,Suburban,Yearly,59.17,09-03-2018,
CUST_4887,19,Male,Urban,Yearly,36.45,04-08-2019,
CUST_4888,43,Male,Rural,Monthly,38.99,26-01-2023,
CUST_4889,43,Male,Urban,Monthly,43.02,10-06-2022,
CUST_4890,56,Male,Urban,Prepaid,49.72,25-09-2021,
CUST_4891,43,Female,Rural,Prepaid,37.32,26-05-2019,
CUST_4892,50,Male,Suburban,Monthly,56.16,11-10-2019,
CUST_4893,43,Female,Urban,Prepaid,44.79,07-02-2021,
CUST_4894,37,Male,Suburban,Prepaid,62.28,05-11-2019,
CUST_4895,24,Female,Suburban,Yearly,50.61,14-07-2022,
CUST_4896,32,Male,Rural,Yearly,47.69,17-10-2021,
CUST_4897,40,Female,Rural,Yearly,48.28,15-03-2021,
CUST_4898,31,Male,Rural,Prepaid,71.9,08-03-2021,
CUST_4899,40,Male,Suburban,Yearly,63.24,26-06-2018,
CUST_4900,36,Male,Suburban,Prepaid,28.57,11-02-2019,
CUST_4901,46,Male,Urban,Monthly,42.51,25-02-2020,
CUST_4902,37,Female,Suburban,Monthly,51.45,12-12-2020,
CUST_4903,46,Female,Rural,Monthly,17.36,25-12-2022,
CUST_4904,41,Male,Rural,Yearly,56.43,28-10-2018,
CUST_4905,35,Female,Rural,Prepaid,37.27,29-10-2018,
CUST_4906,27,Male,Rural,Monthly,38.98,14-06-2023,
CUST_4907,58,Male,Suburban,Prepaid,39.47,12-08-2020,
CUST_4908,25,Female,Rural,Yearly,68.88,29-03-2018,
CUST_4909,43,Female,Urban,Monthly,59.14,29-12-2022,
CUST_4910,46,Female,Suburban,Monthly,43.24,25-03-2022,
CUST_4911,27,Male,Rural,Monthly,41.57,08-06-2021,
CUST_4912,43,Male,Urban,Monthly,52.47,24-10-2019,
CUST_4913,19,Female,Rural,Monthly,73.93,10-06-2021,
CUST_4914,23,Male,Suburban,Prepaid,46.15,08-10-2021,
CUST_4915,43,Female,Suburban,Monthly,22.06,06-03-2021,
CUST_4916,43,Female,Urban,Yearly,52.52,17-08-2022,
CUST_4917,58,Female,Suburban,Yearly,54.1,19-02-2021,
CUST_4918,22,Female,Urban,Prepaid,55.54,11-01-2018,
CUST_4919,43,Female,Rural,Prepaid,247.15,31-05-2018,
CUST_4920,43,Female,Suburban,Monthly,52.05,21-02-2022,
CUST_4921,37,Male,Rural,Monthly,35.29,15-03-2019,
CUST_4922,43,Male,Rural,Prepaid,66.36,04-05-2022,
CUST_4923,66,Female,Suburban,Monthly,42.14,06-09-2018,
CUST_4924,44,Female,Rural,Yearly,46.13,09-08-2022,
CUST_4925,66,Female,Urban,Monthly,55.9,16-07-2019,
CUST_4926,29,Male,Urban,Prepaid,53.18,24-02-2023,
CUST_4927,24,Female,Urban,Yearly,73.64,02-04-2018,
CUST_4928,43,Female,Suburban,Monthly,69.64,27-01-2018,
CUST_4929,27,Female,Rural,Monthly,42.6,05-04-2022,
CUST_4930,43,Male,Rural,Prepaid,79.67,12-01-2023,
CUST_4931,42,Female,Rural,Monthly,64.24,20-01-2018,
CUST_4932,52,Male,Rural,Monthly,51.95,11-05-2023,
CUST_4933,43,Male,Urban,Monthly,40.06,02-01-2020,
CUST_4934,19,Female,Suburban,Prepaid,49.03,03-11-2020,
CUST_4935,41,Male,Urban,Monthly,21.25,12-12-2019,
CUST_4936,27,Male,Urban,Prepaid,58.15,07-02-2019,
CUST_4937,55,Male,Suburban,Prepaid,30.21,04-06-2019,
CUST_4938,39,Female,Suburban,Monthly,57.32,12-12-2019,
CUST_4939,43,Male,Urban,Yearly,42.81,01-04-2018,
CUST_4940,43,Female,Rural,Prepaid,51.91,14-09-2021,
CUST_4941,56,Female,Suburban,Prepaid,40.76,03-01-2019,
CUST_4942,44,Female,Suburban,Monthly,39.17,12-09-2018,
CUST_4943,46,Male,Urban,Monthly,61.01,04-12-2021,
CUST_4944,43,Female,Rural,Monthly,40.62,11-09-2019,
CUST_4945,55,Male,Suburban,Prepaid,36.47,10-08-2019,
CUST_4946,37,Male,Urban,Prepaid,34.25,08-11-2020,
CUST_4947,44,Male,Suburban,Monthly,62.82,28-05-2022,
CUST_4948,58,Male,Rural,Monthly,33.21,23-04-2021,
CUST_4949,43,Female,Urban,Yearly,50.08,07-08-2020,
CUST_4950,61,Female,Urban,Monthly,83.19,18-09-2018,
CUST_4951,43,Male,Rural,Monthly,39.67,10-06-2022,
CUST_4952,43,Female,Urban,Yearly,38.28,04-09-2021,
CUST_4953,43,Female,Rural,Prepaid,66.3,17-06-2018,
CUST_4954,64,Female,Urban,Monthly,32.2,22-12-2019,
CUST_4955,19,Male,Rural,Prepaid,66.28,01-07-2022,
CUST_4956,47,Female,Suburban,Prepaid,44.29,05-08-2022,
CUST_4957,51,Male,Suburban,Prepaid,63.54,05-06-2023,
CUST_4958,43,Female,Suburban,Prepaid,56.58,15-09-2022,
CUST_4959,20,Male,Urban,Yearly,58.62,20-06-2022,
CUST_4960,23,Male,Rural,Monthly,43.36,20-11-2022,
CUST_4961,32,Male,Rural,Yearly,44.12,07-04-2023,
CUST_4962,43,Female,Suburban,Monthly,42.18,24-12-2018,
CUST_4963,27,Male,Suburban,Monthly,69.93,03-04-2019,
CUST_4964,26,Female,Suburban,Prepaid,50.09,28-05-2020,
CUST_4965,43,Male,Rural,Monthly,79.23,11-12-2018,
CUST_4966,49,Female,Suburban,Monthly,53.47,10-06-2022,
CUST_4967,65,Male,Urban,Prepaid,47.23,18-02-2023,
CUST_4968,23,Female,Suburban,Monthly,46.76,03-02-2019,
CUST_4969,43,Male,Suburban,Prepaid,39.54,27-01-2022,
CUST_4970,53,Male,Rural,Monthly,53.36,17-12-2019,
CUST_4971,19,Male,Urban,Monthly,48.67,06-07-2020,
CUST_4972,46,Female,Rural,Yearly,40.79,11-06-2023,
CUST_4973,43,Male,Urban,Prepaid,49.11,13-02-2018,
CUST_4974,18,Male,Urban,Monthly,42.49,12-07-2019,
CUST_4975,36,Male,Suburban,Monthly,54.3,10-01-2018,
CUST_4976,43,Male,Suburban,Prepaid,60.73,03-02-2023,
CUST_4977,42,Female,Rural,Monthly,40.59,31-10-2019,
CUST_4978,27,Male,Rural,Prepaid,43.15,09-03-2019,
CUST_4979,43,Male,Rural,Prepaid,36.44,04-04-2018,
CUST_4980,39,Female,Urban,Prepaid,67.01,04-11-2021,
CUST_4981,43,Female,Rural,Yearly,23.38,08-03-2021,
CUST_4982,43,Female,Urban,Prepaid,40.12,11-10-2022,
CUST_4983,38,Male,Urban,Monthly,60.64,22-02-2019,
CUST_4984,43,Female,Urban,Prepaid,40.53,22-11-2022,
CUST_4985,53,Female,Urban,Prepaid,39.98,17-08-2020,
CUST_4986,51,Female,Urban,Prepaid,60.09,23-08-2022,
CUST_4987,47,Male,Suburban,Monthly,15.99,25-04-2020,
CUST_4988,42,Male,Urban,Prepaid,50.44,26-01-2022,
CUST_4989,62,Male,Urban,Prepaid,41.75,02-03-2021,
CUST_4990,43,Female,Suburban,Yearly,42.05,12-07-2019,
CUST_4991,43,Male,Suburban,Monthly,66.01,06-08-2020,
CUST_4992,43,Female,Suburban,Prepaid,49.69,14-06-2020,
CUST_4993,62,Female,Rural,Monthly,32.69,11-02-2020,
CUST_4994,21,Female,Rural,Prepaid,27.81,15-06-2019,
CUST_4995,24,Male,Urban,Monthly,49.09,10-07-2020,
CUST_4996,66,Female,Urban,Prepaid,29.34,02-12-2020,
CUST_4997,26,Female,Urban,Prepaid,68.09,26-06-2021,
CUST_4998,43,Male,Urban,Prepaid,33.44,02-07-2022,
CUST_4999,43,Female,Suburban,Prepaid,49.82,12-03-2018,
CUST_5000,18,Female,Rural,Yearly,20.82,23-05-2021,
CUST_5001,27,Female,Suburban,Prepaid,21.57,14-04-2021,
CUST_5002,53,Male,Rural,Prepaid,46.86,15-12-2022,
CUST_5003,26,Female,Suburban,Monthly,97.98,26-03-2019,
CUST_5004,62,Male,Urban,Monthly,41.57,16-11-2022,
CUST_5005,63,Male,Rural,Prepaid,60.36,09-02-2018,
CUST_5006,59,Female,Urban,Prepaid,42.6,25-05-2022,
CUST_5007,49,Female,Rural,Prepaid,65.25,06-02-2019,
CUST_5008,49,Female,Rural,Prepaid,48.62,28-06-2018,
CUST_5009,43,Female,Urban,Prepaid,31.3,31-07-2020,
CUST_5010,65,Male,Urban,Prepaid,46.26,24-10-2021,
CUST_5011,43,Male,Urban,Monthly,23.28,23-10-2021,
CUST_5012,43,Female,Suburban,Yearly,36.67,27-09-2020,
CUST_5013,27,Male,Rural,Monthly,55.72,22-11-2020,
CUST_5014,67,Female,Rural,Prepaid,40.18,03-12-2022,
CUST_5015,43,Female,Rural,Monthly,43.47,25-07-2018,
CUST_5016,67,Female,Urban,Monthly,64.08,12-03-2023,
CUST_5017,52,Female,Rural,Yearly,42.48,13-10-2021,
CUST_5018,69,Male,Rural,Monthly,57.68,11-10-2019,
CUST_5019,38,Male,Urban,Monthly,41.06,14-08-2022,
CUST_5020,42,Female,Urban,Prepaid,63.75,28-04-2018,
CUST_5021,45,Female,Rural,Monthly,69.64,11-09-2021,
CUST_5022,43,Male,Suburban,Prepaid,20.48,25-08-2019,
CUST_5023,32,Male,Urban,Prepaid,35.23,16-06-2018,
CUST_5024,21,Male,Suburban,Prepaid,46.47,24-08-2019,
CUST_5025,46,Female,Suburban,Monthly,39.73,31-10-2020,
CUST_5026,26,Male,Suburban,Monthly,62.87,01-09-2018,
CUST_5027,43,Female,Suburban,Yearly,53.29,21-07-2020,
CUST_5028,43,Female,Urban,Prepaid,35.81,14-01-2023,
CUST_5029,36,Male,Rural,Prepaid,71.26,04-01-2021,
CUST_5030,45,Female,Rural,Yearly,70.98,30-12-2018,
CUST_5031,43,Male,Urban,Yearly,30.04,09-07-2020,
CUST_5032,43,Female,Urban,Monthly,40.92,14-12-2021,
CUST_5033,58,Female,Suburban,Prepaid,62.52,26-10-2021,
CUST_5034,59,Female,Suburban,Monthly,63.93,01-09-2018,
CUST_5035,43,Female,Urban,Prepaid,71.06,13-10-2019,
CUST_5036,37,Female,Rural,Yearly,87.08,23-08-2022,
CUST_5037,43,Female,Suburban,Monthly,56.27,29-04-2020,
CUST_5038,57,Male,Urban,Prepaid,69.15,14-12-2020,
CUST_5039,43,Male,Urban,Yearly,90.06,24-11-2019,
CUST_5040,66,Female,Urban,Monthly,49.78,16-07-2021,
CUST_5041,40,Male,Suburban,Yearly,38.24,23-07-2018,
CUST_5042,64,Female,Urban,Yearly,53.82,25-02-2019,
CUST_5043,49,Male,Rural,Prepaid,73.9,15-03-2020,
CUST_5044,69,Male,Urban,Prepaid,77.2,15-04-2019,
CUST_5045,64,Female,Suburban,Monthly,52.2,16-11-2020,
CUST_5046,43,Male,Rural,Yearly,47.52,20-10-2021,
CUST_5047,63,Female,Rural,Yearly,30.89,24-02-2019,
CUST_5048,43,Male,Urban,Monthly,51.2,16-07-2022,
CUST_5049,60,Female,Urban,Prepaid,32.32,11-02-2021,
CUST_5050,43,Male,Rural,Prepaid,35.42,19-12-2018,
CUST_5051,51,Female,Urban,Monthly,53.54,04-02-2021,
CUST_5052,57,Male,Suburban,Monthly,30.84,24-11-2021,
CUST_5053,28,Female,Rural,Monthly,55.33,31-07-2022,
CUST_5054,67,Male,Urban,Monthly,64.23,28-09-2019,
CUST_5055,20,Female,Rural,Monthly,34.2,15-07-2019,
CUST_5056,50,Male,Urban,Yearly,41.16,15-06-2018,
CUST_5057,43,Female,Urban,Prepaid,28.3,01-02-2020,
CUST_5058,43,Male,Suburban,Prepaid,58.9,12-09-2020,
CUST_5059,35,Female,Urban,Monthly,27.68,02-08-2020,
CUST_5060,47,Female,Urban,Yearly,60.49,17-03-2020,
CUST_5061,65,Female,Urban,Prepaid,54.35,12-10-2018,
CUST_5062,27,Female,Suburban,Prepaid,82.38,04-07-2019,
CUST_5063,35,Male,Urban,Prepaid,75.08,13-04-2020,
CUST_5064,43,Male,Urban,Prepaid,32.19,03-11-2022,
CUST_5065,36,Male,Urban,Prepaid,77.38,03-01-2019,
CUST_5066,43,Female,Rural,Monthly,41.98,21-06-2018,
CUST_5067,43,Female,Suburban,Prepaid,37.9,11-12-2020,
CUST_5068,63,Female,Rural,Monthly,211.9,21-04-2018,
CUST_5069,20,Female,Suburban,Prepaid,45.68,18-10-2021,
CUST_5070,43,Female,Suburban,Prepaid,82.39,30-08-2021,
CUST_5071,55,Male,Rural,Monthly,7.77,21-04-2020,
CUST_5072,43,Male,Suburban,Monthly,77.78,20-03-2023,
CUST_5073,44,Male,Suburban,Prepaid,62.44,18-05-2023,
CUST_5074,63,Female,Rural,Yearly,52.52,05-06-2023,
CUST_5075,25,Female,Urban,Prepaid,41.02,25-04-2018,
CUST_5076,43,Female,Suburban,Prepaid,48.61,04-11-2021,
CUST_5077,63,Female,Rural,Monthly,62.77,14-02-2021,
CUST_5078,59,Female,Suburban,Yearly,64.43,06-04-2018,
CUST_5079,43,Female,Rural,Monthly,37.53,20-01-2022,
CUST_5080,43,Female,Urban,Prepaid,61.6,03-04-2019,
CUST_5081,23,Male,Suburban,Monthly,41.18,02-08-2020,
CUST_5082,60,Male,Urban,Prepaid,47.36,21-02-2020,
CUST_5083,43,Female,Urban,Monthly,69.69,26-04-2018,
CUST_5084,56,Female,Rural,Prepaid,61.9,23-06-2023,
CUST_5085,66,Female,Suburban,Yearly,25.72,15-06-2021,
CUST_5086,43,Male,Suburban,Prepaid,52.02,25-01-2023,
CUST_5087,43,Male,Suburban,Yearly,56.29,25-05-2020,
CUST_5088,43,Female,Suburban,Prepaid,52.23,11-06-2020,
CUST_5089,26,Male,Suburban,Yearly,12.25,25-01-2023,
CUST_5090,35,Male,Rural,Prepaid,29.68,16-05-2021,
CUST_5091,38,Male,Suburban,Prepaid,23.4,13-01-2019,
CUST_5092,19,Female,Urban,Prepaid,40.49,27-12-2019,
CUST_5093,60,Male,Urban,Yearly,52.07,28-06-2019,
CUST_5094,55,Male,Suburban,Prepaid,42.17,07-01-2019,
CUST_5095,43,Female,Rural,Prepaid,40.69,06-09-2021,
CUST_5096,43,Female,Rural,Prepaid,23.88,07-12-2021,
CUST_5097,43,Male,Suburban,Yearly,31.27,22-02-2022,
CUST_5098,60,Female,Urban,Prepaid,35.67,23-08-2018,
CUST_5099,43,Male,Suburban,Prepaid,63.22,10-12-2019,
CUST_5100,43,Male,Suburban,Yearly,56.47,15-09-2020,
CUST_5101,45,Female,Suburban,Yearly,61.76,11-07-2020,
CUST_5102,35,Female,Rural,Prepaid,56.93,11-03-2021,
CUST_5103,51,Male,Rural,Yearly,62.33,27-06-2020,
CUST_5104,43,Female,Urban,Prepaid,29.51,26-06-2019,
CUST_5105,28,Female,Urban,Prepaid,70.04,13-03-2020,
CUST_5106,30,Male,Suburban,Yearly,65.72,18-05-2023,
CUST_5107,43,Male,Urban,Monthly,44.39,01-02-2023,
CUST_5108,39,Male,Suburban,Prepaid,64.55,01-12-2020,
CUST_5109,24,Male,Urban,Prepaid,68.24,20-03-2019,
CUST_5110,60,Male,Suburban,Prepaid,49.21,30-09-2019,
CUST_5111,43,Male,Rural,Monthly,58.06,06-03-2019,
CUST_5112,21,Female,Suburban,Yearly,42.21,04-02-2020,
CUST_5113,45,Female,Rural,Prepaid,69.8,21-12-2022,
CUST_5114,43,Male,Rural,Yearly,43.22,07-06-2022,
CUST_5115,43,Female,Urban,Prepaid,54.71,17-12-2022,
CUST_5116,43,Female,Urban,Monthly,49.35,12-06-2022,
CUST_5117,43,Male,Rural,Prepaid,41.26,02-03-2023,
CUST_5118,55,Female,Suburban,Monthly,24.43,05-09-2019,
CUST_5119,43,Female,Suburban,Prepaid,63.29,25-05-2023,
CUST_5120,43,Male,Urban,Yearly,49.47,25-03-2020,
CUST_5121,43,Female,Suburban,Prepaid,77.48,25-06-2019,
CUST_5122,43,Female,Suburban,Prepaid,68.25,06-02-2023,
CUST_5123,43,Male,Suburban,Yearly,68.04,26-02-2022,
CUST_5124,65,Female,Rural,Monthly,61,11-04-2019,
CUST_5125,43,Female,Rural,Prepaid,61.31,12-07-2022,
CUST_5126,22,Female,Suburban,Monthly,52.35,21-01-2020,
CUST_5127,66,Male,Urban,Yearly,62.37,10-09-2022,
CUST_5128,27,Male,Suburban,Monthly,43.28,15-04-2020,
CUST_5129,45,Female,Urban,Prepaid,13.37,30-03-2021,
CUST_5130,43,Female,Rural,Prepaid,60.62,24-03-2020,
CUST_5131,43,Male,Suburban,Yearly,60.95,11-01-2021,
CUST_5132,43,Male,Suburban,Prepaid,30.18,01-11-2018,
CUST_5133,20,Female,Urban,Monthly,57.71,24-08-2022,
CUST_5134,62,Male,Urban,Monthly,57.47,16-07-2018,
CUST_5135,43,Female,Suburban,Prepaid,66.19,15-06-2021,
CUST_5136,37,Female,Suburban,Prepaid,48.41,27-02-2021,
CUST_5137,36,Male,Urban,Yearly,27.17,05-03-2020,
CUST_5138,52,Male,Rural,Prepaid,42.74,24-03-2020,
CUST_5139,21,Female,Urban,Monthly,42.69,13-06-2022,
CUST_5140,22,Female,Suburban,Yearly,48.24,01-05-2018,
CUST_5141,43,Male,Rural,Prepaid,51.83,17-05-2021,
CUST_5142,43,Female,Rural,Prepaid,46.44,26-02-2021,
CUST_5143,29,Male,Rural,Yearly,55.94,11-08-2019,
CUST_5144,44,Male,Rural,Monthly,33.53,30-07-2018,
CUST_5145,43,Male,Suburban,Prepaid,55.4,12-06-2019,
CUST_5146,40,Male,Rural,Prepaid,38.62,12-09-2022,
CUST_5147,42,Male,Urban,Monthly,46.98,04-02-2018,
CUST_5148,38,Female,Urban,Monthly,22.57,22-01-2018,
CUST_5149,69,Male,Urban,Monthly,64.16,04-09-2022,
CUST_5150,41,Male,Suburban,Yearly,45.41,19-04-2018,
CUST_5151,43,Male,Rural,Monthly,55.08,24-05-2018,
CUST_5152,43,Male,Urban,Yearly,37.68,17-02-2021,
CUST_5153,43,Male,Urban,Monthly,41.6,07-10-2021,
CUST_5154,49,Male,Urban,Prepaid,35.51,30-07-2018,
CUST_5155,49,Male,Rural,Monthly,52.38,11-02-2023,
CUST_5156,43,Female,Urban,Monthly,58.63,06-11-2020,
CUST_5157,43,Female,Rural,Prepaid,34.98,02-02-2019,
CUST_5158,43,Female,Rural,Prepaid,52.1,04-01-2022,
CUST_5159,59,Female,Rural,Monthly,46.33,31-01-2019,
CUST_5160,66,Male,Suburban,Monthly,52.91,01-08-2022,
CUST_5161,59,Female,Suburban,Yearly,36.52,14-04-2021,
CUST_5162,43,Male,Rural,Yearly,56.98,07-01-2018,
CUST_5163,33,Female,Rural,Prepaid,45.82,02-02-2020,
CUST_5164,50,Female,Suburban,Monthly,47.92,01-11-2019,
CUST_5165,66,Male,Suburban,Prepaid,85.11,30-11-2020,
CUST_5166,43,Male,Rural,Prepaid,23.57,02-05-2018,
CUST_5167,26,Female,Suburban,Prepaid,58.1,25-07-2020,
CUST_5168,23,Female,Urban,Monthly,56.53,03-06-2023,
CUST_5169,68,Female,Rural,Prepaid,59.46,15-01-2018,
CUST_5170,43,Female,Rural,Prepaid,58.79,04-09-2022,
CUST_5171,52,Male,Suburban,Prepaid,52.9,22-11-2020,
CUST_5172,43,Female,Urban,Prepaid,56.13,23-08-2018,
CUST_5173,39,Female,Suburban,Yearly,90.29,08-05-2022,
CUST_5174,58,Female,Urban,Yearly,47.42,19-01-2018,
CUST_5175,43,Female,Urban,Monthly,47.26,10-02-2019,
CUST_5176,59,Female,Rural,Monthly,33.99,26-06-2018,
CUST_5177,43,Male,Urban,Monthly,37.63,06-10-2021,
CUST_5178,34,Male,Rural,Monthly,53.35,08-08-2021,
CUST_5179,29,Male,Urban,Monthly,55.53,18-02-2019,
CUST_5180,43,Male,Rural,Prepaid,48.31,10-04-2018,
CUST_5181,33,Male,Urban,Prepaid,59.79,06-05-2022,
CUST_5182,43,Female,Suburban,Prepaid,43.99,27-05-2019,
CUST_5183,47,Male,Urban,Prepaid,87.28,14-11-2022,
CUST_5184,39,Male,Suburban,Prepaid,52.29,10-02-2020,
CUST_5185,26,Female,Urban,Monthly,60.11,04-03-2018,
CUST_5186,46,Male,Urban,Monthly,52.42,09-02-2021,
CUST_5187,43,Male,Rural,Prepaid,40.97,27-01-2020,
CUST_5188,54,Male,Urban,Prepaid,42.39,29-04-2022,
CUST_5189,40,Male,Urban,Monthly,32.8,26-12-2020,
CUST_5190,43,Female,Urban,Prepaid,24.16,21-09-2021,
CUST_5191,49,Female,Suburban,Prepaid,64.25,06-09-2018,
CUST_5192,63,Male,Rural,Yearly,40.86,25-12-2022,
CUST_5193,69,Female,Rural,Monthly,49.04,13-11-2022,
CUST_5194,64,Male,Urban,Yearly,72.99,05-10-2022,
CUST_5195,65,Female,Urban,Yearly,67.53,21-08-2019,
CUST_5196,40,Female,Suburban,Yearly,52.25,17-02-2023,
CUST_5197,62,Female,Urban,Prepaid,46.84,21-03-2023,
CUST_5198,43,Female,Rural,Prepaid,47.7,03-09-2021,
CUST_5199,43,Female,Rural,Prepaid,83.04,07-04-2023,
CUST_5200,38,Female,Suburban,Prepaid,52.59,09-04-2019,
CUST_5201,19,Female,Suburban,Monthly,94.88,14-01-2023,
CUST_5202,43,Female,Rural,Monthly,30.49,01-11-2021,
CUST_5203,23,Female,Suburban,Yearly,50.7,04-11-2020,
CUST_5204,61,Female,Urban,Yearly,67.49,11-11-2021,
CUST_5205,43,Female,Urban,Monthly,66.2,22-02-2020,
CUST_5206,47,Male,Suburban,Monthly,59.47,17-09-2021,
CUST_5207,39,Female,Rural,Prepaid,40.85,08-10-2019,
CUST_5208,50,Male,Suburban,Monthly,30.3,09-08-2021,
CUST_5209,43,Female,Rural,Yearly,47.32,19-05-2020,
CUST_5210,34,Male,Suburban,Prepaid,65.65,18-08-2019,
CUST_5211,60,Male,Suburban,Monthly,75.5,19-03-2018,
CUST_5212,49,Male,Suburban,Yearly,51.66,18-06-2022,
CUST_5213,43,Female,Urban,Prepaid,48.53,22-02-2022,
CUST_5214,68,Female,Urban,Yearly,53.13,13-07-2018,
CUST_5215,31,Female,Rural,Prepaid,53.3,09-07-2021,
CUST_5216,27,Female,Suburban,Yearly,67.8,08-11-2018,
CUST_5217,64,Male,Urban,Prepaid,44.47,13-01-2019,
CUST_5218,68,Female,Suburban,Prepaid,48.23,20-05-2023,
CUST_5219,53,Female,Rural,Prepaid,56.93,13-10-2019,
CUST_5220,51,Female,Urban,Monthly,40.52,06-07-2018,
CUST_5221,43,Female,Rural,Yearly,36.21,16-03-2020,
CUST_5222,59,Female,Urban,Monthly,71.05,04-06-2018,
CUST_5223,45,Female,Suburban,Yearly,49.64,06-03-2018,
CUST_5224,43,Female,Rural,Yearly,316.8,09-02-2021,
CUST_5225,43,Female,Urban,Prepaid,60.35,31-07-2019,
CUST_5226,56,Male,Urban,Monthly,29.37,10-06-2023,
CUST_5227,43,Male,Suburban,Prepaid,40.21,25-06-2018,
CUST_5228,36,Female,Rural,Monthly,50.96,19-05-2021,
CUST_5229,32,Female,Rural,Prepaid,46.39,26-09-2019,
CUST_5230,45,Female,Rural,Prepaid,53.67,28-04-2021,
CUST_5231,43,Female,Suburban,Monthly,52.78,01-09-2021,
CUST_5232,25,Male,Urban,Prepaid,61.78,24-02-2022,
CUST_5233,43,Male,Urban,Monthly,49.35,19-06-2021,
CUST_5234,26,Female,Rural,Yearly,51.04,04-03-2018,
CUST_5235,43,Male,Urban,Prepaid,28.44,02-08-2022,
CUST_5236,43,Male,Rural,Monthly,40.98,03-04-2018,
CUST_5237,50,Female,Suburban,Monthly,41.73,18-11-2021,
CUST_5238,36,Female,Suburban,Prepaid,43.34,05-10-2021,
CUST_5239,43,Female,Suburban,Monthly,44.43,29-01-2021,
CUST_5240,43,Male,Rural,Prepaid,59,13-07-2021,
CUST_5241,57,Male,Urban,Prepaid,76.58,23-01-2021,
CUST_5242,43,Female,Suburban,Prepaid,29.75,16-04-2018,
CUST_5243,59,Female,Rural,Monthly,47,22-05-2020,
CUST_5244,18,Male,Rural,Monthly,37.01,20-05-2021,
CUST_5245,46,Male,Suburban,Prepaid,29.92,09-11-2019,
CUST_5246,67,Female,Suburban,Prepaid,42.08,27-11-2019,
CUST_5247,51,Male,Suburban,Yearly,34.21,19-05-2022,
CUST_5248,43,Female,Urban,Yearly,53.49,16-06-2023,
CUST_5249,30,Female,Urban,Monthly,47.56,14-11-2021,
CUST_5250,43,Male,Rural,Prepaid,45.52,09-12-2022,
CUST_5251,43,Male,Suburban,Prepaid,54.62,01-11-2018,
CUST_5252,46,Male,Suburban,Yearly,28.52,22-04-2018,
CUST_5253,65,Female,Urban,Prepaid,34.81,09-05-2021,
CUST_5254,64,Female,Suburban,Prepaid,55.33,15-08-2021,
CUST_5255,43,Female,Rural,Monthly,34.65,18-02-2020,
CUST_5256,65,Female,Suburban,Monthly,19.37,04-04-2018,
CUST_5257,43,Female,Urban,Monthly,74.04,02-02-2023,
CUST_5258,46,Female,Rural,Prepaid,55.13,26-08-2019,
CUST_5259,56,Male,Rural,Monthly,65.24,30-09-2020,
CUST_5260,43,Female,Suburban,Monthly,39.12,04-04-2018,
CUST_5261,43,Female,Rural,Monthly,29.26,31-08-2022,
CUST_5262,34,Female,Suburban,Prepaid,54.32,10-08-2018,
CUST_5263,24,Female,Suburban,Monthly,33.47,08-02-2022,
CUST_5264,30,Male,Urban,Monthly,65.29,03-09-2019,
CUST_5265,22,Female,Rural,Monthly,53.58,03-03-2020,
CUST_5266,43,Male,Suburban,Monthly,52.93,22-01-2018,
CUST_5267,43,Male,Suburban,Prepaid,53.09,03-06-2022,
CUST_5268,20,Female,Suburban,Prepaid,80.51,10-11-2021,
CUST_5269,24,Female,Rural,Prepaid,59.82,16-12-2020,
CUST_5270,66,Male,Rural,Prepaid,46.96,07-05-2020,
CUST_5271,56,Male,Rural,Monthly,52.05,05-01-2021,
CUST_5272,18,Female,Suburban,Monthly,36.95,06-01-2018,
CUST_5273,43,Male,Rural,Prepaid,42.14,10-05-2020,
CUST_5274,34,Female,Suburban,Yearly,68.77,07-02-2021,
CUST_5275,60,Female,Rural,Prepaid,50.64,21-08-2022,
CUST_5276,42,Male,Rural,Prepaid,61.44,01-01-2020,
CUST_5277,20,Female,Suburban,Prepaid,36.66,17-04-2021,
CUST_5278,32,Female,Rural,Monthly,62.7,29-12-2021,
CUST_5279,43,Female,Suburban,Monthly,47.03,25-01-2022,
CUST_5280,43,Male,Rural,Yearly,53.41,18-04-2022,
CUST_5281,43,Male,Rural,Prepaid,254.55,09-02-2020,
CUST_5282,43,Male,Rural,Prepaid,52.73,23-10-2019,
CUST_5283,33,Female,Rural,Monthly,48.36,15-04-2018,
CUST_5284,42,Male,Urban,Monthly,69.26,07-03-2022,
CUST_5285,43,Male,Suburban,Yearly,27.42,22-07-2018,
CUST_5286,43,Male,Urban,Prepaid,58,12-08-2021,
CUST_5287,18,Female,Rural,Monthly,39.97,11-08-2022,
CUST_5288,43,Female,Rural,Prepaid,35.66,19-10-2020,
CUST_5289,39,Male,Suburban,Monthly,82.07,19-04-2021,
CUST_5290,33,Male,Suburban,Prepaid,35.74,15-07-2020,
CUST_5291,58,Male,Suburban,Monthly,22.74,27-04-2020,
CUST_5292,68,Female,Suburban,Monthly,64.34,17-09-2019,
CUST_5293,43,Male,Rural,Prepaid,42.6,25-02-2022,
CUST_5294,68,Female,Suburban,Prepaid,69.12,30-10-2019,
CUST_5295,58,Female,Urban,Prepaid,16.23,13-06-2019,
CUST_5296,43,Female,Suburban,Prepaid,77.81,26-06-2022,
CUST_5297,31,Male,Suburban,Prepaid,64.15,07-02-2021,
CUST_5298,46,Male,Urban,Prepaid,46.88,04-03-2022,
CUST_5299,36,Female,Urban,Monthly,24.01,06-08-2019,
CUST_5300,36,Female,Urban,Prepaid,30.03,13-02-2023,
CUST_5301,19,Female,Urban,Prepaid,39.63,23-07-2021,
CUST_5302,58,Female,Suburban,Yearly,60.7,27-12-2022,
CUST_5303,43,Male,Urban,Prepaid,37.07,13-05-2018,
CUST_5304,32,Male,Rural,Monthly,19.25,02-06-2021,
CUST_5305,43,Female,Suburban,Monthly,53.42,13-02-2019,
CUST_5306,28,Female,Rural,Yearly,64.94,10-01-2021,
CUST_5307,63,Female,Suburban,Prepaid,82.96,17-12-2020,
CUST_5308,47,Male,Suburban,Monthly,34.61,01-08-2021,
CUST_5309,43,Female,Rural,Prepaid,36.2,05-08-2018,
CUST_5310,35,Male,Urban,Yearly,5.09,07-07-2022,
CUST_5311,68,Female,Urban,Prepaid,26.79,18-04-2020,
CUST_5312,43,Male,Rural,Monthly,34.01,04-09-2019,
CUST_5313,19,Male,Urban,Prepaid,36.6,02-02-2018,
CUST_5314,49,Female,Suburban,Yearly,41.99,19-12-2020,
CUST_5315,25,Male,Suburban,Monthly,58.88,15-12-2018,
CUST_5316,39,Male,Suburban,Prepaid,57.67,09-04-2023,
CUST_5317,43,Male,Urban,Prepaid,42.29,31-08-2019,
CUST_5318,29,Male,Urban,Prepaid,50.23,05-08-2020,
CUST_5319,64,Female,Rural,Prepaid,29.63,05-01-2022,
CUST_5320,57,Female,Suburban,Prepaid,41.52,21-10-2019,
CUST_5321,53,Female,Rural,Yearly,30.62,18-07-2020,
CUST_5322,43,Female,Urban,Monthly,38.9,05-12-2020,
CUST_5323,45,Female,Rural,Yearly,77.84,08-06-2020,
CUST_5324,43,Male,Urban,Monthly,52.18,14-10-2019,
CUST_5325,66,Male,Suburban,Monthly,41.09,10-09-2021,
CUST_5326,43,Male,Suburban,Monthly,57.17,02-09-2021,
CUST_5327,35,Male,Urban,Prepaid,44.08,06-07-2018,
CUST_5328,19,Female,Urban,Monthly,75.26,26-03-2018,
CUST_5329,43,Female,Urban,Monthly,55.29,27-01-2020,
CUST_5330,62,Male,Suburban,Yearly,32.59,05-11-2019,
CUST_5331,32,Female,Urban,Monthly,69.79,25-07-2021,
CUST_5332,43,Male,Suburban,Yearly,59.29,15-12-2019,
CUST_5333,46,Male,Rural,Monthly,57.01,18-02-2018,
CUST_5334,43,Female,Suburban,Monthly,62.4,29-07-2021,
CUST_5335,46,Female,Rural,Monthly,60.93,03-03-2023,
CUST_5336,43,Female,Suburban,Prepaid,57.68,20-03-2022,
CUST_5337,36,Female,Suburban,Prepaid,47.58,08-12-2021,
CUST_5338,20,Female,Urban,Monthly,63.6,05-02-2022,
CUST_5339,31,Female,Suburban,Yearly,47.42,23-07-2022,
CUST_5340,43,Female,Urban,Prepaid,69.92,27-06-2020,
CUST_5341,21,Male,Urban,Yearly,57.47,22-06-2020,
CUST_5342,69,Female,Urban,Prepaid,52.81,16-02-2022,
CUST_5343,28,Male,Suburban,Monthly,59.49,17-11-2021,
CUST_5344,48,Male,Urban,Prepaid,52.37,12-09-2022,
CUST_5345,43,Female,Rural,Prepaid,69.12,06-12-2020,
CUST_5346,49,Male,Rural,Prepaid,64.23,26-12-2018,
CUST_5347,44,Female,Suburban,Prepaid,51.09,19-05-2023,
CUST_5348,47,Male,Urban,Prepaid,1.12,15-11-2018,
CUST_5349,43,Male,Rural,Prepaid,62.95,15-06-2019,
CUST_5350,19,Male,Suburban,Prepaid,56.25,13-01-2023,
CUST_5351,66,Female,Suburban,Prepaid,86.41,16-07-2019,
CUST_5352,43,Male,Suburban,Prepaid,30.51,10-11-2021,
CUST_5353,43,Male,Suburban,Monthly,46.72,23-05-2022,
CUST_5354,48,Male,Suburban,Yearly,26.81,30-08-2018,
CUST_5355,51,Female,Urban,Prepaid,39.08,30-04-2021,
CUST_5356,43,Male,Urban,Prepaid,73.37,24-06-2020,
CUST_5357,43,Female,Urban,Monthly,25.03,11-06-2022,
CUST_5358,43,Male,Urban,Prepaid,29.11,19-02-2023,
CUST_5359,53,Male,Suburban,Monthly,58.7,26-03-2019,
CUST_5360,43,Male,Suburban,Prepaid,52.91,03-08-2021,
CUST_5361,26,Female,Rural,Prepaid,45.06,11-03-2023,
CUST_5362,54,Male,Rural,Prepaid,11.51,20-05-2022,
CUST_5363,65,Male,Urban,Prepaid,68.99,26-11-2019,
CUST_5364,62,Male,Suburban,Monthly,46.47,07-12-2019,
CUST_5365,56,Male,Rural,Prepaid,34.69,26-08-2022,
CUST_5366,49,Female,Rural,Yearly,54.82,21-03-2019,
CUST_5367,69,Male,Rural,Prepaid,68.84,22-06-2020,
CUST_5368,34,Male,Rural,Yearly,46.01,13-05-2019,
CUST_5369,52,Male,Urban,Prepaid,40.26,27-05-2023,
CUST_5370,54,Male,Suburban,Prepaid,50.53,21-11-2019,
CUST_5371,36,Female,Urban,Monthly,55.74,16-07-2020,
CUST_5372,61,Male,Rural,Prepaid,57.14,14-02-2021,
CUST_5373,43,Male,Rural,Yearly,46.31,04-10-2022,
CUST_5374,43,Female,Suburban,Monthly,68.46,04-01-2019,
CUST_5375,45,Male,Suburban,Monthly,36.83,30-06-2022,
CUST_5376,43,Male,Urban,Prepaid,47.41,02-06-2023,
CUST_5377,43,Male,Suburban,Monthly,47.34,07-09-2020,
CUST_5378,43,Female,Urban,Monthly,26.89,04-02-2020,
CUST_5379,43,Male,Urban,Monthly,55.45,23-05-2021,
CUST_5380,43,Female,Rural,Prepaid,51.4,12-06-2019,
CUST_5381,33,Female,Urban,Yearly,47.14,21-03-2020,
CUST_5382,40,Female,Rural,Yearly,57.59,25-02-2020,
CUST_5383,48,Female,Urban,Yearly,47.08,28-06-2022,
CUST_5384,20,Female,Urban,Monthly,71.15,03-01-2022,
CUST_5385,38,Female,Suburban,Monthly,57.06,10-03-2018,
CUST_5386,43,Female,Suburban,Prepaid,55.62,14-07-2019,
CUST_5387,53,Male,Rural,Yearly,39.89,23-06-2021,
CUST_5388,43,Male,Suburban,Yearly,21.68,29-02-2020,
CUST_5389,43,Female,Urban,Prepaid,62.04,26-11-2021,
CUST_5390,39,Female,Rural,Prepaid,21.67,22-03-2021,
CUST_5391,43,Female,Rural,Yearly,45.98,09-05-2020,
CUST_5392,29,Female,Rural,Prepaid,63.21,10-09-2019,
CUST_5393,43,Female,Urban,Prepaid,36.99,31-03-2022,
CUST_5394,30,Female,Suburban,Yearly,43.08,28-02-2019,
CUST_5395,43,Male,Rural,Yearly,29.09,12-04-2023,
CUST_5396,43,Male,Urban,Yearly,36.17,15-11-2021,
CUST_5397,25,Female,Suburban,Prepaid,38.07,06-05-2021,
CUST_5398,43,Female,Suburban,Prepaid,43.06,31-12-2018,
CUST_5399,57,Female,Rural,Monthly,51.94,20-03-2019,
CUST_5400,62,Male,Urban,Monthly,53.47,26-04-2018,
CUST_5401,43,Female,Suburban,Prepaid,71.69,03-09-2019,
CUST_5402,43,Male,Urban,Yearly,42.7,07-12-2022,
CUST_5403,43,Male,Suburban,Yearly,58.35,10-06-2020,
CUST_5404,29,Male,Rural,Prepaid,40.47,19-11-2020,
CUST_5405,27,Female,Rural,Prepaid,75.14,06-10-2021,
CUST_5406,61,Female,Suburban,Prepaid,51.85,28-01-2023,
CUST_5407,28,Male,Urban,Monthly,46.89,07-10-2020,
CUST_5408,43,Male,Suburban,Prepaid,38.13,28-11-2018,
CUST_5409,33,Male,Urban,Monthly,63.59,07-05-2023,
CUST_5410,34,Male,Suburban,Monthly,51.95,28-12-2019,
CUST_5411,43,Female,Rural,Yearly,53.07,02-02-2018,
CUST_5412,19,Male,Urban,Prepaid,34.16,14-07-2021,
CUST_5413,67,Female,Rural,Monthly,38.27,05-01-2018,
CUST_5414,29,Male,Urban,Monthly,23.57,27-06-2019,
CUST_5415,43,Female,Suburban,Monthly,42.36,20-05-2019,
CUST_5416,43,Male,Rural,Yearly,42.81,03-03-2022,
CUST_5417,43,Female,Rural,Monthly,29.83,28-04-2019,
CUST_5418,35,Female,Urban,Yearly,48.91,11-09-2022,
CUST_5419,49,Female,Urban,Prepaid,44.78,06-03-2023,
CUST_5420,43,Male,Urban,Monthly,39.11,26-12-2020,
CUST_5421,43,Female,Rural,Monthly,37.14,10-02-2022,
CUST_5422,64,Male,Suburban,Yearly,52.49,14-11-2019,
CUST_5423,20,Female,Urban,Prepaid,38.33,11-10-2018,
CUST_5424,55,Female,Suburban,Prepaid,74.67,21-06-2020,
CUST_5425,43,Male,Urban,Monthly,47.25,10-04-2023,
CUST_5426,47,Female,Suburban,Prepaid,63.78,18-07-2019,
CUST_5427,18,Female,Urban,Monthly,32.82,02-04-2021,
CUST_5428,43,Male,Suburban,Yearly,47.57,06-11-2021,
CUST_5429,62,Female,Rural,Yearly,35.7,26-07-2020,
CUST_5430,43,Female,Urban,Prepaid,56.39,21-10-2021,
CUST_5431,45,Female,Urban,Prepaid,49.06,01-12-2021,
CUST_5432,38,Female,Rural,Monthly,79.68,05-04-2022,
CUST_5433,43,Male,Urban,Monthly,44.32,15-01-2023,
CUST_5434,30,Female,Urban,Monthly,23.59,07-08-2021,
CUST_5435,44,Female,Rural,Monthly,49.1,01-09-2020,
CUST_5436,53,Female,Rural,Monthly,52.97,01-10-2021,
CUST_5437,43,Female,Suburban,Prepaid,40.61,30-01-2019,
CUST_5438,39,Female,Rural,Monthly,38.69,21-09-2018,
CUST_5439,27,Female,Rural,Prepaid,32.04,13-10-2019,
CUST_5440,56,Female,Urban,Prepaid,57.22,10-03-2023,
CUST_5441,43,Female,Rural,Monthly,58.87,31-01-2022,
CUST_5442,43,Male,Urban,Monthly,86.47,05-05-2021,
CUST_5443,43,Male,Rural,Monthly,47.5,17-08-2018,
CUST_5444,49,Male,Rural,Prepaid,52.29,06-05-2021,
CUST_5445,43,Male,Suburban,Prepaid,46.37,19-02-2023,
CUST_5446,43,Female,Rural,Prepaid,90.6,15-04-2022,
CUST_5447,43,Female,Rural,Monthly,59.27,09-02-2022,
CUST_5448,37,Male,Urban,Prepaid,50.03,16-04-2023,
CUST_5449,54,Male,Urban,Monthly,81.54,23-06-2022,
CUST_5450,43,Male,Suburban,Monthly,49.11,21-09-2022,
CUST_5451,43,Female,Rural,Monthly,103.13,16-04-2023,
CUST_5452,43,Female,Urban,Yearly,74.96,18-08-2018,
CUST_5453,43,Male,Rural,Yearly,49.68,06-03-2020,
CUST_5454,25,Male,Suburban,Yearly,288.45,08-09-2021,
CUST_5455,43,Male,Urban,Monthly,51.9,09-02-2020,
CUST_5456,54,Male,Urban,Prepaid,61.31,07-05-2022,
CUST_5457,39,Male,Suburban,Monthly,41.31,17-06-2021,
CUST_5458,43,Female,Rural,Monthly,81.45,20-12-2020,
CUST_5459,38,Male,Urban,Prepaid,40.21,28-06-2022,
CUST_5460,43,Female,Urban,Monthly,53.82,13-01-2018,
CUST_5461,52,Male,Suburban,Monthly,55.51,25-11-2019,
CUST_5462,43,Male,Suburban,Prepaid,45.27,05-07-2020,
CUST_5463,22,Female,Suburban,Monthly,30.66,10-07-2021,
CUST_5464,63,Male,Rural,Prepaid,53.62,29-04-2019,
CUST_5465,43,Female,Rural,Prepaid,53.72,09-04-2023,
CUST_5466,43,Female,Rural,Yearly,45.07,25-02-2020,
CUST_5467,23,Male,Suburban,Monthly,45.66,09-09-2019,
CUST_5468,43,Male,Urban,Monthly,52.31,10-02-2021,
CUST_5469,63,Female,Rural,Prepaid,68.68,23-11-2020,
CUST_5470,57,Female,Suburban,Monthly,67.62,13-06-2018,
CUST_5471,46,Male,Rural,Prepaid,57.22,28-06-2022,
CUST_5472,24,Female,Urban,Monthly,43.57,13-11-2021,
CUST_5473,57,Male,Urban,Yearly,44.9,28-12-2018,
CUST_5474,30,Female,Suburban,Yearly,46.34,24-10-2021,
CUST_5475,43,Male,Urban,Prepaid,43.25,02-09-2020,
CUST_5476,35,Female,Suburban,Monthly,33.47,13-12-2019,
CUST_5477,19,Female,Suburban,Yearly,38.31,31-01-2019,
CUST_5478,43,Male,Suburban,Prepaid,59.04,31-03-2023,
CUST_5479,28,Female,Suburban,Prepaid,40.37,21-05-2021,
CUST_5480,43,Female,Urban,Yearly,50.54,30-12-2022,
CUST_5481,43,Female,Urban,Monthly,50.02,04-10-2018,
CUST_5482,43,Female,Urban,Monthly,56.88,20-12-2018,
CUST_5483,44,Female,Urban,Prepaid,40.1,08-12-2018,
CUST_5484,43,Female,Suburban,Monthly,0.38,18-09-2022,
CUST_5485,29,Female,Suburban,Prepaid,40.75,17-02-2021,
CUST_5486,43,Male,Urban,Monthly,36.14,05-03-2020,
CUST_5487,43,Female,Rural,Monthly,18.49,31-08-2021,
CUST_5488,43,Female,Rural,Monthly,41.7,01-05-2021,
CUST_5489,43,Male,Rural,Monthly,39.73,17-12-2021,
CUST_5490,43,Female,Urban,Monthly,49.59,30-05-2018,
CUST_5491,20,Female,Suburban,Monthly,57.87,04-11-2020,
CUST_5492,62,Male,Suburban,Prepaid,78.12,08-05-2020,
CUST_5493,43,Female,Rural,Prepaid,51.4,19-06-2022,
CUST_5494,43,Female,Rural,Prepaid,50.45,04-05-2023,
CUST_5495,48,Male,Suburban,Monthly,79.97,08-06-2021,
CUST_5496,32,Male,Rural,Yearly,30.96,23-10-2020,
CUST_5497,43,Female,Rural,Monthly,31.95,09-02-2022,
CUST_5498,30,Female,Suburban,Prepaid,59.03,26-10-2021,
CUST_5499,66,Male,Rural,Prepaid,69.73,23-03-2022,
CUST_5500,43,Female,Rural,Prepaid,71.48,10-02-2021,
CUST_5501,43,Male,Urban,Prepaid,22.93,01-07-2021,
CUST_5502,28,Male,Rural,Monthly,23.37,26-02-2018,
CUST_5503,38,Male,Urban,Prepaid,48.24,19-03-2019,
CUST_5504,68,Female,Suburban,Prepaid,60.63,16-04-2018,
CUST_5505,28,Male,Urban,Prepaid,44.28,06-05-2022,
CUST_5506,43,Male,Suburban,Monthly,32.34,02-02-2019,
CUST_5507,65,Male,Urban,Monthly,30.9,14-01-2022,
CUST_5508,43,Female,Urban,Yearly,65.54,02-08-2018,
CUST_5509,39,Female,Urban,Prepaid,66,12-06-2023,
CUST_5510,55,Female,Rural,Yearly,59.46,22-03-2022,
CUST_5511,48,Male,Rural,Monthly,49.25,22-04-2022,
CUST_5512,31,Female,Rural,Prepaid,36.98,12-04-2019,
CUST_5513,41,Female,Rural,Prepaid,21.38,08-12-2021,
CUST_5514,67,Male,Rural,Prepaid,27.47,12-03-2018,
CUST_5515,66,Male,Urban,Monthly,19.43,02-02-2018,
CUST_5516,49,Female,Rural,Prepaid,45.5,21-12-2019,
CUST_5517,53,Female,Suburban,Yearly,56.99,12-09-2019,
CUST_5518,49,Male,Urban,Prepaid,50.99,08-11-2018,
CUST_5519,32,Female,Urban,Monthly,71.24,27-01-2020,
CUST_5520,60,Male,Suburban,Prepaid,52.68,03-03-2022,
CUST_5521,52,Male,Rural,Monthly,25.34,02-11-2020,
CUST_5522,20,Female,Suburban,Yearly,47.95,27-10-2020,
CUST_5523,33,Female,Urban,Yearly,48.41,29-07-2019,
CUST_5524,22,Female,Urban,Prepaid,57.49,16-09-2019,
CUST_5525,43,Female,Urban,Prepaid,62.71,28-08-2019,
CUST_5526,27,Male,Suburban,Yearly,57.08,21-12-2021,
CUST_5527,36,Female,Rural,Prepaid,42.7,28-10-2019,
CUST_5528,42,Female,Urban,Monthly,70.7,15-08-2018,
CUST_5529,43,Female,Rural,Yearly,62.55,04-04-2023,
CUST_5530,46,Male,Urban,Monthly,11.14,28-02-2019,
CUST_5531,43,Female,Rural,Prepaid,61.45,11-09-2019,
CUST_5532,43,Female,Suburban,Yearly,36.72,05-06-2018,
CUST_5533,19,Male,Urban,Yearly,23.68,15-02-2021,
CUST_5534,27,Male,Urban,Monthly,53.78,28-02-2022,
CUST_5535,43,Male,Urban,Monthly,84.85,16-09-2021,
CUST_5536,43,Male,Suburban,Yearly,49.2,16-02-2022,
CUST_5537,43,Male,Suburban,Yearly,45.66,25-09-2021,
CUST_5538,65,Female,Rural,Yearly,51.45,28-02-2023,
CUST_5539,43,Male,Suburban,Monthly,85.86,24-02-2021,
CUST_5540,40,Male,Urban,Monthly,45.98,10-06-2020,
CUST_5541,41,Male,Rural,Monthly,64.75,03-01-2023,
CUST_5542,28,Male,Suburban,Prepaid,44.03,03-05-2019,
CUST_5543,63,Male,Rural,Monthly,41.29,18-07-2020,
CUST_5544,51,Male,Rural,Monthly,71.18,28-10-2022,
CUST_5545,45,Male,Rural,Yearly,33.46,03-02-2019,
CUST_5546,43,Male,Urban,Yearly,61.2,20-09-2021,
CUST_5547,22,Female,Urban,Prepaid,44.87,07-03-2021,
CUST_5548,68,Female,Suburban,Monthly,38.64,18-07-2021,
CUST_5549,43,Female,Urban,Monthly,43.73,30-06-2022,
CUST_5550,29,Male,Rural,Yearly,16.23,01-07-2020,
CUST_5551,67,Male,Rural,Prepaid,34.25,16-06-2019,
CUST_5552,21,Male,Urban,Monthly,52.01,12-03-2021,
CUST_5553,66,Female,Rural,Monthly,46.29,31-01-2022,
CUST_5554,43,Male,Urban,Yearly,35.81,22-12-2019,
CUST_5555,43,Male,Rural,Monthly,72.22,28-12-2019,
CUST_5556,55,Male,Suburban,Monthly,35.1,18-08-2019,
CUST_5557,42,Female,Suburban,Yearly,71.56,06-08-2019,
CUST_5558,43,Female,Urban,Monthly,52.2,04-01-2019,
CUST_5559,28,Male,Urban,Prepaid,46.05,08-05-2021,
CUST_5560,49,Female,Urban,Prepaid,51.4,01-04-2021,
CUST_5561,28,Male,Urban,Yearly,54.4,10-08-2021,
CUST_5562,43,Male,Urban,Prepaid,35.67,20-10-2022,
CUST_5563,44,Female,Rural,Monthly,36.07,16-12-2021,
CUST_5564,35,Female,Suburban,Monthly,46.99,15-01-2018,
CUST_5565,40,Female,Rural,Yearly,56.55,14-07-2021,
CUST_5566,43,Female,Suburban,Monthly,59.96,24-07-2020,
CUST_5567,38,Male,Rural,Monthly,68.68,03-12-2021,
CUST_5568,61,Male,Rural,Prepaid,31.57,25-01-2018,
CUST_5569,22,Female,Rural,Monthly,55.35,06-03-2018,
CUST_5570,40,Female,Urban,Prepaid,49.81,26-08-2019,
CUST_5571,43,Male,Suburban,Yearly,42.01,15-05-2023,
CUST_5572,42,Male,Urban,Yearly,80.05,26-01-2020,
CUST_5573,58,Male,Urban,Prepaid,56.48,02-05-2018,
CUST_5574,27,Male,Rural,Prepaid,71.43,30-08-2020,
CUST_5575,39,Female,Suburban,Monthly,50.07,01-02-2023,
CUST_5576,36,Female,Suburban,Monthly,65.71,29-04-2022,
CUST_5577,18,Female,Suburban,Monthly,58.04,16-10-2020,
CUST_5578,43,Male,Suburban,Yearly,60.53,05-03-2022,
CUST_5579,43,Male,Urban,Yearly,45.6,19-12-2022,
CUST_5580,18,Female,Urban,Monthly,81.66,02-11-2021,
CUST_5581,32,Female,Suburban,Prepaid,47.05,04-05-2023,
CUST_5582,57,Female,Urban,Monthly,49.72,30-06-2021,
CUST_5583,43,Male,Suburban,Yearly,35.32,03-06-2018,
CUST_5584,43,Female,Urban,Monthly,49.41,06-07-2018,
CUST_5585,39,Male,Rural,Monthly,47.38,20-05-2018,
CUST_5586,67,Female,Rural,Prepaid,66.08,28-03-2023,
CUST_5587,64,Female,Suburban,Yearly,59.52,24-07-2020,
CUST_5588,43,Female,Suburban,Monthly,67.6,21-11-2018,
CUST_5589,43,Male,Urban,Prepaid,48.38,13-04-2019,
CUST_5590,63,Male,Suburban,Prepaid,44.91,02-11-2022,
CUST_5591,43,Male,Suburban,Prepaid,63.26,07-07-2018,
CUST_5592,67,Male,Urban,Yearly,52.37,02-02-2020,
CUST_5593,37,Male,Suburban,Monthly,14.6,16-02-2018,
CUST_5594,67,Male,Suburban,Monthly,43.21,29-03-2021,
CUST_5595,65,Female,Rural,Prepaid,17.21,11-03-2022,
CUST_5596,43,Male,Rural,Prepaid,37.77,14-04-2022,
CUST_5597,43,Female,Rural,Monthly,65.39,17-12-2021,
CUST_5598,32,Male,Suburban,Prepaid,44.95,23-12-2022,
CUST_5599,29,Female,Urban,Monthly,45.96,03-03-2023,
CUST_5600,57,Female,Rural,Prepaid,47.09,15-12-2020,
CUST_5601,43,Male,Suburban,Prepaid,50.17,23-06-2019,
CUST_5602,43,Female,Rural,Monthly,44.98,24-09-2021,
CUST_5603,43,Male,Urban,Yearly,77.25,24-08-2021,
CUST_5604,43,Male,Urban,Prepaid,24.45,06-11-2022,
CUST_5605,45,Male,Urban,Monthly,53.43,13-03-2018,
CUST_5606,43,Male,Urban,Prepaid,58.34,21-07-2020,
CUST_5607,47,Female,Urban,Monthly,36.58,05-12-2018,
CUST_5608,30,Male,Urban,Yearly,59.68,20-07-2022,
CUST_5609,43,Female,Suburban,Prepaid,39.98,04-12-2022,
CUST_5610,19,Female,Rural,Prepaid,57.2,10-02-2021,
CUST_5611,43,Female,Urban,Prepaid,31.07,06-09-2018,
CUST_5612,66,Male,Rural,Monthly,51.31,06-10-2021,
CUST_5613,43,Female,Rural,Monthly,83.45,12-01-2020,
CUST_5614,19,Male,Suburban,Prepaid,36.42,29-08-2018,
CUST_5615,53,Female,Urban,Prepaid,43.77,07-09-2019,
CUST_5616,43,Male,Urban,Yearly,74.75,24-01-2020,
CUST_5617,28,Male,Suburban,Monthly,68.55,25-02-2021,
CUST_5618,43,Male,Suburban,Monthly,76.23,13-06-2021,
CUST_5619,43,Male,Suburban,Yearly,44.46,30-10-2022,
CUST_5620,57,Female,Suburban,Prepaid,55.2,23-03-2019,
CUST_5621,60,Female,Suburban,Yearly,56.92,15-11-2020,
CUST_5622,39,Male,Rural,Yearly,38.35,18-11-2018,
CUST_5623,37,Female,Suburban,Prepaid,33.24,29-11-2018,
CUST_5624,25,Male,Urban,Monthly,31.39,09-04-2022,
CUST_5625,46,Male,Urban,Monthly,42.48,26-04-2019,
CUST_5626,57,Female,Suburban,Yearly,30.83,27-05-2023,
CUST_5627,43,Male,Suburban,Prepaid,39.85,12-10-2019,
CUST_5628,47,Male,Suburban,Monthly,34.91,14-01-2019,
CUST_5629,43,Male,Suburban,Yearly,57.68,28-12-2018,
CUST_5630,43,Male,Suburban,Yearly,55.93,12-06-2021,
CUST_5631,43,Male,Urban,Yearly,41.43,18-08-2019,
CUST_5632,33,Female,Rural,Monthly,44.88,31-01-2023,
CUST_5633,63,Female,Suburban,Yearly,58.93,24-02-2023,
CUST_5634,43,Female,Suburban,Prepaid,44.68,14-10-2022,
CUST_5635,24,Male,Suburban,Monthly,41.07,22-04-2022,
CUST_5636,33,Male,Urban,Monthly,30.06,03-10-2019,
CUST_5637,62,Male,Urban,Monthly,69.58,17-11-2021,
CUST_5638,64,Male,Rural,Prepaid,25.68,16-06-2021,
CUST_5639,43,Male,Rural,Monthly,45.27,02-09-2021,
CUST_5640,44,Male,Rural,Prepaid,36.72,11-07-2019,
CUST_5641,40,Female,Rural,Prepaid,52.18,21-09-2021,
CUST_5642,41,Male,Urban,Prepaid,43.29,27-12-2021,
CUST_5643,43,Female,Rural,Yearly,51.26,31-03-2020,
CUST_5644,52,Male,Suburban,Prepaid,37.39,23-01-2021,
CUST_5645,43,Female,Urban,Yearly,43.2,04-04-2018,
CUST_5646,37,Male,Urban,Prepaid,29.79,24-05-2020,
CUST_5647,54,Female,Urban,Monthly,34.88,21-08-2018,
CUST_5648,43,Female,Suburban,Monthly,43.05,27-11-2021,
CUST_5649,34,Male,Urban,Monthly,52.46,30-03-2022,
CUST_5650,64,Male,Suburban,Yearly,47.8,06-09-2019,
CUST_5651,43,Female,Rural,Monthly,70.45,24-06-2019,
CUST_5652,43,Male,Urban,Monthly,27.3,25-05-2023,
CUST_5653,32,Male,Suburban,Monthly,46.08,22-12-2018,
CUST_5654,48,Male,Urban,Monthly,15.91,21-01-2023,
CUST_5655,47,Female,Rural,Monthly,47.51,10-10-2020,
CUST_5656,63,Male,Urban,Prepaid,39.94,16-01-2022,
CUST_5657,43,Female,Rural,Yearly,42.26,14-05-2023,
CUST_5658,43,Female,Urban,Yearly,39.77,11-08-2019,
CUST_5659,43,Male,Suburban,Prepaid,56.52,10-12-2021,
CUST_5660,43,Female,Rural,Yearly,54.2,28-04-2019,
CUST_5661,34,Male,Urban,Monthly,31.91,21-03-2022,
CUST_5662,43,Male,Rural,Monthly,46.62,07-11-2021,
CUST_5663,47,Female,Rural,Prepaid,27.19,13-02-2019,
CUST_5664,46,Female,Suburban,Yearly,24.38,13-05-2023,
CUST_5665,43,Female,Suburban,Monthly,56.01,05-10-2018,
CUST_5666,63,Female,Suburban,Prepaid,32.94,08-04-2022,
CUST_5667,28,Female,Suburban,Monthly,40.79,29-02-2020,
CUST_5668,51,Male,Rural,Monthly,53.29,06-02-2023,
CUST_5669,67,Female,Rural,Monthly,49.74,15-10-2018,
CUST_5670,24,Male,Urban,Monthly,71.06,18-01-2018,
CUST_5671,43,Male,Urban,Monthly,31.15,06-12-2022,
CUST_5672,43,Female,Urban,Monthly,68.29,21-12-2022,
CUST_5673,43,Female,Suburban,Yearly,58.68,31-08-2021,
CUST_5674,67,Female,Rural,Yearly,61.4,23-11-2022,
CUST_5675,55,Female,Rural,Monthly,44.13,23-05-2018,
CUST_5676,41,Female,Urban,Yearly,35.72,27-06-2020,
CUST_5677,27,Male,Urban,Yearly,51.43,10-10-2019,
CUST_5678,43,Male,Rural,Prepaid,35.65,10-10-2020,
CUST_5679,69,Male,Suburban,Yearly,35.17,13-07-2021,
CUST_5680,32,Female,Urban,Prepaid,52.26,10-11-2018,
CUST_5681,43,Female,Urban,Prepaid,65.78,27-01-2020,
CUST_5682,37,Male,Rural,Monthly,25.94,11-06-2021,
CUST_5683,20,Female,Rural,Monthly,69.6,16-01-2018,
CUST_5684,54,Female,Urban,Monthly,31.38,13-07-2019,
CUST_5685,43,Female,Urban,Monthly,45.4,17-08-2018,
CUST_5686,43,Male,Suburban,Prepaid,45.64,11-09-2022,
CUST_5687,57,Female,Suburban,Yearly,42.74,18-05-2018,
CUST_5688,61,Male,Suburban,Monthly,46.45,17-08-2021,
CUST_5689,40,Female,Suburban,Yearly,52.01,16-07-2019,
CUST_5690,43,Female,Urban,Prepaid,69.09,02-06-2018,
CUST_5691,28,Male,Urban,Monthly,46.97,07-10-2019,
CUST_5692,43,Female,Urban,Monthly,36.31,23-11-2020,
CUST_5693,25,Female,Suburban,Monthly,33.97,26-04-2021,
CUST_5694,46,Female,Urban,Prepaid,54.79,06-02-2021,
CUST_5695,47,Male,Rural,Monthly,62.26,22-10-2020,
CUST_5696,27,Female,Suburban,Prepaid,40.27,06-10-2018,
CUST_5697,56,Female,Rural,Monthly,63.75,28-02-2023,
CUST_5698,45,Female,Suburban,Yearly,82.53,15-08-2018,
CUST_5699,66,Female,Urban,Prepaid,69.79,15-11-2018,
CUST_5700,53,Female,Suburban,Monthly,39.13,28-03-2021,
CUST_5701,30,Male,Rural,Monthly,65.47,23-05-2022,
CUST_5702,49,Male,Suburban,Prepaid,63.87,22-08-2022,
CUST_5703,53,Female,Rural,Prepaid,50.95,21-06-2018,
CUST_5704,54,Female,Urban,Prepaid,63.46,25-10-2021,
CUST_5705,43,Male,Rural,Prepaid,61.41,10-11-2019,
CUST_5706,43,Female,Urban,Prepaid,68.71,13-03-2020,
CUST_5707,21,Female,Rural,Prepaid,58.68,05-05-2020,
CUST_5708,48,Female,Urban,Prepaid,61.32,05-06-2023,
CUST_5709,35,Female,Rural,Yearly,34.7,31-07-2018,
CUST_5710,55,Female,Urban,Yearly,49.97,09-02-2021,
CUST_5711,41,Female,Urban,Monthly,38.75,24-05-2020,
CUST_5712,40,Female,Urban,Monthly,67.93,30-09-2021,
CUST_5713,43,Female,Rural,Prepaid,29.63,13-06-2021,
CUST_5714,43,Male,Rural,Monthly,17.17,11-04-2020,
CUST_5715,48,Male,Urban,Prepaid,28.76,01-08-2020,
CUST_5716,43,Female,Suburban,Monthly,46.58,30-05-2019,
CUST_5717,45,Female,Urban,Yearly,19.65,12-03-2023,
CUST_5718,63,Female,Suburban,Prepaid,21.61,25-12-2018,
CUST_5719,49,Female,Urban,Monthly,59.97,17-07-2022,
CUST_5720,22,Male,Rural,Monthly,29.1,24-05-2019,
CUST_5721,55,Male,Suburban,Yearly,65.07,21-07-2019,
CUST_5722,27,Male,Rural,Prepaid,30.17,09-11-2018,
CUST_5723,57,Male,Suburban,Prepaid,17.95,18-08-2018,
CUST_5724,63,Female,Suburban,Yearly,34.57,03-10-2019,
CUST_5725,41,Female,Suburban,Prepaid,30.68,14-05-2020,
CUST_5726,43,Female,Suburban,Monthly,30.6,18-01-2021,
CUST_5727,61,Male,Rural,Yearly,48.36,24-09-2020,
CUST_5728,65,Female,Suburban,Yearly,52.55,31-03-2018,
CUST_5729,40,Female,Urban,Prepaid,70.73,11-10-2022,
CUST_5730,43,Male,Urban,Prepaid,44.56,12-09-2022,
CUST_5731,18,Male,Suburban,Prepaid,54.3,24-06-2022,
CUST_5732,43,Male,Rural,Monthly,30.06,09-05-2020,
CUST_5733,48,Male,Rural,Monthly,36.38,27-07-2022,
CUST_5734,43,Male,Suburban,Yearly,69.5,24-01-2020,
CUST_5735,59,Female,Rural,Monthly,71.07,25-12-2022,
CUST_5736,51,Female,Rural,Monthly,73.81,14-07-2021,
CUST_5737,26,Male,Rural,Monthly,48.11,25-02-2022,
CUST_5738,39,Female,Suburban,Prepaid,30.14,08-08-2021,
CUST_5739,30,Female,Urban,Prepaid,38.28,26-03-2023,
CUST_5740,42,Female,Urban,Prepaid,45.08,18-03-2020,
CUST_5741,43,Female,Urban,Yearly,41.52,28-05-2018,
CUST_5742,35,Male,Urban,Monthly,51.7,06-06-2019,
CUST_5743,43,Female,Urban,Prepaid,61.27,22-08-2018,
CUST_5744,29,Female,Rural,Monthly,34.56,14-01-2020,
CUST_5745,57,Female,Rural,Prepaid,78.76,06-03-2021,
CUST_5746,34,Male,Rural,Prepaid,51.12,21-06-2023,
CUST_5747,32,Female,Suburban,Yearly,70.37,13-03-2019,
CUST_5748,59,Male,Rural,Yearly,56.35,30-01-2022,
CUST_5749,32,Male,Urban,Prepaid,82.34,29-03-2018,
CUST_5750,32,Male,Rural,Monthly,32.55,30-09-2018,
CUST_5751,56,Male,Urban,Monthly,42.29,06-02-2019,
CUST_5752,30,Female,Rural,Prepaid,42.34,21-01-2023,
CUST_5753,43,Male,Urban,Monthly,52.74,17-09-2022,
CUST_5754,43,Male,Rural,Prepaid,51.89,21-02-2018,
CUST_5755,26,Male,Urban,Prepaid,55.83,18-05-2018,
CUST_5756,43,Male,Urban,Prepaid,52.1,05-04-2020,
CUST_5757,37,Male,Suburban,Prepaid,58.36,28-10-2019,
CUST_5758,43,Female,Rural,Prepaid,42.74,05-11-2021,
CUST_5759,44,Male,Urban,Prepaid,57.01,22-02-2023,
CUST_5760,38,Female,Rural,Monthly,92.23,24-06-2020,
CUST_5761,35,Female,Urban,Monthly,50.07,01-08-2021,
CUST_5762,30,Male,Suburban,Prepaid,28.34,23-02-2020,
CUST_5763,43,Female,Suburban,Prepaid,40.59,19-10-2019,
CUST_5764,43,Female,Suburban,Prepaid,43.11,25-02-2023,
CUST_5765,29,Female,Suburban,Yearly,36.71,10-01-2023,
CUST_5766,61,Male,Urban,Prepaid,51.83,23-12-2018,
CUST_5767,55,Male,Rural,Yearly,61.99,08-10-2018,
CUST_5768,36,Male,Suburban,Monthly,30.5,16-03-2021,
CUST_5769,43,Male,Suburban,Yearly,24.59,01-08-2018,
CUST_5770,52,Male,Suburban,Monthly,87.11,30-05-2019,
CUST_5771,43,Male,Rural,Prepaid,35.93,12-09-2022,
CUST_5772,35,Male,Urban,Monthly,356,09-06-2023,
CUST_5773,43,Female,Urban,Monthly,61.42,01-01-2020,
CUST_5774,43,Female,Urban,Monthly,40.95,13-10-2021,
CUST_5775,21,Male,Urban,Monthly,38.18,08-11-2020,
CUST_5776,42,Female,Rural,Prepaid,40.93,03-10-2022,
CUST_5777,49,Male,Rural,Monthly,43.37,25-05-2021,
CUST_5778,43,Male,Rural,Yearly,59.29,25-08-2021,
CUST_5779,30,Male,Suburban,Yearly,29.11,22-06-2020,
CUST_5780,43,Female,Rural,Monthly,69.23,25-12-2019,
CUST_5781,34,Male,Urban,Prepaid,40.41,07-04-2020,
CUST_5782,66,Male,Rural,Prepaid,28.05,22-10-2021,
CUST_5783,54,Male,Suburban,Yearly,52.78,07-01-2022,
CUST_5784,23,Male,Urban,Yearly,86.05,21-11-2019,
CUST_5785,43,Female,Rural,Yearly,37.41,24-08-2019,
CUST_5786,30,Male,Urban,Monthly,51.93,14-12-2022,
CUST_5787,43,Female,Urban,Yearly,52.12,01-05-2022,
CUST_5788,31,Female,Rural,Yearly,78.28,15-12-2019,
CUST_5789,43,Male,Rural,Monthly,35.92,03-12-2021,
CUST_5790,21,Male,Suburban,Monthly,64.04,22-06-2020,
CUST_5791,43,Female,Rural,Prepaid,28.65,25-12-2019,
CUST_5792,43,Female,Rural,Monthly,53.33,07-02-2018,
CUST_5793,42,Female,Rural,Yearly,61.05,17-11-2021,
CUST_5794,43,Female,Urban,Prepaid,65.06,31-01-2023,
CUST_5795,43,Male,Suburban,Monthly,29.48,14-11-2021,
CUST_5796,43,Female,Urban,Prepaid,19.81,03-06-2020,
CUST_5797,55,Female,Rural,Yearly,47.04,24-09-2019,
CUST_5798,43,Female,Suburban,Monthly,41.45,08-09-2019,
CUST_5799,43,Female,Rural,Yearly,28.71,10-09-2022,
CUST_5800,20,Male,Urban,Monthly,30.42,12-06-2021,
CUST_5801,45,Male,Urban,Monthly,42.83,12-02-2020,
CUST_5802,20,Male,Rural,Prepaid,75.64,15-05-2020,
CUST_5803,62,Female,Suburban,Monthly,31.52,21-06-2022,
CUST_5804,51,Female,Urban,Monthly,63.37,21-05-2019,
CUST_5805,43,Male,Rural,Monthly,27.93,14-10-2019,
CUST_5806,43,Male,Rural,Prepaid,38.7,21-04-2023,
CUST_5807,43,Female,Rural,Yearly,27.02,28-02-2018,
CUST_5808,55,Male,Suburban,Monthly,82.59,24-12-2019,
CUST_5809,43,Female,Rural,Yearly,64.35,06-09-2019,
CUST_5810,25,Female,Rural,Monthly,60.52,25-08-2018,
CUST_5811,43,Female,Urban,Prepaid,59.76,05-01-2019,
CUST_5812,31,Female,Rural,Monthly,37.89,03-04-2021,
CUST_5813,43,Female,Suburban,Yearly,50.53,11-12-2018,
CUST_5814,43,Female,Rural,Monthly,34.32,05-07-2021,
CUST_5815,27,Male,Suburban,Monthly,90.41,01-09-2020,
CUST_5816,20,Male,Rural,Yearly,33.13,16-06-2022,
CUST_5817,29,Male,Rural,Prepaid,37.09,03-11-2019,
CUST_5818,66,Female,Rural,Prepaid,74.05,14-05-2019,
CUST_5819,48,Male,Suburban,Monthly,48.43,26-12-2018,
CUST_5820,46,Female,Urban,Prepaid,295.3,15-12-2018,
CUST_5821,43,Female,Suburban,Monthly,48.78,14-05-2018,
CUST_5822,69,Female,Urban,Monthly,39.66,26-07-2018,
CUST_5823,43,Female,Suburban,Monthly,39.67,05-07-2022,
CUST_5824,58,Male,Rural,Prepaid,62.94,21-01-2021,
CUST_5825,48,Male,Rural,Monthly,53.41,12-09-2019,
CUST_5826,38,Male,Urban,Monthly,68.05,02-02-2023,
CUST_5827,37,Female,Urban,Monthly,67.86,14-10-2018,
CUST_5828,56,Male,Suburban,Yearly,58.65,24-08-2018,
CUST_5829,39,Male,Suburban,Prepaid,65.72,21-07-2019,
CUST_5830,21,Male,Urban,Monthly,58.06,17-01-2020,
CUST_5831,30,Female,Urban,Monthly,55.71,25-10-2021,
CUST_5832,62,Male,Suburban,Monthly,45.14,12-11-2021,
CUST_5833,59,Female,Urban,Monthly,24.62,11-06-2022,
CUST_5834,43,Male,Urban,Prepaid,40.48,18-04-2020,
CUST_5835,66,Female,Urban,Prepaid,71.71,25-05-2021,
CUST_5836,43,Male,Urban,Monthly,54.33,17-08-2022,
CUST_5837,43,Male,Rural,Monthly,43.97,02-01-2018,
CUST_5838,43,Male,Rural,Prepaid,68.03,19-10-2022,
CUST_5839,43,Female,Urban,Monthly,43.28,06-06-2018,
CUST_5840,53,Male,Suburban,Yearly,60.62,09-08-2018,
CUST_5841,43,Male,Rural,Prepaid,69.95,25-11-2022,
CUST_5842,18,Female,Suburban,Yearly,59.11,29-07-2019,
CUST_5843,43,Female,Suburban,Prepaid,65.93,15-08-2022,
CUST_5844,30,Female,Rural,Monthly,57.09,02-02-2022,
CUST_5845,34,Female,Suburban,Monthly,21.43,07-08-2020,
CUST_5846,41,Male,Suburban,Prepaid,69.66,02-04-2019,
CUST_5847,25,Male,Urban,Yearly,62.04,26-05-2021,
CUST_5848,67,Female,Urban,Monthly,45.43,19-04-2020,
CUST_5849,44,Male,Urban,Prepaid,41.19,07-08-2018,
CUST_5850,43,Female,Rural,Monthly,51.85,28-06-2022,
CUST_5851,40,Male,Urban,Monthly,32.01,28-02-2019,
CUST_5852,63,Female,Suburban,Yearly,64.14,31-03-2021,
CUST_5853,25,Male,Suburban,Monthly,47.73,11-10-2018,
CUST_5854,25,Female,Suburban,Prepaid,36.51,26-06-2021,
CUST_5855,43,Female,Suburban,Prepaid,59.97,28-06-2018,
CUST_5856,64,Male,Suburban,Monthly,57.12,17-01-2019,
CUST_5857,30,Male,Rural,Monthly,62.25,10-07-2020,
CUST_5858,56,Male,Suburban,Yearly,30.73,24-05-2023,
CUST_5859,43,Female,Rural,Monthly,61.05,08-02-2021,
CUST_5860,43,Male,Suburban,Yearly,76.8,09-06-2019,
CUST_5861,45,Female,Rural,Yearly,49.36,19-03-2021,
CUST_5862,42,Male,Rural,Monthly,48.4,15-09-2020,
CUST_5863,33,Male,Suburban,Prepaid,29.15,26-12-2018,
CUST_5864,19,Female,Suburban,Prepaid,51.23,30-11-2021,
CUST_5865,35,Female,Suburban,Prepaid,34.65,09-02-2018,
CUST_5866,43,Male,Suburban,Monthly,67.51,29-04-2019,
CUST_5867,47,Female,Urban,Prepaid,86.4,28-02-2023,
CUST_5868,43,Female,Urban,Prepaid,86.78,21-05-2020,
CUST_5869,43,Male,Rural,Prepaid,37.16,09-06-2018,
CUST_5870,49,Female,Rural,Prepaid,38.93,14-12-2019,
CUST_5871,43,Male,Urban,Prepaid,59.08,26-05-2020,
CUST_5872,46,Male,Rural,Prepaid,46.55,13-06-2018,
CUST_5873,63,Female,Suburban,Monthly,50.21,03-11-2021,
CUST_5874,47,Male,Rural,Prepaid,86.82,14-05-2023,
CUST_5875,35,Female,Rural,Yearly,33.74,13-12-2022,
CUST_5876,30,Male,Rural,Prepaid,54,10-05-2020,
CUST_5877,60,Female,Urban,Yearly,55.71,13-03-2018,
CUST_5878,38,Female,Urban,Monthly,65.75,08-02-2020,
CUST_5879,43,Female,Rural,Monthly,37.06,20-11-2020,
CUST_5880,38,Female,Suburban,Monthly,72.25,26-09-2019,
CUST_5881,65,Female,Rural,Prepaid,53.94,23-04-2020,
CUST_5882,43,Male,Urban,Prepaid,37.57,13-09-2022,
CUST_5883,57,Male,Suburban,Monthly,47.29,07-02-2020,
CUST_5884,43,Female,Rural,Yearly,65.04,10-05-2020,
CUST_5885,43,Male,Urban,Yearly,81.24,05-05-2020,
CUST_5886,32,Female,Suburban,Monthly,44.73,28-06-2018,
CUST_5887,26,Female,Rural,Monthly,81.74,06-03-2019,
CUST_5888,69,Male,Urban,Monthly,68.64,12-05-2022,
CUST_5889,43,Male,Suburban,Monthly,42.34,20-06-2019,
CUST_5890,61,Female,Rural,Yearly,59.04,10-06-2023,
CUST_5891,48,Female,Suburban,Prepaid,63.08,21-06-2023,
CUST_5892,40,Female,Suburban,Yearly,46.4,16-03-2020,
CUST_5893,69,Female,Suburban,Prepaid,40.33,31-12-2022,
CUST_5894,43,Female,Urban,Monthly,48,27-10-2022,
CUST_5895,50,Female,Rural,Yearly,44.19,12-11-2022,
CUST_5896,69,Male,Suburban,Yearly,54.14,22-02-2019,
CUST_5897,43,Female,Suburban,Monthly,82.74,20-02-2021,
CUST_5898,64,Female,Suburban,Prepaid,56.88,20-07-2021,
CUST_5899,18,Male,Urban,Prepaid,77.13,14-03-2020,
CUST_5900,61,Female,Suburban,Prepaid,58.53,01-05-2022,
CUST_5901,52,Female,Urban,Monthly,93.4,22-05-2018,
CUST_5902,28,Male,Urban,Monthly,37.8,15-02-2021,
CUST_5903,51,Female,Suburban,Monthly,19.01,19-07-2019,
CUST_5904,33,Male,Suburban,Monthly,54.1,23-05-2023,
CUST_5905,26,Female,Urban,Monthly,55.99,22-11-2019,
CUST_5906,49,Male,Urban,Monthly,73.64,07-09-2022,
CUST_5907,32,Male,Suburban,Yearly,78.57,06-10-2019,
CUST_5908,29,Male,Urban,Prepaid,26.61,20-12-2019,
CUST_5909,43,Female,Urban,Yearly,47.42,19-12-2020,
CUST_5910,62,Female,Suburban,Prepaid,52.09,17-09-2018,
CUST_5911,31,Male,Suburban,Monthly,32.7,12-08-2019,
CUST_5912,25,Male,Rural,Yearly,47.9,06-11-2022,
CUST_5913,25,Female,Suburban,Prepaid,66.36,12-09-2021,
CUST_5914,44,Female,Suburban,Prepaid,67.44,08-05-2021,
CUST_5915,29,Female,Suburban,Prepaid,55.62,03-03-2022,
CUST_5916,18,Female,Rural,Prepaid,75.44,01-05-2019,
CUST_5917,60,Female,Urban,Monthly,55.23,16-01-2023,
CUST_5918,57,Male,Suburban,Prepaid,69.19,09-06-2019,
CUST_5919,59,Female,Suburban,Prepaid,37.42,24-08-2022,
CUST_5920,68,Male,Rural,Monthly,38.42,21-03-2020,
CUST_5921,43,Female,Rural,Monthly,81.16,18-07-2020,
CUST_5922,56,Male,Rural,Monthly,42.68,29-04-2023,
CUST_5923,43,Male,Urban,Monthly,65.2,19-11-2021,
CUST_5924,48,Female,Rural,Monthly,42.1,03-07-2020,
CUST_5925,34,Male,Urban,Prepaid,55.85,18-05-2023,
CUST_5926,43,Male,Suburban,Monthly,47.96,14-05-2018,
CUST_5927,49,Male,Suburban,Yearly,60.74,26-01-2020,
CUST_5928,43,Male,Suburban,Prepaid,60.66,19-08-2020,
CUST_5929,43,Female,Rural,Monthly,40.08,20-02-2022,
CUST_5930,38,Male,Suburban,Yearly,61.25,01-04-2019,
CUST_5931,57,Female,Rural,Yearly,32.86,02-06-2019,
CUST_5932,40,Male,Urban,Monthly,75.89,10-06-2020,
CUST_5933,43,Female,Suburban,Monthly,55.39,07-08-2021,
CUST_5934,39,Female,Urban,Monthly,4.58,09-10-2022,
CUST_5935,67,Female,Rural,Monthly,30.37,29-01-2023,
CUST_5936,55,Male,Rural,Monthly,60.27,09-12-2018,
CUST_5937,54,Female,Suburban,Prepaid,64.41,03-06-2023,
CUST_5938,62,Female,Suburban,Prepaid,44.14,27-08-2021,
CUST_5939,68,Male,Rural,Prepaid,52.36,02-02-2020,
CUST_5940,25,Female,Suburban,Prepaid,60.88,11-02-2018,
CUST_5941,58,Male,Suburban,Monthly,69.67,18-04-2019,
CUST_5942,66,Male,Urban,Yearly,63.62,11-06-2022,
CUST_5943,52,Female,Rural,Yearly,41.59,26-06-2019,
CUST_5944,43,Male,Urban,Monthly,70.46,02-05-2021,
CUST_5945,28,Male,Suburban,Yearly,17.4,22-01-2020,
CUST_5946,41,Male,Urban,Yearly,45.8,18-04-2023,
CUST_5947,66,Female,Rural,Yearly,59.3,16-06-2019,
CUST_5948,43,Male,Urban,Prepaid,31.91,23-05-2019,
CUST_5949,43,Male,Urban,Monthly,50.82,25-11-2021,
CUST_5950,43,Male,Suburban,Monthly,58.3,23-05-2019,
CUST_5951,57,Female,Rural,Prepaid,38.36,05-10-2021,
CUST_5952,43,Male,Suburban,Yearly,52.86,31-12-2021,
CUST_5953,56,Female,Suburban,Prepaid,31.66,31-10-2019,
CUST_5954,45,Male,Rural,Prepaid,65.08,20-11-2021,
CUST_5955,43,Female,Urban,Prepaid,58,15-08-2020,
CUST_5956,23,Female,Suburban,Monthly,61.08,30-12-2021,
CUST_5957,43,Female,Urban,Monthly,48.96,28-04-2022,
CUST_5958,55,Male,Rural,Monthly,25.01,23-03-2022,
CUST_5959,43,Male,Suburban,Prepaid,48.01,17-11-2019,
CUST_5960,19,Male,Urban,Monthly,75.89,12-11-2019,
CUST_5961,55,Female,Urban,Monthly,65.25,14-02-2018,
CUST_5962,43,Male,Suburban,Monthly,76.18,20-02-2018,
CUST_5963,68,Male,Rural,Prepaid,50.83,21-08-2020,
CUST_5964,43,Female,Urban,Prepaid,39.62,09-09-2022,
CUST_5965,43,Male,Rural,Prepaid,58.8,15-03-2021,
CUST_5966,43,Male,Suburban,Monthly,47.12,26-06-2020,
CUST_5967,43,Female,Urban,Prepaid,41.63,11-01-2018,
CUST_5968,43,Female,Urban,Prepaid,23.98,06-01-2019,
CUST_5969,60,Male,Urban,Prepaid,55.01,30-08-2021,
CUST_5970,43,Female,Rural,Monthly,64.06,19-06-2023,
CUST_5971,30,Male,Urban,Monthly,32.53,05-03-2022,
CUST_5972,43,Male,Urban,Monthly,72.34,26-11-2019,
CUST_5973,49,Male,Suburban,Monthly,53.74,15-04-2019,
CUST_5974,34,Male,Urban,Prepaid,51.66,26-02-2023,
CUST_5975,43,Male,Rural,Prepaid,31.71,14-11-2022,
CUST_5976,53,Female,Suburban,Prepaid,57.91,10-10-2018,
CUST_5977,43,Female,Suburban,Prepaid,32.71,06-10-2019,
CUST_5978,36,Male,Urban,Yearly,35.68,06-11-2019,
CUST_5979,43,Female,Suburban,Monthly,24.91,26-06-2019,
CUST_5980,43,Female,Urban,Monthly,90.51,10-05-2021,
CUST_5981,57,Male,Suburban,Prepaid,49.28,14-07-2021,
CUST_5982,43,Female,Rural,Prepaid,40.85,06-12-2018,
CUST_5983,18,Female,Urban,Prepaid,49.37,03-07-2018,
CUST_5984,59,Male,Rural,Monthly,42.47,21-12-2022,
CUST_5985,43,Male,Urban,Prepaid,47.31,24-08-2021,
CUST_5986,65,Male,Rural,Monthly,55.58,11-03-2021,
CUST_5987,57,Male,Rural,Monthly,43.91,18-05-2018,
CUST_5988,50,Male,Suburban,Yearly,51.86,30-04-2023,
CUST_5989,29,Male,Urban,Prepaid,84.99,03-05-2020,
CUST_5990,25,Male,Suburban,Prepaid,22.5,16-06-2021,
CUST_5991,41,Female,Rural,Prepaid,32.92,02-03-2020,
CUST_5992,33,Male,Urban,Monthly,57.4,01-05-2022,
CUST_5993,67,Female,Rural,Prepaid,70.53,24-11-2021,
CUST_5994,21,Female,Rural,Monthly,94.88,05-03-2023,
CUST_5995,55,Male,Rural,Monthly,56.22,14-05-2023,
CUST_5996,43,Female,Rural,Prepaid,31.71,10-01-2022,
CUST_5997,44,Female,Suburban,Prepaid,72.58,03-11-2021,
CUST_5998,26,Female,Rural,Prepaid,51.87,23-01-2021,
CUST_5999,43,Male,Suburban,Prepaid,51.29,19-02-2019,
CUST_6000,43,Female,Rural,Prepaid,20.86,17-03-2021,
CUST_6001,29,Female,Urban,Monthly,67.53,27-06-2019,
CUST_6002,43,Male,Rural,Monthly,36.18,27-05-2021,
CUST_6003,41,Female,Rural,Prepaid,58.5,23-01-2020,
CUST_6004,31,Female,Urban,Monthly,51.01,20-10-2020,
CUST_6005,43,Female,Urban,Prepaid,52.99,28-10-2019,
CUST_6006,42,Female,Rural,Monthly,50.78,19-12-2020,
CUST_6007,51,Female,Rural,Yearly,38.69,25-01-2022,
CUST_6008,20,Male,Suburban,Yearly,37.38,16-02-2019,
CUST_6009,43,Female,Urban,Prepaid,64.22,16-02-2022,
CUST_6010,43,Male,Urban,Monthly,49.76,05-10-2019,
CUST_6011,43,Female,Suburban,Monthly,40.18,30-09-2019,
CUST_6012,43,Male,Rural,Prepaid,42.31,06-03-2023,
CUST_6013,37,Male,Rural,Monthly,60.32,30-04-2019,
CUST_6014,43,Male,Urban,Yearly,39.83,26-09-2018,
CUST_6015,27,Female,Suburban,Prepaid,73.94,18-04-2018,
CUST_6016,43,Female,Rural,Monthly,47.67,23-06-2020,
CUST_6017,20,Female,Urban,Monthly,44.76,29-04-2021,
CUST_6018,43,Female,Rural,Prepaid,59.27,09-05-2023,
CUST_6019,22,Female,Rural,Prepaid,45.74,04-10-2020,
CUST_6020,20,Male,Rural,Prepaid,55.73,12-01-2019,
CUST_6021,43,Male,Urban,Prepaid,49.17,12-05-2020,
CUST_6022,33,Male,Suburban,Prepaid,23.96,18-11-2020,
CUST_6023,66,Female,Suburban,Prepaid,33.99,25-01-2019,
CUST_6024,32,Female,Rural,Prepaid,54.39,28-09-2019,
CUST_6025,52,Male,Suburban,Monthly,43.23,20-09-2019,
CUST_6026,29,Female,Rural,Monthly,80.88,12-09-2018,
CUST_6027,43,Female,Urban,Prepaid,38.2,05-03-2019,
CUST_6028,61,Male,Urban,Prepaid,30.36,10-03-2018,
CUST_6029,43,Male,Urban,Prepaid,50.59,04-10-2020,
CUST_6030,64,Female,Rural,Prepaid,53.76,21-06-2018,
CUST_6031,51,Female,Suburban,Prepaid,63.25,27-12-2022,
CUST_6032,43,Male,Urban,Monthly,12.43,12-09-2021,
CUST_6033,48,Female,Rural,Prepaid,72.61,07-12-2022,
CUST_6034,67,Male,Suburban,Prepaid,30.37,07-01-2022,
CUST_6035,43,Male,Suburban,Monthly,66.34,18-06-2021,
CUST_6036,43,Male,Suburban,Monthly,79.36,08-08-2022,
CUST_6037,40,Female,Rural,Monthly,61.2,28-05-2021,
CUST_6038,21,Male,Rural,Yearly,32.8,04-06-2018,
CUST_6039,43,Male,Rural,Prepaid,47.11,13-04-2023,
CUST_6040,65,Female,Urban,Yearly,61.33,07-05-2022,
CUST_6041,65,Male,Rural,Yearly,50.5,07-11-2021,
CUST_6042,18,Female,Urban,Prepaid,34.26,28-03-2020,
CUST_6043,42,Female,Urban,Yearly,51.5,22-07-2018,
CUST_6044,19,Female,Urban,Monthly,42.25,18-10-2019,
CUST_6045,47,Male,Rural,Yearly,59.03,29-12-2018,
CUST_6046,43,Male,Urban,Monthly,34.07,10-12-2020,
CUST_6047,38,Female,Rural,Monthly,20.99,04-04-2018,
CUST_6048,42,Female,Rural,Prepaid,34.75,25-11-2020,
CUST_6049,37,Female,Urban,Monthly,24.42,21-03-2023,
CUST_6050,66,Male,Urban,Prepaid,40.58,13-08-2018,
CUST_6051,43,Female,Urban,Prepaid,60.07,22-06-2018,
CUST_6052,39,Female,Rural,Yearly,44.09,16-11-2021,
CUST_6053,38,Female,Rural,Prepaid,49.64,09-09-2020,
CUST_6054,43,Male,Urban,Monthly,34.92,19-06-2019,
CUST_6055,69,Female,Urban,Prepaid,50.3,18-04-2019,
CUST_6056,55,Male,Suburban,Prepaid,35.66,15-08-2018,
CUST_6057,43,Male,Urban,Monthly,32.17,17-04-2023,
CUST_6058,63,Female,Suburban,Prepaid,46.61,27-06-2020,
CUST_6059,43,Female,Suburban,Yearly,39.85,20-10-2019,
CUST_6060,32,Female,Rural,Prepaid,7.79,22-06-2021,
CUST_6061,63,Male,Rural,Prepaid,48.81,06-06-2018,
CUST_6062,43,Male,Suburban,Prepaid,35.39,14-12-2018,
CUST_6063,38,Male,Suburban,Prepaid,34.36,16-04-2022,
CUST_6064,41,Female,Urban,Prepaid,70.94,21-05-2018,
CUST_6065,22,Male,Suburban,Monthly,62.81,25-10-2020,
CUST_6066,23,Female,Urban,Monthly,55.62,17-01-2023,
CUST_6067,43,Female,Rural,Prepaid,50.9,29-04-2022,
CUST_6068,43,Female,Urban,Prepaid,59.09,01-04-2019,
CUST_6069,43,Male,Rural,Yearly,44.11,02-08-2022,
CUST_6070,61,Male,Suburban,Monthly,51.19,11-09-2018,
CUST_6071,64,Male,Suburban,Monthly,43.94,22-11-2021,
CUST_6072,40,Female,Suburban,Monthly,51.68,06-03-2020,
CUST_6073,21,Male,Urban,Monthly,54.28,30-12-2018,
CUST_6074,44,Male,Rural,Monthly,53.35,24-02-2018,
CUST_6075,35,Female,Rural,Yearly,44.49,18-11-2020,
CUST_6076,38,Female,Rural,Prepaid,60.36,19-05-2018,
CUST_6077,45,Male,Rural,Prepaid,46.96,24-06-2022,
CUST_6078,43,Female,Rural,Prepaid,46.58,11-12-2022,
CUST_6079,39,Male,Urban,Yearly,22.68,06-08-2020,
CUST_6080,57,Female,Rural,Prepaid,37.23,04-08-2018,
CUST_6081,40,Female,Suburban,Monthly,62.99,21-03-2018,
CUST_6082,43,Male,Rural,Monthly,61.75,20-09-2019,
CUST_6083,57,Female,Suburban,Monthly,49.67,29-01-2023,
CUST_6084,43,Female,Urban,Prepaid,41.63,14-02-2020,
CUST_6085,43,Female,Urban,Prepaid,52.27,04-07-2020,
CUST_6086,43,Male,Suburban,Prepaid,14.08,29-06-2018,
CUST_6087,43,Female,Rural,Prepaid,52.1,15-04-2020,
CUST_6088,43,Female,Urban,Prepaid,31.3,08-09-2022,
CUST_6089,43,Male,Urban,Monthly,48.64,11-08-2019,
CUST_6090,28,Male,Urban,Yearly,53.19,23-03-2022,
CUST_6091,22,Female,Rural,Monthly,44.76,21-05-2023,
CUST_6092,62,Female,Suburban,Monthly,61.2,12-05-2022,
CUST_6093,43,Female,Suburban,Monthly,40.52,28-10-2021,
CUST_6094,62,Male,Rural,Prepaid,39.07,27-03-2020,
CUST_6095,55,Female,Urban,Prepaid,59.36,18-03-2018,
CUST_6096,46,Male,Rural,Prepaid,44.6,01-01-2023,
CUST_6097,22,Male,Rural,Monthly,70.2,30-12-2019,
CUST_6098,26,Female,Suburban,Yearly,50.2,19-07-2020,
CUST_6099,43,Female,Rural,Monthly,58.27,20-07-2019,
CUST_6100,43,Male,Rural,Prepaid,63.97,06-11-2018,
CUST_6101,43,Female,Urban,Monthly,48.93,13-04-2018,
CUST_6102,57,Female,Urban,Monthly,27.09,15-01-2023,
CUST_6103,68,Male,Suburban,Monthly,59.41,30-01-2021,
CUST_6104,43,Female,Urban,Monthly,67.89,01-01-2021,
CUST_6105,43,Male,Rural,Monthly,46.02,02-05-2021,
CUST_6106,43,Female,Rural,Monthly,64.89,13-02-2022,
CUST_6107,43,Male,Rural,Monthly,32.48,02-07-2019,
CUST_6108,29,Male,Suburban,Yearly,52.24,13-01-2018,
CUST_6109,56,Female,Urban,Monthly,45.71,11-08-2022,
CUST_6110,43,Male,Rural,Monthly,26.35,14-08-2022,
CUST_6111,30,Male,Urban,Monthly,55.97,30-01-2022,
CUST_6112,25,Female,Urban,Yearly,36.68,25-04-2019,
CUST_6113,45,Female,Urban,Monthly,55.65,20-01-2023,
CUST_6114,47,Female,Urban,Monthly,35.03,27-08-2019,
CUST_6115,26,Male,Suburban,Prepaid,24.89,15-12-2020,
CUST_6116,56,Male,Suburban,Yearly,39.29,21-03-2019,
CUST_6117,48,Male,Suburban,Monthly,65.53,02-09-2021,
CUST_6118,43,Female,Rural,Monthly,47.6,16-10-2020,
CUST_6119,64,Male,Rural,Yearly,50.53,03-12-2021,
CUST_6120,51,Male,Rural,Yearly,52.09,10-02-2023,
CUST_6121,48,Female,Suburban,Yearly,51.53,25-09-2021,
CUST_6122,69,Male,Urban,Prepaid,78.11,07-10-2021,
CUST_6123,42,Female,Suburban,Monthly,49.38,30-04-2023,
CUST_6124,43,Female,Rural,Prepaid,21.42,20-07-2020,
CUST_6125,18,Female,Rural,Prepaid,44.42,17-06-2020,
CUST_6126,39,Male,Urban,Yearly,51.02,26-06-2022,
CUST_6127,57,Male,Suburban,Yearly,31.09,07-09-2018,
CUST_6128,43,Male,Urban,Monthly,46.43,14-09-2018,
CUST_6129,43,Female,Suburban,Prepaid,46.62,10-03-2018,
CUST_6130,18,Female,Rural,Prepaid,76.64,02-05-2018,
CUST_6131,18,Female,Urban,Monthly,39.84,14-01-2018,
CUST_6132,59,Male,Urban,Prepaid,64.24,18-06-2021,
CUST_6133,59,Male,Suburban,Monthly,47.81,09-02-2021,
CUST_6134,38,Male,Suburban,Monthly,62.9,06-01-2022,
CUST_6135,43,Male,Suburban,Yearly,70.94,17-06-2023,
CUST_6136,43,Male,Rural,Prepaid,55.72,16-08-2020,
CUST_6137,43,Female,Suburban,Prepaid,49.14,20-05-2021,
CUST_6138,43,Male,Rural,Yearly,67.23,01-01-2020,
CUST_6139,52,Female,Suburban,Monthly,28.05,20-02-2021,
CUST_6140,62,Female,Suburban,Prepaid,52.6,01-01-2021,
CUST_6141,33,Male,Rural,Prepaid,31.3,09-06-2020,
CUST_6142,25,Female,Suburban,Yearly,62,29-07-2018,
CUST_6143,64,Male,Rural,Monthly,51.48,30-04-2023,
CUST_6144,43,Male,Rural,Yearly,48.91,23-11-2020,
CUST_6145,34,Female,Suburban,Prepaid,44.45,25-03-2021,
CUST_6146,43,Male,Suburban,Monthly,60.15,12-06-2022,
CUST_6147,30,Male,Urban,Monthly,23.19,27-05-2018,
CUST_6148,43,Female,Suburban,Prepaid,78.54,11-01-2022,
CUST_6149,55,Female,Urban,Yearly,47.87,10-03-2019,
CUST_6150,34,Female,Suburban,Monthly,30.5,21-05-2018,
CUST_6151,65,Female,Rural,Yearly,10.57,08-12-2022,
CUST_6152,31,Female,Rural,Yearly,47.48,18-09-2020,
CUST_6153,62,Female,Urban,Prepaid,53.45,20-08-2022,
CUST_6154,23,Male,Suburban,Monthly,54.58,08-05-2018,
CUST_6155,52,Male,Urban,Monthly,28.24,27-07-2018,
CUST_6156,63,Male,Suburban,Monthly,31.55,21-12-2022,
CUST_6157,31,Female,Suburban,Monthly,70.34,17-01-2021,
CUST_6158,64,Male,Rural,Monthly,26.71,18-01-2020,
CUST_6159,43,Female,Urban,Prepaid,51.67,26-06-2022,
CUST_6160,32,Male,Rural,Monthly,44.22,12-04-2023,
CUST_6161,44,Female,Rural,Prepaid,41.96,07-12-2018,
CUST_6162,30,Male,Rural,Prepaid,45.89,21-02-2018,
CUST_6163,66,Female,Urban,Yearly,41.91,11-02-2018,
CUST_6164,48,Female,Suburban,Prepaid,41.41,24-07-2019,
CUST_6165,52,Female,Suburban,Prepaid,64.98,02-08-2018,
CUST_6166,23,Female,Urban,Prepaid,43.94,17-11-2022,
CUST_6167,22,Male,Suburban,Monthly,31.72,31-03-2019,
CUST_6168,39,Male,Urban,Prepaid,48.74,24-02-2023,
CUST_6169,43,Female,Urban,Monthly,34.12,26-08-2021,
CUST_6170,43,Female,Suburban,Monthly,33.69,09-08-2019,
CUST_6171,42,Female,Rural,Prepaid,71.83,02-10-2018,
CUST_6172,43,Male,Urban,Monthly,47.25,08-12-2022,
CUST_6173,43,Female,Urban,Prepaid,30.84,13-01-2021,
CUST_6174,43,Female,Urban,Monthly,48.46,14-02-2020,
CUST_6175,22,Male,Urban,Prepaid,50.96,14-07-2018,
CUST_6176,43,Female,Suburban,Prepaid,46.89,28-08-2019,
CUST_6177,37,Female,Suburban,Prepaid,42.67,03-03-2021,
CUST_6178,43,Male,Urban,Prepaid,29.19,14-07-2022,
CUST_6179,23,Female,Rural,Monthly,43.77,09-09-2021,
CUST_6180,43,Female,Suburban,Prepaid,38.09,26-03-2022,
CUST_6181,43,Male,Rural,Prepaid,48.17,25-05-2022,
CUST_6182,21,Female,Rural,Prepaid,56.34,15-04-2019,
CUST_6183,34,Male,Urban,Yearly,76.27,08-05-2020,
CUST_6184,31,Female,Suburban,Monthly,61.62,22-02-2022,
CUST_6185,43,Female,Urban,Prepaid,9.28,27-02-2020,
CUST_6186,30,Female,Urban,Prepaid,53.34,11-12-2021,
CUST_6187,24,Female,Rural,Yearly,72.74,22-01-2023,
CUST_6188,61,Female,Rural,Prepaid,47.86,21-05-2019,
CUST_6189,32,Male,Rural,Yearly,73.33,22-09-2022,
CUST_6190,36,Female,Urban,Prepaid,33.43,06-12-2018,
CUST_6191,60,Female,Urban,Prepaid,36.84,09-01-2023,
CUST_6192,43,Male,Urban,Monthly,47.46,19-07-2021,
CUST_6193,43,Male,Urban,Monthly,47.81,11-04-2019,
CUST_6194,43,Female,Urban,Yearly,62.55,28-11-2021,
CUST_6195,43,Male,Urban,Yearly,50.03,21-07-2018,
CUST_6196,52,Female,Urban,Monthly,48.37,13-08-2021,
CUST_6197,36,Male,Urban,Monthly,87.14,17-11-2022,
CUST_6198,43,Male,Suburban,Yearly,38.34,04-05-2020,
CUST_6199,43,Female,Suburban,Monthly,69.33,11-07-2018,
CUST_6200,43,Male,Suburban,Prepaid,56.23,03-06-2018,
CUST_6201,49,Female,Suburban,Prepaid,44.5,14-01-2019,
CUST_6202,65,Male,Urban,Prepaid,53.88,04-04-2023,
CUST_6203,61,Male,Urban,Yearly,37.74,20-02-2021,
CUST_6204,43,Male,Rural,Prepaid,51.29,02-04-2023,
CUST_6205,43,Female,Rural,Prepaid,49.94,11-01-2023,
CUST_6206,34,Female,Suburban,Yearly,57.14,04-03-2020,
CUST_6207,24,Male,Rural,Prepaid,48.25,04-04-2023,
CUST_6208,60,Female,Suburban,Monthly,74.99,19-04-2020,
CUST_6209,67,Female,Urban,Yearly,36.77,12-03-2023,
CUST_6210,18,Female,Urban,Monthly,39.67,28-05-2022,
CUST_6211,43,Male,Rural,Prepaid,53.59,28-08-2019,
CUST_6212,49,Female,Urban,Monthly,37.92,11-10-2020,
CUST_6213,43,Male,Urban,Monthly,60.09,08-02-2021,
CUST_6214,30,Male,Suburban,Monthly,69.72,05-04-2020,
CUST_6215,23,Male,Rural,Prepaid,42.21,07-04-2023,
CUST_6216,43,Male,Urban,Prepaid,51.32,06-02-2020,
CUST_6217,54,Male,Rural,Monthly,59.82,25-06-2020,
CUST_6218,65,Female,Urban,Prepaid,63.25,25-04-2022,
CUST_6219,43,Female,Suburban,Monthly,102.17,22-02-2018,
CUST_6220,64,Male,Urban,Monthly,29.64,05-01-2020,
CUST_6221,43,Female,Rural,Monthly,72.41,15-08-2022,
CUST_6222,43,Female,Rural,Yearly,40.36,05-05-2022,
CUST_6223,33,Female,Suburban,Prepaid,41,07-01-2023,
CUST_6224,45,Female,Urban,Prepaid,52.14,17-04-2018,
CUST_6225,33,Female,Suburban,Monthly,50.93,27-03-2021,
CUST_6226,21,Female,Rural,Prepaid,68.76,18-07-2018,
CUST_6227,62,Female,Suburban,Monthly,27.94,05-12-2018,
CUST_6228,43,Male,Urban,Yearly,5.36,24-10-2020,
CUST_6229,45,Male,Urban,Yearly,79.01,13-07-2018,
CUST_6230,49,Male,Suburban,Monthly,28.4,23-01-2018,
CUST_6231,62,Female,Rural,Yearly,65.08,06-09-2018,
CUST_6232,19,Female,Rural,Prepaid,70.92,28-08-2018,
CUST_6233,48,Male,Suburban,Monthly,67.02,29-01-2023,
CUST_6234,20,Female,Urban,Monthly,57.67,01-01-2021,
CUST_6235,25,Female,Urban,Prepaid,61.19,01-09-2020,
CUST_6236,41,Male,Urban,Prepaid,42.16,23-12-2021,
CUST_6237,32,Male,Urban,Yearly,21.28,26-09-2019,
CUST_6238,43,Male,Rural,Monthly,44.79,24-07-2019,
CUST_6239,43,Female,Urban,Monthly,41.85,28-03-2018,
CUST_6240,26,Female,Suburban,Prepaid,35.83,24-02-2022,
CUST_6241,56,Female,Suburban,Prepaid,50.74,02-08-2019,
CUST_6242,62,Male,Suburban,Yearly,20.76,15-01-2018,
CUST_6243,43,Male,Suburban,Monthly,68.82,28-01-2020,
CUST_6244,25,Female,Urban,Monthly,48.96,08-05-2022,
CUST_6245,24,Male,Rural,Yearly,42.59,21-11-2022,
CUST_6246,43,Male,Urban,Monthly,45.36,04-06-2022,
CUST_6247,43,Female,Rural,Monthly,47.65,21-07-2020,
CUST_6248,43,Male,Urban,Prepaid,34.46,19-05-2023,
CUST_6249,43,Male,Rural,Prepaid,34.4,07-09-2022,
CUST_6250,43,Male,Suburban,Monthly,30.39,27-11-2021,
CUST_6251,52,Female,Suburban,Prepaid,28.71,06-02-2018,
CUST_6252,47,Female,Rural,Monthly,37.16,31-10-2018,
CUST_6253,43,Male,Rural,Prepaid,47.79,31-03-2018,
CUST_6254,55,Female,Rural,Prepaid,66.52,04-01-2020,
CUST_6255,43,Female,Suburban,Monthly,26.35,21-04-2018,
CUST_6256,43,Female,Suburban,Prepaid,63.73,23-04-2021,
CUST_6257,43,Male,Urban,Yearly,25.87,10-09-2022,
CUST_6258,46,Female,Rural,Prepaid,51.45,03-10-2021,
CUST_6259,43,Male,Rural,Monthly,27.24,25-12-2018,
CUST_6260,43,Male,Rural,Prepaid,31.03,10-08-2021,
CUST_6261,43,Female,Suburban,Prepaid,54.74,04-12-2020,
CUST_6262,43,Male,Rural,Prepaid,54.57,11-12-2018,
CUST_6263,40,Female,Rural,Yearly,61.23,12-06-2022,
CUST_6264,22,Female,Suburban,Prepaid,36.03,07-03-2018,
CUST_6265,43,Male,Rural,Yearly,64.95,28-09-2019,
CUST_6266,43,Male,Urban,Prepaid,73.45,10-09-2019,
CUST_6267,63,Female,Suburban,Prepaid,53.5,18-04-2023,
CUST_6268,61,Female,Suburban,Monthly,23.2,21-02-2020,
CUST_6269,21,Female,Suburban,Monthly,21.06,27-02-2022,
CUST_6270,46,Female,Urban,Monthly,52.3,27-01-2023,
CUST_6271,40,Male,Suburban,Prepaid,41.42,12-04-2023,
CUST_6272,43,Male,Suburban,Prepaid,35.07,20-11-2019,
CUST_6273,43,Male,Suburban,Monthly,47.49,07-09-2019,
CUST_6274,59,Female,Suburban,Yearly,44.63,15-09-2019,
CUST_6275,43,Male,Urban,Prepaid,47.6,02-02-2020,
CUST_6276,43,Male,Rural,Yearly,36.79,31-01-2021,
CUST_6277,43,Male,Rural,Prepaid,79.69,20-01-2023,
CUST_6278,49,Male,Suburban,Monthly,33.69,19-03-2018,
CUST_6279,26,Female,Urban,Prepaid,45.96,14-10-2021,
CUST_6280,54,Male,Suburban,Monthly,19.37,06-12-2020,
CUST_6281,27,Male,Rural,Prepaid,32.65,02-06-2023,
CUST_6282,37,Male,Rural,Prepaid,30.48,23-03-2020,
CUST_6283,43,Male,Urban,Yearly,41.93,28-04-2019,
CUST_6284,65,Female,Rural,Monthly,46.27,21-09-2022,
CUST_6285,43,Female,Suburban,Monthly,43.67,09-06-2023,
CUST_6286,59,Male,Urban,Prepaid,41.79,12-06-2023,
CUST_6287,28,Female,Rural,Yearly,53.21,11-01-2023,
CUST_6288,60,Female,Suburban,Monthly,54.36,31-03-2018,
CUST_6289,43,Female,Urban,Yearly,14.27,21-04-2021,
CUST_6290,49,Female,Suburban,Prepaid,65.86,12-02-2018,
CUST_6291,43,Male,Rural,Prepaid,53.92,27-02-2019,
CUST_6292,43,Female,Suburban,Yearly,20.61,20-05-2020,
CUST_6293,34,Female,Urban,Monthly,63.48,22-07-2022,
CUST_6294,58,Male,Suburban,Yearly,65.3,22-10-2021,
CUST_6295,36,Male,Rural,Prepaid,20.17,16-04-2023,
CUST_6296,22,Male,Urban,Monthly,45.32,26-11-2022,
CUST_6297,43,Male,Urban,Yearly,53.96,01-11-2019,
CUST_6298,39,Female,Rural,Monthly,66.05,28-11-2022,
CUST_6299,23,Male,Suburban,Monthly,57.37,31-12-2020,
CUST_6300,43,Female,Suburban,Prepaid,41.55,14-08-2020,
CUST_6301,39,Female,Rural,Prepaid,33.76,29-05-2018,
CUST_6302,18,Male,Urban,Prepaid,27.82,09-08-2020,
CUST_6303,43,Male,Rural,Monthly,36.08,14-06-2023,
CUST_6304,39,Female,Urban,Yearly,58.07,17-03-2022,
CUST_6305,43,Female,Urban,Prepaid,63.81,17-05-2023,
CUST_6306,28,Male,Suburban,Monthly,44.34,14-06-2019,
CUST_6307,43,Male,Rural,Yearly,66.45,17-09-2022,
CUST_6308,43,Male,Urban,Prepaid,56.12,24-05-2018,
CUST_6309,43,Female,Suburban,Yearly,87.92,12-08-2018,
CUST_6310,26,Female,Rural,Yearly,22.51,20-05-2022,
CUST_6311,29,Male,Rural,Prepaid,46.72,25-02-2022,
CUST_6312,43,Female,Urban,Prepaid,53.18,26-03-2021,
CUST_6313,31,Male,Urban,Prepaid,77.71,22-09-2018,
CUST_6314,50,Female,Urban,Monthly,28.18,19-09-2022,
CUST_6315,35,Female,Rural,Prepaid,35.51,04-01-2019,
CUST_6316,66,Male,Urban,Monthly,50.83,18-06-2022,
CUST_6317,58,Male,Rural,Monthly,31.65,15-01-2023,
CUST_6318,26,Male,Suburban,Yearly,46.27,02-12-2018,
CUST_6319,43,Female,Rural,Yearly,25.47,12-06-2020,
CUST_6320,27,Female,Urban,Yearly,67.93,16-10-2021,
CUST_6321,36,Male,Rural,Prepaid,75.19,05-05-2018,
CUST_6322,64,Female,Urban,Prepaid,75.73,25-09-2018,
CUST_6323,43,Male,Suburban,Prepaid,52.3,22-04-2018,
CUST_6324,64,Female,Urban,Monthly,52.63,30-12-2020,
CUST_6325,69,Male,Urban,Monthly,49.82,20-09-2022,
CUST_6326,43,Female,Urban,Yearly,62.92,06-10-2022,
CUST_6327,43,Female,Urban,Yearly,68.92,05-04-2022,
CUST_6328,42,Female,Urban,Prepaid,60.7,20-02-2022,
CUST_6329,43,Female,Urban,Monthly,53.64,09-02-2023,
CUST_6330,43,Male,Suburban,Prepaid,60.58,30-12-2018,
CUST_6331,43,Female,Suburban,Prepaid,49.84,28-11-2022,
CUST_6332,65,Male,Rural,Yearly,29.88,20-04-2021,
CUST_6333,43,Male,Urban,Yearly,41.13,12-04-2021,
CUST_6334,42,Male,Rural,Prepaid,53.19,06-04-2019,
CUST_6335,27,Male,Suburban,Yearly,36.94,28-09-2022,
CUST_6336,31,Female,Suburban,Yearly,35.9,31-03-2022,
CUST_6337,59,Male,Urban,Prepaid,59.27,06-05-2019,
CUST_6338,63,Female,Urban,Prepaid,60.21,30-10-2018,
CUST_6339,43,Female,Rural,Monthly,54.44,20-09-2019,
CUST_6340,43,Female,Suburban,Yearly,42.53,20-02-2018,
CUST_6341,43,Female,Rural,Prepaid,44.94,10-08-2020,
CUST_6342,43,Male,Rural,Prepaid,60.5,07-07-2022,
CUST_6343,43,Female,Rural,Monthly,36.48,13-10-2019,
CUST_6344,43,Male,Urban,Monthly,28.18,16-07-2021,
CUST_6345,65,Female,Suburban,Monthly,57.61,09-08-2019,
CUST_6346,43,Female,Rural,Prepaid,48.21,29-01-2020,
CUST_6347,43,Male,Suburban,Yearly,69.61,03-06-2022,
CUST_6348,52,Female,Suburban,Monthly,34.02,24-01-2023,
CUST_6349,43,Female,Rural,Yearly,66.12,15-02-2020,
CUST_6350,43,Female,Rural,Yearly,41.24,22-06-2018,
CUST_6351,43,Female,Urban,Yearly,61.73,04-07-2022,
CUST_6352,38,Female,Suburban,Yearly,30.67,09-04-2018,
CUST_6353,39,Male,Rural,Yearly,25.92,15-03-2021,
CUST_6354,62,Female,Rural,Monthly,55.26,03-10-2019,
CUST_6355,24,Female,Suburban,Monthly,45.87,04-12-2022,
CUST_6356,43,Male,Rural,Monthly,52.39,29-11-2019,
CUST_6357,19,Female,Suburban,Monthly,35.37,23-08-2019,
CUST_6358,43,Male,Rural,Prepaid,54.92,10-10-2022,
CUST_6359,43,Female,Suburban,Prepaid,69.11,10-03-2021,
CUST_6360,35,Female,Rural,Prepaid,66.45,18-04-2021,
CUST_6361,43,Male,Rural,Prepaid,39.88,28-04-2021,
CUST_6362,33,Female,Urban,Prepaid,31.16,14-02-2020,
CUST_6363,66,Female,Suburban,Yearly,49.95,10-10-2021,
CUST_6364,68,Male,Urban,Monthly,62.71,23-04-2022,
CUST_6365,35,Male,Rural,Prepaid,24.68,06-10-2021,
CUST_6366,52,Female,Suburban,Monthly,59.14,20-06-2019,
CUST_6367,43,Male,Suburban,Prepaid,80.15,20-08-2021,
CUST_6368,43,Female,Rural,Yearly,59.59,16-04-2019,
CUST_6369,23,Male,Rural,Prepaid,26.67,17-05-2020,
CUST_6370,43,Female,Rural,Prepaid,33.01,21-09-2020,
CUST_6371,60,Male,Rural,Yearly,39.65,21-08-2022,
CUST_6372,43,Male,Suburban,Monthly,47.82,07-06-2019,
CUST_6373,64,Male,Urban,Yearly,55.24,01-04-2023,
CUST_6374,65,Male,Suburban,Monthly,60.81,17-02-2023,
CUST_6375,43,Male,Suburban,Prepaid,45.52,04-01-2019,
CUST_6376,29,Male,Suburban,Monthly,53.84,10-02-2019,
CUST_6377,30,Male,Suburban,Prepaid,33.78,23-08-2022,
CUST_6378,21,Male,Rural,Prepaid,39.41,04-08-2019,
CUST_6379,56,Male,Urban,Prepaid,63.27,22-12-2020,
CUST_6380,19,Female,Suburban,Yearly,56.78,20-05-2023,
CUST_6381,43,Male,Suburban,Monthly,58.65,11-01-2020,
CUST_6382,44,Female,Urban,Prepaid,34.41,12-05-2021,
CUST_6383,44,Male,Rural,Prepaid,49.43,04-03-2020,
CUST_6384,32,Female,Suburban,Yearly,51.28,17-01-2020,
CUST_6385,25,Female,Rural,Prepaid,54.84,22-12-2020,
CUST_6386,24,Male,Suburban,Monthly,65.26,26-02-2018,
CUST_6387,64,Male,Suburban,Monthly,50.68,03-05-2023,
CUST_6388,63,Female,Urban,Monthly,73.85,06-10-2020,
CUST_6389,43,Female,Urban,Prepaid,20.52,28-02-2019,
CUST_6390,29,Male,Rural,Yearly,45.38,17-05-2018,
CUST_6391,30,Male,Suburban,Monthly,65.49,09-06-2021,
CUST_6392,60,Male,Rural,Prepaid,38.8,26-05-2021,
CUST_6393,34,Female,Urban,Prepaid,62.51,14-04-2019,
CUST_6394,43,Male,Urban,Prepaid,51.47,06-08-2021,
CUST_6395,53,Male,Urban,Prepaid,78.47,01-01-2018,
CUST_6396,38,Male,Urban,Yearly,47.73,17-03-2022,
CUST_6397,43,Male,Urban,Prepaid,47.91,07-10-2022,
CUST_6398,43,Male,Rural,Yearly,77.02,16-01-2018,
CUST_6399,43,Female,Rural,Monthly,44.58,10-04-2023,
CUST_6400,33,Female,Urban,Prepaid,65.84,04-07-2022,
CUST_6401,43,Male,Suburban,Prepaid,54.61,30-09-2019,
CUST_6402,43,Male,Suburban,Monthly,66.31,19-04-2018,
CUST_6403,43,Female,Suburban,Monthly,44.76,02-02-2018,
CUST_6404,64,Male,Suburban,Yearly,48.4,21-03-2018,
CUST_6405,29,Female,Suburban,Monthly,44.49,09-02-2020,
CUST_6406,54,Male,Urban,Monthly,20.39,17-06-2019,
CUST_6407,43,Female,Rural,Prepaid,46.02,01-10-2020,
CUST_6408,43,Female,Urban,Yearly,98.03,13-11-2019,
CUST_6409,33,Male,Suburban,Yearly,39.01,29-03-2020,
CUST_6410,43,Female,Suburban,Prepaid,52.19,18-08-2022,
CUST_6411,27,Male,Rural,Prepaid,67.87,29-09-2018,
CUST_6412,24,Female,Urban,Monthly,57.82,19-01-2018,
CUST_6413,43,Male,Rural,Monthly,48.84,27-09-2020,
CUST_6414,69,Male,Suburban,Monthly,182.95,02-11-2021,
CUST_6415,43,Male,Suburban,Monthly,71.64,17-05-2021,
CUST_6416,46,Female,Rural,Yearly,66.63,01-10-2019,
CUST_6417,20,Male,Suburban,Prepaid,71.28,05-01-2018,
CUST_6418,43,Male,Urban,Monthly,69.78,28-06-2018,
CUST_6419,43,Male,Suburban,Prepaid,28.59,30-10-2022,
CUST_6420,64,Female,Suburban,Prepaid,44.72,19-07-2022,
CUST_6421,43,Male,Urban,Yearly,54.66,04-04-2023,
CUST_6422,69,Female,Suburban,Monthly,35.73,09-06-2022,
CUST_6423,36,Female,Rural,Yearly,40.55,19-03-2023,
CUST_6424,43,Female,Rural,Monthly,59.61,05-04-2018,
CUST_6425,59,Male,Suburban,Yearly,58.99,23-09-2021,
CUST_6426,38,Male,Urban,Monthly,76.41,26-12-2019,
CUST_6427,54,Female,Urban,Prepaid,39.18,09-11-2019,
CUST_6428,44,Male,Rural,Yearly,36.05,09-11-2020,
CUST_6429,69,Male,Suburban,Prepaid,81.47,18-02-2021,
CUST_6430,43,Female,Urban,Monthly,46.31,23-12-2022,
CUST_6431,43,Female,Urban,Monthly,21.5,25-02-2018,
CUST_6432,43,Male,Rural,Prepaid,55.99,21-12-2021,
CUST_6433,43,Female,Rural,Prepaid,33.87,21-03-2019,
CUST_6434,43,Male,Urban,Monthly,44.21,11-11-2021,
CUST_6435,43,Female,Rural,Prepaid,28.74,20-11-2019,
CUST_6436,39,Male,Urban,Monthly,66.67,21-07-2019,
CUST_6437,49,Male,Suburban,Monthly,56.12,11-03-2022,
CUST_6438,33,Female,Rural,Prepaid,30.65,24-09-2019,
CUST_6439,43,Male,Rural,Monthly,52.98,07-09-2018,
CUST_6440,43,Male,Suburban,Yearly,60.07,26-05-2019,
CUST_6441,53,Female,Urban,Prepaid,46.83,06-04-2021,
CUST_6442,47,Male,Urban,Monthly,74.83,24-10-2020,
CUST_6443,43,Male,Rural,Prepaid,65.62,24-08-2019,
CUST_6444,43,Male,Urban,Monthly,42.77,01-09-2022,
CUST_6445,40,Female,Urban,Monthly,46.6,05-05-2019,
CUST_6446,51,Female,Suburban,Prepaid,31.45,29-04-2020,
CUST_6447,43,Female,Suburban,Prepaid,24.55,18-08-2019,
CUST_6448,43,Female,Suburban,Monthly,36.94,17-11-2019,
CUST_6449,46,Female,Rural,Prepaid,39.46,08-08-2022,
CUST_6450,53,Male,Suburban,Prepaid,69.9,19-04-2022,
CUST_6451,39,Male,Suburban,Yearly,29.38,23-06-2020,
CUST_6452,69,Male,Urban,Prepaid,51.46,14-04-2018,
CUST_6453,69,Female,Suburban,Monthly,53.22,26-11-2018,
CUST_6454,43,Male,Rural,Prepaid,39.39,16-02-2019,
CUST_6455,43,Female,Suburban,Yearly,65.29,19-03-2022,
CUST_6456,26,Male,Rural,Prepaid,45.31,16-12-2018,
CUST_6457,56,Female,Urban,Prepaid,41.11,02-09-2021,
CUST_6458,68,Male,Urban,Monthly,74.63,07-02-2019,
CUST_6459,36,Male,Suburban,Yearly,37.37,17-06-2023,
CUST_6460,55,Female,Urban,Yearly,61.68,03-12-2022,
CUST_6461,43,Male,Suburban,Prepaid,41.48,03-07-2018,
CUST_6462,69,Male,Urban,Yearly,31.77,03-07-2018,
CUST_6463,43,Female,Rural,Monthly,45.04,29-05-2020,
CUST_6464,32,Male,Urban,Yearly,85.34,07-07-2021,
CUST_6465,37,Male,Suburban,Yearly,28.34,03-07-2022,
CUST_6466,43,Female,Suburban,Monthly,39.49,30-10-2021,
CUST_6467,49,Female,Suburban,Monthly,68.44,15-03-2022,
CUST_6468,43,Female,Rural,Monthly,35.9,28-02-2019,
CUST_6469,67,Female,Urban,Monthly,40.97,14-06-2023,
CUST_6470,43,Female,Suburban,Prepaid,52.02,28-04-2019,
CUST_6471,22,Male,Rural,Prepaid,46.63,14-02-2018,
CUST_6472,37,Female,Rural,Prepaid,57.63,08-07-2022,
CUST_6473,40,Female,Rural,Yearly,46.06,20-01-2023,
CUST_6474,28,Male,Urban,Prepaid,50.09,23-02-2022,
CUST_6475,43,Male,Urban,Prepaid,48.04,05-08-2022,
CUST_6476,43,Male,Urban,Prepaid,37.74,08-12-2021,
CUST_6477,21,Male,Rural,Monthly,22.25,19-07-2019,
CUST_6478,46,Male,Urban,Yearly,78.83,25-05-2018,
CUST_6479,61,Female,Suburban,Monthly,37.57,15-06-2020,
CUST_6480,51,Male,Rural,Prepaid,38.47,28-05-2022,
CUST_6481,43,Female,Urban,Yearly,52.98,13-04-2019,
CUST_6482,59,Male,Rural,Prepaid,34.48,08-03-2020,
CUST_6483,26,Female,Rural,Yearly,63.74,17-02-2022,
CUST_6484,59,Male,Urban,Prepaid,53.82,10-03-2022,
CUST_6485,48,Female,Rural,Monthly,45.93,03-11-2022,
CUST_6486,24,Female,Urban,Prepaid,42.5,08-09-2022,
CUST_6487,21,Female,Urban,Yearly,31.99,15-03-2023,
CUST_6488,43,Female,Urban,Prepaid,54.7,14-01-2019,
CUST_6489,43,Female,Rural,Prepaid,52.04,01-10-2020,
CUST_6490,43,Female,Rural,Yearly,40.31,12-11-2020,
CUST_6491,48,Female,Urban,Prepaid,57.86,11-04-2021,
CUST_6492,52,Female,Rural,Monthly,73.71,10-01-2018,
CUST_6493,38,Female,Urban,Monthly,50.22,03-10-2022,
CUST_6494,48,Female,Suburban,Monthly,46.29,30-10-2019,
CUST_6495,36,Male,Rural,Prepaid,35.59,12-08-2021,
CUST_6496,48,Female,Rural,Yearly,47.61,26-02-2023,
CUST_6497,49,Female,Suburban,Yearly,43.71,03-08-2021,
CUST_6498,43,Male,Suburban,Monthly,34.3,04-03-2023,
CUST_6499,69,Female,Suburban,Prepaid,56.77,03-11-2021,
CUST_6500,27,Female,Urban,Prepaid,54.1,16-07-2021,
CUST_6501,19,Male,Urban,Prepaid,51.15,03-12-2022,
CUST_6502,19,Male,Suburban,Monthly,44.57,12-04-2021,
CUST_6503,43,Female,Urban,Yearly,63.82,17-05-2023,
CUST_6504,34,Male,Rural,Monthly,23.75,17-12-2018,
CUST_6505,43,Female,Suburban,Monthly,24.45,17-12-2019,
CUST_6506,33,Female,Rural,Monthly,53.38,25-07-2020,
CUST_6507,43,Female,Urban,Prepaid,68.97,18-09-2019,
CUST_6508,63,Male,Suburban,Monthly,51.81,28-05-2018,
CUST_6509,56,Female,Urban,Monthly,51.91,28-09-2021,
CUST_6510,48,Female,Rural,Monthly,34.29,13-06-2018,
CUST_6511,60,Male,Urban,Prepaid,17.83,16-01-2019,
CUST_6512,43,Female,Rural,Monthly,35.38,01-01-2022,
CUST_6513,43,Female,Urban,Prepaid,59.66,05-02-2018,
CUST_6514,43,Female,Rural,Prepaid,26.41,18-11-2021,
CUST_6515,43,Female,Urban,Monthly,37.22,24-01-2021,
CUST_6516,21,Female,Suburban,Prepaid,26.51,26-03-2022,
CUST_6517,24,Female,Suburban,Yearly,36.42,18-02-2021,
CUST_6518,43,Male,Urban,Prepaid,67.1,18-01-2021,
CUST_6519,64,Female,Rural,Monthly,40.91,22-01-2020,
CUST_6520,43,Female,Urban,Yearly,63.72,29-06-2018,
CUST_6521,29,Male,Suburban,Monthly,41.28,24-01-2020,
CUST_6522,48,Female,Rural,Yearly,71.62,16-03-2019,
CUST_6523,34,Female,Urban,Monthly,55.24,19-10-2018,
CUST_6524,50,Male,Urban,Yearly,43.09,01-05-2022,
CUST_6525,28,Male,Rural,Prepaid,47.57,04-08-2020,
CUST_6526,43,Male,Urban,Prepaid,28.38,03-06-2021,
CUST_6527,49,Male,Suburban,Monthly,42.33,31-07-2021,
CUST_6528,18,Male,Suburban,Monthly,71.31,08-11-2019,
CUST_6529,43,Male,Rural,Monthly,55.39,02-06-2019,
CUST_6530,43,Male,Urban,Prepaid,18.68,22-07-2018,
CUST_6531,59,Female,Urban,Prepaid,47.43,30-08-2019,
CUST_6532,24,Female,Suburban,Prepaid,52.52,21-02-2020,
CUST_6533,43,Female,Rural,Monthly,61.26,07-02-2019,
CUST_6534,59,Male,Rural,Prepaid,44.38,14-12-2022,
CUST_6535,41,Female,Rural,Prepaid,48.2,29-02-2020,
CUST_6536,43,Male,Suburban,Prepaid,65.49,08-05-2019,
CUST_6537,43,Female,Suburban,Monthly,46.35,24-08-2020,
CUST_6538,43,Female,Rural,Yearly,39.07,22-09-2021,
CUST_6539,43,Female,Rural,Monthly,62.54,25-08-2021,
CUST_6540,28,Female,Urban,Prepaid,62.82,11-08-2018,
CUST_6541,57,Male,Urban,Prepaid,17.59,17-01-2019,
CUST_6542,43,Male,Rural,Monthly,53.88,14-02-2019,
CUST_6543,43,Female,Suburban,Monthly,34.89,21-08-2018,
CUST_6544,28,Male,Suburban,Monthly,56,03-04-2020,
CUST_6545,62,Male,Urban,Yearly,321.45,10-01-2023,
CUST_6546,20,Female,Rural,Yearly,59.29,29-05-2020,
CUST_6547,29,Male,Suburban,Prepaid,60.77,10-03-2022,
CUST_6548,20,Male,Suburban,Prepaid,40.09,20-08-2022,
CUST_6549,43,Male,Suburban,Prepaid,43.14,25-08-2018,
CUST_6550,44,Male,Suburban,Monthly,58.89,28-10-2020,
CUST_6551,43,Female,Urban,Monthly,51.06,10-04-2018,
CUST_6552,19,Female,Suburban,Monthly,26.85,04-03-2021,
CUST_6553,66,Male,Suburban,Prepaid,63.37,24-03-2020,
CUST_6554,33,Female,Rural,Yearly,28.05,12-12-2020,
CUST_6555,19,Female,Rural,Monthly,54.87,07-08-2021,
CUST_6556,47,Female,Urban,Yearly,53.11,13-01-2021,
CUST_6557,43,Male,Urban,Monthly,67.72,27-04-2018,
CUST_6558,43,Male,Urban,Monthly,46.46,30-07-2018,
CUST_6559,45,Female,Urban,Prepaid,19.57,04-04-2018,
CUST_6560,42,Female,Suburban,Monthly,52.15,28-05-2018,
CUST_6561,43,Male,Rural,Prepaid,54.99,23-08-2022,
CUST_6562,27,Female,Suburban,Monthly,66.1,19-11-2020,
CUST_6563,43,Male,Suburban,Prepaid,42.08,23-06-2021,
CUST_6564,43,Female,Suburban,Prepaid,60.55,18-06-2021,
CUST_6565,50,Male,Rural,Prepaid,63.46,22-10-2019,
CUST_6566,43,Male,Urban,Prepaid,39.02,04-08-2021,
CUST_6567,58,Male,Urban,Prepaid,54.76,20-09-2020,
CUST_6568,59,Male,Rural,Yearly,27.92,03-07-2019,
CUST_6569,64,Female,Rural,Prepaid,58.46,05-08-2021,
CUST_6570,43,Male,Urban,Monthly,53.34,16-08-2020,
CUST_6571,33,Female,Suburban,Prepaid,31.42,01-10-2018,
CUST_6572,62,Male,Urban,Monthly,44.05,11-01-2022,
CUST_6573,39,Male,Rural,Prepaid,66.27,20-02-2023,
CUST_6574,37,Female,Urban,Prepaid,53,03-04-2020,
CUST_6575,67,Female,Urban,Prepaid,39.76,17-02-2021,
CUST_6576,60,Female,Urban,Monthly,38.48,22-06-2019,
CUST_6577,43,Male,Rural,Prepaid,65.05,04-05-2023,
CUST_6578,58,Male,Rural,Yearly,42.63,28-10-2021,
CUST_6579,33,Female,Urban,Monthly,53.31,08-12-2018,
CUST_6580,43,Male,Urban,Yearly,43.81,19-07-2019,
CUST_6581,49,Female,Suburban,Yearly,16.82,30-12-2019,
CUST_6582,43,Male,Suburban,Monthly,40.2,06-07-2021,
CUST_6583,42,Male,Urban,Yearly,67.07,20-09-2019,
CUST_6584,19,Male,Rural,Prepaid,82.16,29-04-2019,
CUST_6585,43,Female,Suburban,Yearly,38.4,31-05-2023,
CUST_6586,57,Male,Urban,Prepaid,55,18-12-2021,
CUST_6587,26,Female,Suburban,Monthly,84.93,09-01-2020,
CUST_6588,29,Female,Suburban,Monthly,68.01,23-01-2019,
CUST_6589,43,Male,Suburban,Yearly,31.82,20-12-2021,
CUST_6590,43,Female,Rural,Yearly,46.03,01-02-2022,
CUST_6591,27,Female,Urban,Prepaid,53.87,27-05-2018,
CUST_6592,49,Male,Rural,Prepaid,69.09,23-07-2019,
CUST_6593,51,Female,Rural,Monthly,31.95,29-11-2021,
CUST_6594,43,Female,Suburban,Monthly,61.61,13-03-2018,
CUST_6595,37,Male,Urban,Prepaid,60.55,29-06-2022,
CUST_6596,43,Male,Suburban,Monthly,45.44,28-12-2019,
CUST_6597,43,Male,Rural,Yearly,82.16,22-04-2022,
CUST_6598,18,Female,Rural,Monthly,36.33,11-10-2018,
CUST_6599,68,Female,Urban,Monthly,55.46,23-04-2023,
CUST_6600,43,Male,Rural,Monthly,52.99,11-05-2022,
CUST_6601,43,Female,Rural,Monthly,55.64,30-01-2021,
CUST_6602,44,Male,Urban,Yearly,67.33,01-03-2018,
CUST_6603,43,Male,Suburban,Monthly,29.86,06-01-2021,
CUST_6604,48,Male,Urban,Monthly,52.38,27-08-2022,
CUST_6605,31,Female,Rural,Yearly,79.54,28-10-2021,
CUST_6606,19,Female,Urban,Prepaid,61.97,18-09-2019,
CUST_6607,46,Male,Suburban,Yearly,40.09,26-09-2021,
CUST_6608,43,Male,Rural,Monthly,38,02-08-2018,
CUST_6609,29,Female,Suburban,Yearly,57.77,12-10-2022,
CUST_6610,54,Male,Suburban,Prepaid,42.66,15-08-2022,
CUST_6611,45,Female,Urban,Monthly,47.86,14-09-2018,
CUST_6612,43,Male,Suburban,Yearly,38.85,09-09-2018,
CUST_6613,56,Male,Urban,Monthly,81.11,28-10-2022,
CUST_6614,43,Female,Urban,Prepaid,55.2,13-10-2019,
CUST_6615,38,Female,Suburban,Prepaid,50.79,18-05-2018,
CUST_6616,27,Female,Urban,Monthly,25.51,08-04-2018,
CUST_6617,63,Female,Urban,Monthly,37.62,12-07-2018,
CUST_6618,43,Female,Suburban,Monthly,49.09,27-04-2018,
CUST_6619,43,Male,Rural,Prepaid,49.1,23-02-2022,
CUST_6620,35,Male,Urban,Yearly,74.91,18-11-2022,
CUST_6621,41,Female,Urban,Monthly,51.86,12-10-2020,
CUST_6622,31,Female,Suburban,Prepaid,65.57,15-01-2018,
CUST_6623,51,Male,Urban,Prepaid,52.69,24-04-2023,
CUST_6624,29,Male,Suburban,Monthly,62.92,01-04-2018,
CUST_6625,39,Female,Rural,Monthly,24.98,29-01-2023,
CUST_6626,23,Female,Rural,Monthly,31.15,02-07-2022,
CUST_6627,53,Male,Suburban,Monthly,63.86,04-01-2020,
CUST_6628,43,Female,Rural,Prepaid,72.45,28-04-2021,
CUST_6629,53,Male,Suburban,Yearly,24.4,12-02-2023,
CUST_6630,39,Male,Urban,Yearly,50.18,13-11-2019,
CUST_6631,31,Female,Rural,Prepaid,27.51,11-04-2022,
CUST_6632,33,Male,Urban,Yearly,40.04,27-05-2022,
CUST_6633,53,Male,Urban,Monthly,21.49,17-07-2018,
CUST_6634,42,Male,Suburban,Monthly,48.22,26-05-2022,
CUST_6635,49,Female,Rural,Monthly,47.23,28-07-2018,
CUST_6636,50,Male,Rural,Yearly,47.05,08-08-2022,
CUST_6637,62,Female,Urban,Yearly,45.61,15-03-2022,
CUST_6638,43,Male,Urban,Monthly,59.52,03-05-2023,
CUST_6639,37,Male,Suburban,Prepaid,75.72,17-03-2020,
CUST_6640,35,Male,Rural,Monthly,31.87,22-08-2018,
CUST_6641,43,Male,Suburban,Prepaid,37.39,12-07-2021,
CUST_6642,20,Male,Suburban,Monthly,51.94,16-12-2020,
CUST_6643,40,Female,Suburban,Yearly,45.98,11-10-2019,
CUST_6644,43,Female,Rural,Prepaid,45.25,18-06-2018,
CUST_6645,43,Male,Suburban,Prepaid,30.31,20-03-2023,
CUST_6646,33,Female,Rural,Monthly,43.16,27-03-2021,
CUST_6647,22,Female,Suburban,Prepaid,43.31,18-05-2019,
CUST_6648,43,Male,Urban,Prepaid,53.28,05-03-2023,
CUST_6649,38,Female,Suburban,Monthly,36.39,06-05-2020,
CUST_6650,57,Female,Suburban,Yearly,63.39,04-04-2020,
CUST_6651,43,Female,Rural,Monthly,31.03,09-01-2018,
CUST_6652,31,Female,Urban,Monthly,73.31,19-09-2022,
CUST_6653,56,Male,Urban,Monthly,37.73,16-08-2021,
CUST_6654,48,Female,Rural,Prepaid,71.63,27-06-2021,
CUST_6655,43,Male,Rural,Yearly,38.75,09-11-2022,
CUST_6656,23,Male,Urban,Monthly,62.46,01-12-2022,
CUST_6657,29,Female,Rural,Yearly,44.53,11-12-2021,
CUST_6658,43,Male,Urban,Yearly,51.21,06-01-2019,
CUST_6659,43,Female,Suburban,Prepaid,59.03,31-01-2018,
CUST_6660,62,Male,Suburban,Yearly,45,11-05-2023,
CUST_6661,40,Female,Urban,Yearly,21.45,30-12-2022,
CUST_6662,43,Female,Urban,Monthly,40.46,18-05-2018,
CUST_6663,43,Male,Suburban,Prepaid,42.42,09-09-2021,
CUST_6664,63,Female,Suburban,Monthly,75.93,09-08-2019,
CUST_6665,43,Female,Urban,Prepaid,49.29,20-12-2020,
CUST_6666,32,Female,Rural,Monthly,52.56,28-03-2019,
CUST_6667,61,Female,Rural,Prepaid,48.27,30-08-2021,
CUST_6668,34,Male,Urban,Monthly,53.27,03-01-2018,
CUST_6669,43,Male,Rural,Yearly,31.43,16-07-2018,
CUST_6670,43,Male,Suburban,Prepaid,39.69,04-02-2021,
CUST_6671,61,Female,Suburban,Monthly,59.94,14-04-2021,
CUST_6672,43,Male,Rural,Prepaid,46.65,22-06-2019,
CUST_6673,22,Female,Urban,Monthly,48.48,31-12-2019,
CUST_6674,43,Female,Suburban,Monthly,49.7,22-03-2021,
CUST_6675,43,Female,Suburban,Prepaid,60.32,05-09-2020,
CUST_6676,69,Male,Suburban,Monthly,40.39,02-07-2018,
CUST_6677,40,Male,Rural,Yearly,51.5,06-05-2021,
CUST_6678,57,Male,Urban,Prepaid,17.7,11-04-2018,
CUST_6679,31,Male,Rural,Monthly,25.82,12-04-2023,
CUST_6680,32,Female,Urban,Monthly,46.27,06-11-2019,
CUST_6681,60,Male,Urban,Prepaid,33.42,23-01-2019,
CUST_6682,43,Male,Rural,Yearly,64.75,01-12-2019,
CUST_6683,48,Male,Suburban,Monthly,33.98,13-12-2022,
CUST_6684,43,Male,Urban,Prepaid,48.08,19-05-2023,
CUST_6685,43,Female,Rural,Prepaid,62.04,16-09-2018,
CUST_6686,43,Male,Suburban,Monthly,57.4,24-11-2021,
CUST_6687,36,Male,Urban,Monthly,41.83,14-10-2019,
CUST_6688,43,Male,Urban,Monthly,44.15,03-03-2022,
CUST_6689,40,Female,Suburban,Monthly,285.6,15-04-2022,
CUST_6690,43,Male,Urban,Monthly,62.1,27-02-2018,
CUST_6691,43,Male,Rural,Monthly,72.45,03-07-2020,
CUST_6692,30,Male,Urban,Monthly,62.08,23-08-2019,
CUST_6693,37,Female,Urban,Yearly,60.28,28-06-2021,
CUST_6694,52,Female,Suburban,Yearly,55.14,27-06-2018,
CUST_6695,22,Male,Rural,Monthly,51.81,26-01-2019,
CUST_6696,26,Male,Suburban,Monthly,44.44,13-05-2023,
CUST_6697,46,Female,Rural,Prepaid,57.48,15-06-2019,
CUST_6698,23,Female,Suburban,Prepaid,46.45,19-02-2022,
CUST_6699,42,Female,Urban,Monthly,60.45,01-09-2020,
CUST_6700,43,Female,Rural,Monthly,60.84,16-07-2020,
CUST_6701,39,Female,Rural,Prepaid,57.05,04-06-2023,
CUST_6702,19,Male,Urban,Monthly,40.67,09-07-2020,
CUST_6703,62,Male,Suburban,Yearly,48.68,22-03-2021,
CUST_6704,22,Male,Rural,Yearly,66.26,17-05-2020,
CUST_6705,43,Male,Urban,Monthly,24.4,06-02-2023,
CUST_6706,42,Female,Urban,Monthly,52.85,12-04-2019,
CUST_6707,25,Female,Rural,Prepaid,61.36,04-07-2019,
CUST_6708,18,Female,Rural,Monthly,56.52,19-02-2022,
CUST_6709,37,Female,Rural,Yearly,81.04,01-03-2018,
CUST_6710,43,Female,Urban,Yearly,25.82,16-03-2022,
CUST_6711,40,Male,Suburban,Monthly,32.25,06-05-2021,
CUST_6712,49,Male,Suburban,Prepaid,52.73,30-09-2018,
CUST_6713,28,Male,Rural,Monthly,63.98,05-09-2020,
CUST_6714,43,Male,Urban,Monthly,50.86,01-11-2018,
CUST_6715,43,Male,Urban,Yearly,69.77,17-09-2018,
CUST_6716,43,Female,Rural,Prepaid,41.34,12-06-2019,
CUST_6717,28,Female,Urban,Monthly,45.91,30-11-2022,
CUST_6718,46,Female,Urban,Prepaid,61.44,21-02-2023,
CUST_6719,43,Female,Urban,Monthly,44.69,19-05-2018,
CUST_6720,33,Female,Rural,Monthly,64.05,24-01-2019,
CUST_6721,43,Male,Rural,Monthly,60.42,08-12-2018,
CUST_6722,43,Male,Rural,Monthly,43.75,18-04-2023,
CUST_6723,63,Male,Suburban,Monthly,54.49,30-08-2018,
CUST_6724,43,Female,Suburban,Prepaid,42.83,05-02-2021,
CUST_6725,18,Female,Rural,Prepaid,36.62,20-01-2021,
CUST_6726,64,Female,Urban,Yearly,220.65,15-04-2023,
CUST_6727,18,Female,Urban,Prepaid,47.31,12-06-2022,
CUST_6728,34,Male,Rural,Prepaid,51.68,31-07-2019,
CUST_6729,43,Female,Urban,Prepaid,48.37,07-02-2021,
CUST_6730,46,Male,Urban,Prepaid,23.67,15-02-2018,
CUST_6731,37,Female,Suburban,Monthly,64.86,26-09-2018,
CUST_6732,23,Male,Urban,Monthly,24.47,08-05-2022,
CUST_6733,43,Female,Urban,Yearly,52.83,14-03-2018,
CUST_6734,43,Female,Rural,Monthly,38.89,26-04-2019,
CUST_6735,65,Male,Suburban,Prepaid,52.19,30-01-2018,
CUST_6736,43,Male,Suburban,Monthly,46.64,24-12-2021,
CUST_6737,43,Female,Urban,Yearly,55.22,04-08-2019,
CUST_6738,20,Male,Rural,Yearly,57.81,30-09-2020,
CUST_6739,52,Female,Suburban,Monthly,65.57,21-10-2022,
CUST_6740,22,Female,Suburban,Prepaid,61.6,09-03-2020,
CUST_6741,43,Male,Urban,Yearly,50.62,09-04-2023,
CUST_6742,61,Female,Suburban,Monthly,64.15,13-03-2018,
CUST_6743,43,Female,Rural,Monthly,42.37,17-09-2020,
CUST_6744,37,Male,Rural,Prepaid,75.21,28-10-2018,
CUST_6745,43,Female,Suburban,Monthly,41.08,12-05-2018,
CUST_6746,37,Female,Rural,Prepaid,42.95,25-01-2023,
CUST_6747,43,Female,Rural,Prepaid,22.75,08-11-2022,
CUST_6748,56,Female,Urban,Prepaid,39.98,06-03-2018,
CUST_6749,21,Male,Suburban,Prepaid,45.99,29-05-2018,
CUST_6750,68,Male,Suburban,Monthly,45.92,04-03-2019,
CUST_6751,36,Male,Urban,Prepaid,75.24,16-05-2018,
CUST_6752,55,Female,Urban,Prepaid,58.77,11-09-2019,
CUST_6753,43,Male,Urban,Prepaid,64.09,05-11-2018,
CUST_6754,62,Male,Urban,Prepaid,50,25-05-2018,
CUST_6755,60,Male,Rural,Monthly,39.48,09-06-2021,
CUST_6756,30,Female,Rural,Prepaid,82.68,22-03-2021,
CUST_6757,43,Male,Urban,Prepaid,48.49,27-05-2020,
CUST_6758,39,Male,Suburban,Monthly,59.67,07-12-2018,
CUST_6759,43,Female,Suburban,Prepaid,35.79,03-10-2022,
CUST_6760,69,Female,Suburban,Prepaid,32.44,31-10-2019,
CUST_6761,64,Female,Urban,Yearly,72.44,25-07-2019,
CUST_6762,62,Female,Rural,Monthly,56.49,27-05-2022,
CUST_6763,43,Female,Rural,Yearly,46.66,19-11-2019,
CUST_6764,60,Female,Rural,Monthly,47.17,24-12-2021,
CUST_6765,43,Male,Rural,Yearly,34.47,12-08-2021,
CUST_6766,43,Male,Suburban,Prepaid,41.58,07-02-2018,
CUST_6767,43,Female,Suburban,Monthly,56.39,06-03-2019,
CUST_6768,25,Female,Rural,Monthly,50.68,14-02-2020,
CUST_6769,43,Male,Urban,Yearly,61.29,09-07-2019,
CUST_6770,43,Female,Rural,Monthly,8.89,15-04-2021,
CUST_6771,65,Female,Rural,Yearly,52.61,01-05-2018,
CUST_6772,68,Male,Urban,Monthly,61.7,15-04-2020,
CUST_6773,43,Female,Rural,Monthly,16.91,24-06-2023,
CUST_6774,40,Female,Suburban,Yearly,34.49,18-04-2023,
CUST_6775,43,Male,Urban,Yearly,28.31,17-10-2020,
CUST_6776,30,Male,Urban,Monthly,69.45,22-04-2018,
CUST_6777,45,Male,Rural,Prepaid,51.08,08-05-2020,
CUST_6778,26,Male,Suburban,Prepaid,52.12,25-02-2018,
CUST_6779,37,Male,Suburban,Prepaid,67.02,22-12-2018,
CUST_6780,43,Female,Suburban,Prepaid,48.34,11-01-2020,
CUST_6781,43,Female,Rural,Prepaid,40.25,07-01-2018,
CUST_6782,56,Female,Rural,Monthly,52.57,04-06-2018,
CUST_6783,68,Female,Suburban,Yearly,56.45,28-04-2019,
CUST_6784,29,Female,Rural,Prepaid,33.04,03-06-2020,
CUST_6785,32,Male,Suburban,Monthly,73.5,12-08-2019,
CUST_6786,48,Female,Rural,Prepaid,21.6,11-03-2018,
CUST_6787,31,Female,Urban,Yearly,54.9,21-11-2021,
CUST_6788,43,Female,Urban,Prepaid,75.11,30-10-2021,
CUST_6789,43,Female,Rural,Monthly,51.82,09-03-2019,
CUST_6790,59,Female,Rural,Yearly,19.18,19-12-2022,
CUST_6791,43,Male,Suburban,Prepaid,72.3,10-05-2018,
CUST_6792,43,Female,Urban,Monthly,42.78,16-07-2022,
CUST_6793,55,Female,Suburban,Yearly,61.71,25-11-2020,
CUST_6794,43,Female,Rural,Prepaid,56.28,30-12-2019,
CUST_6795,60,Female,Suburban,Yearly,49.76,19-06-2019,
CUST_6796,36,Female,Suburban,Yearly,19.12,24-01-2018,
CUST_6797,23,Female,Rural,Prepaid,56.1,30-09-2020,
CUST_6798,63,Male,Urban,Prepaid,61.07,31-05-2019,
CUST_6799,69,Female,Suburban,Monthly,25.99,14-03-2018,
CUST_6800,55,Male,Rural,Yearly,75.12,28-10-2020,
CUST_6801,66,Male,Suburban,Prepaid,44.21,14-01-2021,
CUST_6802,59,Female,Rural,Monthly,77.25,17-03-2021,
CUST_6803,45,Female,Rural,Prepaid,60.01,29-04-2022,
CUST_6804,43,Female,Rural,Yearly,50.36,16-03-2018,
CUST_6805,43,Male,Urban,Monthly,51.57,19-04-2019,
CUST_6806,43,Female,Urban,Monthly,64.77,29-11-2021,
CUST_6807,25,Female,Rural,Monthly,72.92,08-06-2021,
CUST_6808,43,Female,Urban,Yearly,35.42,05-01-2021,
CUST_6809,43,Male,Suburban,Prepaid,41.02,10-01-2018,
CUST_6810,24,Male,Urban,Monthly,74.87,21-07-2022,
CUST_6811,43,Female,Urban,Prepaid,36.77,25-05-2020,
CUST_6812,43,Male,Suburban,Monthly,50.33,22-04-2023,
CUST_6813,21,Female,Suburban,Monthly,39.69,11-05-2020,
CUST_6814,42,Male,Suburban,Monthly,61.09,13-05-2019,
CUST_6815,43,Female,Rural,Monthly,13.04,30-01-2018,
CUST_6816,43,Male,Suburban,Monthly,61.02,23-03-2022,
CUST_6817,55,Female,Suburban,Yearly,67.41,20-11-2020,
CUST_6818,63,Female,Suburban,Prepaid,59.86,23-04-2019,
CUST_6819,29,Male,Rural,Prepaid,37.53,24-05-2018,
CUST_6820,60,Male,Urban,Yearly,50.07,09-02-2018,
CUST_6821,43,Male,Rural,Yearly,39.84,02-11-2019,
CUST_6822,54,Male,Urban,Monthly,59.78,23-09-2022,
CUST_6823,63,Male,Suburban,Yearly,49.63,25-06-2022,
CUST_6824,41,Female,Rural,Monthly,63.18,09-06-2022,
CUST_6825,33,Female,Rural,Yearly,46.68,07-11-2020,
CUST_6826,30,Male,Urban,Monthly,45.92,18-05-2018,
CUST_6827,43,Female,Rural,Prepaid,74,26-03-2021,
CUST_6828,69,Female,Rural,Monthly,39.64,08-10-2022,
CUST_6829,21,Male,Urban,Yearly,59.7,21-04-2022,
CUST_6830,28,Female,Rural,Prepaid,61.76,27-09-2018,
CUST_6831,43,Female,Rural,Yearly,85.57,10-01-2019,
CUST_6832,43,Male,Suburban,Monthly,74.84,08-09-2019,
CUST_6833,24,Male,Suburban,Monthly,58.24,03-08-2019,
CUST_6834,43,Female,Suburban,Monthly,60.65,11-11-2020,
CUST_6835,43,Male,Suburban,Monthly,68.93,28-02-2022,
CUST_6836,45,Female,Suburban,Monthly,40.38,16-09-2018,
CUST_6837,43,Male,Rural,Prepaid,76.42,17-08-2020,
CUST_6838,43,Male,Rural,Yearly,49.53,30-06-2021,
CUST_6839,43,Male,Suburban,Monthly,60.23,24-11-2021,
CUST_6840,40,Male,Urban,Yearly,55.42,10-11-2020,
CUST_6841,43,Female,Suburban,Monthly,38.64,07-10-2019,
CUST_6842,45,Male,Rural,Monthly,44.29,25-06-2018,
CUST_6843,60,Male,Urban,Monthly,38.04,23-05-2023,
CUST_6844,43,Female,Suburban,Yearly,53.29,03-03-2021,
CUST_6845,43,Female,Urban,Prepaid,27.02,15-02-2020,
CUST_6846,42,Female,Suburban,Yearly,35.17,11-01-2019,
CUST_6847,46,Female,Rural,Monthly,43.35,08-09-2019,
CUST_6848,36,Male,Suburban,Yearly,47.63,11-01-2019,
CUST_6849,50,Female,Urban,Yearly,71.84,28-10-2022,
CUST_6850,53,Male,Rural,Monthly,64.92,26-05-2021,
CUST_6851,31,Female,Suburban,Monthly,48.24,10-10-2018,
CUST_6852,43,Male,Suburban,Monthly,77.22,04-03-2018,
CUST_6853,52,Female,Suburban,Yearly,55.03,05-07-2019,
CUST_6854,43,Male,Suburban,Monthly,60.11,15-04-2020,
CUST_6855,45,Male,Rural,Monthly,21.63,26-04-2022,
CUST_6856,34,Female,Rural,Monthly,35.87,07-01-2019,
CUST_6857,43,Male,Suburban,Monthly,65.71,14-07-2020,
CUST_6858,33,Male,Rural,Monthly,59.82,18-01-2019,
CUST_6859,43,Male,Urban,Prepaid,76.93,19-04-2022,
CUST_6860,43,Male,Rural,Prepaid,75.76,28-11-2021,
CUST_6861,69,Female,Urban,Yearly,42.04,11-09-2018,
CUST_6862,43,Male,Urban,Yearly,67.27,15-12-2020,
CUST_6863,62,Male,Rural,Prepaid,35.26,29-04-2019,
CUST_6864,43,Female,Suburban,Yearly,26.18,14-07-2019,
CUST_6865,63,Female,Rural,Prepaid,54.79,15-01-2022,
CUST_6866,43,Female,Urban,Monthly,61.48,07-11-2022,
CUST_6867,43,Male,Urban,Prepaid,55.02,08-06-2020,
CUST_6868,55,Male,Rural,Yearly,64.34,20-11-2019,
CUST_6869,43,Female,Urban,Yearly,41.28,26-09-2022,
CUST_6870,64,Male,Rural,Monthly,65.28,06-03-2018,
CUST_6871,69,Female,Rural,Prepaid,42.2,20-11-2018,
CUST_6872,43,Male,Suburban,Monthly,85.83,07-01-2021,
CUST_6873,40,Female,Urban,Monthly,62.84,16-07-2018,
CUST_6874,42,Male,Rural,Prepaid,73.66,23-11-2022,
CUST_6875,59,Female,Urban,Monthly,31.33,17-05-2019,
CUST_6876,43,Male,Rural,Monthly,43.69,21-01-2018,
CUST_6877,39,Female,Rural,Prepaid,48.71,26-12-2020,
CUST_6878,34,Male,Suburban,Prepaid,32.57,27-09-2022,
CUST_6879,43,Male,Rural,Monthly,74.22,01-08-2021,
CUST_6880,66,Male,Suburban,Monthly,50.85,25-09-2021,
CUST_6881,43,Female,Urban,Yearly,27.36,21-06-2023,
CUST_6882,27,Male,Suburban,Prepaid,42.55,20-07-2021,
CUST_6883,43,Male,Suburban,Monthly,33.15,20-07-2022,
CUST_6884,43,Male,Urban,Monthly,61.18,09-05-2018,
CUST_6885,43,Female,Suburban,Prepaid,59.11,14-03-2023,
CUST_6886,67,Male,Suburban,Monthly,59.71,18-11-2020,
CUST_6887,43,Female,Rural,Prepaid,64.71,06-08-2022,
CUST_6888,44,Male,Suburban,Prepaid,82.96,02-03-2019,
CUST_6889,43,Female,Rural,Monthly,77.22,21-03-2021,
CUST_6890,43,Female,Suburban,Monthly,43.28,19-11-2018,
CUST_6891,18,Male,Urban,Yearly,81.94,26-05-2019,
CUST_6892,61,Female,Urban,Prepaid,47,18-06-2021,
CUST_6893,51,Female,Suburban,Monthly,51.57,28-02-2023,
CUST_6894,21,Male,Rural,Prepaid,51.07,24-01-2022,
CUST_6895,43,Female,Suburban,Prepaid,59.97,08-10-2022,
CUST_6896,21,Female,Rural,Yearly,22,06-11-2021,
CUST_6897,60,Female,Suburban,Monthly,50.37,15-08-2018,
CUST_6898,43,Female,Urban,Prepaid,54.43,30-06-2018,
CUST_6899,21,Male,Urban,Monthly,24.73,14-05-2023,
CUST_6900,18,Female,Rural,Yearly,24.45,08-03-2022,
CUST_6901,24,Female,Suburban,Prepaid,37.61,23-06-2018,
CUST_6902,47,Male,Rural,Prepaid,38.89,18-12-2020,
CUST_6903,67,Male,Urban,Prepaid,50.64,21-12-2018,
CUST_6904,26,Female,Rural,Yearly,48,08-04-2022,
CUST_6905,52,Male,Suburban,Prepaid,67.61,03-02-2023,
CUST_6906,43,Male,Rural,Prepaid,44.3,30-11-2020,
CUST_6907,41,Male,Suburban,Monthly,44.58,24-03-2019,
CUST_6908,36,Male,Suburban,Monthly,65.06,12-06-2021,
CUST_6909,43,Male,Urban,Yearly,21.46,04-11-2018,
CUST_6910,67,Male,Suburban,Monthly,76.6,05-09-2021,
CUST_6911,69,Male,Suburban,Monthly,27.16,06-06-2018,
CUST_6912,43,Male,Suburban,Yearly,65.31,04-06-2020,
CUST_6913,43,Male,Rural,Prepaid,62.66,13-03-2021,
CUST_6914,43,Female,Urban,Prepaid,73.48,28-06-2020,
CUST_6915,31,Female,Rural,Monthly,39.28,02-05-2022,
CUST_6916,35,Female,Rural,Monthly,50.63,14-08-2018,
CUST_6917,43,Female,Urban,Monthly,32.73,14-10-2018,
CUST_6918,46,Female,Rural,Prepaid,49.08,12-10-2021,
CUST_6919,33,Male,Rural,Monthly,48.46,03-10-2022,
CUST_6920,52,Male,Suburban,Monthly,73.3,25-06-2021,
CUST_6921,43,Female,Rural,Yearly,58.06,07-03-2022,
CUST_6922,43,Female,Urban,Yearly,49.49,03-06-2018,
CUST_6923,21,Male,Rural,Prepaid,49.3,23-02-2020,
CUST_6924,54,Female,Suburban,Yearly,43.11,03-11-2021,
CUST_6925,43,Male,Rural,Prepaid,46.41,14-05-2018,
CUST_6926,56,Female,Urban,Yearly,51.23,04-02-2022,
CUST_6927,43,Male,Suburban,Monthly,79.08,05-02-2019,
CUST_6928,63,Female,Rural,Monthly,56.03,12-03-2021,
CUST_6929,43,Male,Urban,Monthly,34.47,28-09-2019,
CUST_6930,65,Female,Urban,Prepaid,89.12,16-06-2023,
CUST_6931,56,Female,Rural,Prepaid,65.52,31-03-2023,
CUST_6932,58,Male,Rural,Prepaid,64.58,03-04-2023,
CUST_6933,21,Male,Suburban,Yearly,46.76,08-03-2022,
CUST_6934,43,Female,Rural,Monthly,61.96,06-08-2022,
CUST_6935,47,Female,Suburban,Prepaid,54.56,24-04-2023,
CUST_6936,39,Male,Rural,Yearly,29.61,26-05-2021,
CUST_6937,28,Male,Urban,Prepaid,56.8,23-03-2022,
CUST_6938,43,Male,Urban,Yearly,31.18,16-06-2019,
CUST_6939,43,Female,Urban,Monthly,54.47,25-02-2018,
CUST_6940,29,Female,Urban,Monthly,55.87,03-11-2021,
CUST_6941,47,Male,Suburban,Prepaid,36.32,16-09-2020,
CUST_6942,43,Female,Urban,Yearly,51.76,03-03-2021,
CUST_6943,35,Female,Suburban,Prepaid,58.92,13-10-2018,
CUST_6944,43,Male,Suburban,Prepaid,42.31,19-07-2018,
CUST_6945,24,Female,Suburban,Monthly,56.86,11-05-2023,
CUST_6946,43,Male,Rural,Yearly,69.08,01-02-2020,
CUST_6947,43,Male,Suburban,Prepaid,62.63,16-04-2018,
CUST_6948,43,Female,Rural,Monthly,45.35,19-02-2018,
CUST_6949,43,Female,Suburban,Monthly,71.8,30-07-2021,
CUST_6950,62,Male,Rural,Monthly,61.29,29-06-2021,
CUST_6951,23,Male,Rural,Monthly,47.46,12-03-2023,
CUST_6952,23,Male,Urban,Prepaid,40.75,05-03-2020,
CUST_6953,61,Female,Suburban,Prepaid,59.28,24-08-2022,
CUST_6954,43,Male,Rural,Monthly,66.28,19-08-2022,
CUST_6955,43,Male,Urban,Prepaid,67.01,11-08-2020,
CUST_6956,43,Male,Suburban,Monthly,59.24,14-10-2021,
CUST_6957,36,Male,Urban,Prepaid,44.89,13-10-2022,
CUST_6958,54,Female,Rural,Monthly,58.52,16-10-2019,
CUST_6959,35,Female,Urban,Monthly,37.09,03-12-2018,
CUST_6960,48,Male,Urban,Yearly,54.35,23-06-2020,
CUST_6961,54,Female,Suburban,Monthly,76.97,06-12-2018,
CUST_6962,47,Female,Rural,Prepaid,34.89,30-06-2021,
CUST_6963,43,Female,Suburban,Prepaid,41.7,27-04-2020,
CUST_6964,50,Male,Suburban,Monthly,64.2,29-10-2019,
CUST_6965,27,Female,Urban,Monthly,36.85,14-08-2018,
CUST_6966,43,Female,Rural,Monthly,73.02,12-05-2019,
CUST_6967,29,Male,Suburban,Monthly,64.64,18-02-2020,
CUST_6968,47,Male,Rural,Yearly,65.27,24-06-2018,
CUST_6969,44,Female,Suburban,Yearly,67.07,19-05-2021,
CUST_6970,43,Female,Urban,Prepaid,30.61,07-11-2020,
CUST_6971,26,Male,Suburban,Monthly,33.78,26-02-2018,
CUST_6972,38,Male,Suburban,Prepaid,69.8,23-10-2022,
CUST_6973,29,Male,Suburban,Monthly,45.4,19-04-2023,
CUST_6974,46,Male,Rural,Monthly,48.92,19-09-2018,
CUST_6975,50,Female,Urban,Monthly,60.62,22-03-2019,
CUST_6976,60,Male,Rural,Prepaid,52.27,29-12-2020,
CUST_6977,43,Female,Suburban,Yearly,66.21,03-11-2020,
CUST_6978,19,Female,Urban,Prepaid,58.68,12-10-2022,
CUST_6979,69,Female,Rural,Prepaid,47.03,06-08-2020,
CUST_6980,56,Male,Suburban,Prepaid,48.58,19-05-2023,
CUST_6981,61,Male,Urban,Monthly,53.88,17-01-2018,
CUST_6982,43,Female,Urban,Prepaid,55.85,20-07-2019,
CUST_6983,20,Female,Suburban,Prepaid,62.07,19-11-2018,
CUST_6984,24,Female,Urban,Prepaid,52.48,29-03-2021,
CUST_6985,43,Female,Urban,Prepaid,48.73,15-06-2018,
CUST_6986,43,Female,Rural,Prepaid,47.3,02-03-2020,
CUST_6987,61,Male,Urban,Prepaid,43.52,25-11-2019,
CUST_6988,55,Male,Rural,Monthly,74.07,09-04-2023,
CUST_6989,54,Male,Rural,Monthly,36.9,18-03-2022,
CUST_6990,50,Female,Rural,Prepaid,31.09,06-04-2021,
CUST_6991,61,Female,Rural,Monthly,63.37,15-04-2023,
CUST_6992,48,Male,Urban,Prepaid,57.22,30-08-2019,
CUST_6993,28,Male,Urban,Prepaid,80.97,12-09-2022,
CUST_6994,21,Female,Rural,Monthly,48.75,06-01-2023,
CUST_6995,35,Male,Urban,Monthly,49.57,15-01-2020,
CUST_6996,21,Male,Rural,Yearly,37.65,17-07-2019,
CUST_6997,66,Male,Rural,Prepaid,51.51,19-05-2019,
CUST_6998,43,Female,Rural,Yearly,23.99,09-12-2019,
CUST_6999,43,Female,Suburban,Monthly,21.68,21-06-2021,
CUST_7000,41,Male,Urban,Yearly,41.85,25-04-2023,
CUST_7001,43,Female,Urban,Yearly,50.99,27-08-2020,
CUST_7002,43,Male,Rural,Prepaid,41.2,14-04-2019,
CUST_7003,61,Male,Urban,Prepaid,41.32,04-09-2019,
CUST_7004,23,Female,Rural,Monthly,27.38,15-11-2019,
CUST_7005,43,Female,Urban,Prepaid,59.47,23-04-2023,
CUST_7006,43,Female,Rural,Yearly,39.31,14-02-2022,
CUST_7007,38,Male,Rural,Prepaid,74.89,10-06-2019,
CUST_7008,33,Male,Suburban,Yearly,48.96,21-09-2018,
CUST_7009,48,Male,Rural,Prepaid,34.23,22-05-2020,
CUST_7010,31,Female,Suburban,Prepaid,15.41,07-08-2019,
CUST_7011,56,Male,Urban,Yearly,31.58,26-06-2020,
CUST_7012,43,Male,Urban,Prepaid,49.05,07-07-2020,
CUST_7013,43,Male,Suburban,Prepaid,14.36,20-09-2021,
CUST_7014,45,Male,Urban,Prepaid,38.11,16-04-2020,
CUST_7015,68,Female,Suburban,Yearly,42.02,22-09-2019,
CUST_7016,43,Female,Urban,Monthly,38.9,06-12-2020,
CUST_7017,43,Female,Suburban,Yearly,41.23,02-12-2022,
CUST_7018,62,Male,Suburban,Monthly,43.02,07-05-2021,
CUST_7019,39,Male,Rural,Prepaid,38.22,18-04-2020,
CUST_7020,49,Male,Urban,Prepaid,72.05,28-06-2021,
CUST_7021,43,Female,Rural,Prepaid,40.75,07-07-2019,
CUST_7022,43,Female,Suburban,Monthly,10.58,11-06-2023,
CUST_7023,22,Female,Rural,Monthly,25.46,14-09-2019,
CUST_7024,59,Female,Suburban,Prepaid,59.03,24-11-2019,
CUST_7025,49,Female,Urban,Prepaid,56.76,11-09-2020,
CUST_7026,27,Male,Urban,Prepaid,42.12,23-05-2021,
CUST_7027,56,Female,Urban,Prepaid,28.83,03-09-2020,
CUST_7028,32,Female,Suburban,Prepaid,60.67,06-03-2022,
CUST_7029,43,Female,Rural,Prepaid,26.19,18-02-2021,
CUST_7030,46,Male,Urban,Prepaid,55.6,06-04-2022,
CUST_7031,64,Female,Suburban,Yearly,43.56,04-11-2021,
CUST_7032,20,Female,Rural,Prepaid,57.49,23-09-2018,
CUST_7033,36,Female,Suburban,Yearly,42.4,16-04-2019,
CUST_7034,43,Male,Suburban,Monthly,71.9,23-08-2018,
CUST_7035,45,Male,Urban,Monthly,22.33,20-10-2022,
CUST_7036,43,Female,Suburban,Prepaid,58.63,18-07-2019,
CUST_7037,43,Female,Suburban,Monthly,44.81,08-01-2022,
CUST_7038,52,Female,Rural,Prepaid,39.44,07-08-2019,
CUST_7039,23,Female,Urban,Prepaid,68.83,02-06-2022,
CUST_7040,43,Male,Suburban,Yearly,34.74,17-05-2023,
CUST_7041,43,Female,Suburban,Monthly,53.51,21-09-2019,
CUST_7042,43,Male,Rural,Prepaid,51.83,26-10-2022,
CUST_7043,30,Female,Suburban,Monthly,31.54,08-03-2018,
CUST_7044,46,Male,Suburban,Prepaid,62.38,30-05-2023,
CUST_7045,36,Male,Suburban,Monthly,80.32,03-02-2023,
CUST_7046,43,Female,Suburban,Monthly,74.3,22-02-2022,
CUST_7047,43,Male,Suburban,Prepaid,55.96,23-06-2023,
CUST_7048,25,Female,Rural,Prepaid,46.58,29-05-2020,
CUST_7049,43,Male,Suburban,Monthly,62.24,03-02-2022,
CUST_7050,64,Male,Suburban,Monthly,64.52,23-05-2021,
CUST_7051,21,Female,Suburban,Monthly,51.36,15-03-2020,
CUST_7052,68,Female,Suburban,Monthly,14.15,04-03-2020,
CUST_7053,38,Male,Urban,Monthly,26.66,08-05-2018,
CUST_7054,20,Male,Urban,Prepaid,56.89,15-02-2023,
CUST_7055,62,Female,Urban,Yearly,54.87,04-06-2018,
CUST_7056,43,Female,Urban,Prepaid,43.07,24-08-2019,
CUST_7057,40,Female,Rural,Monthly,54.12,01-04-2021,
CUST_7058,33,Male,Urban,Yearly,28.03,17-02-2023,
CUST_7059,30,Female,Rural,Monthly,47.31,01-12-2021,
CUST_7060,20,Female,Urban,Monthly,44.96,13-08-2019,
CUST_7061,65,Male,Rural,Prepaid,20.54,11-01-2021,
CUST_7062,26,Female,Urban,Yearly,51.31,07-11-2018,
CUST_7063,43,Female,Suburban,Prepaid,27.12,06-11-2019,
CUST_7064,43,Female,Urban,Monthly,63.14,11-07-2020,
CUST_7065,24,Female,Urban,Prepaid,55.02,26-02-2019,
CUST_7066,32,Male,Urban,Prepaid,39.98,08-01-2018,
CUST_7067,24,Female,Suburban,Prepaid,34.73,09-04-2020,
CUST_7068,55,Female,Rural,Prepaid,29.12,26-06-2020,
CUST_7069,43,Female,Rural,Yearly,42.86,04-02-2021,
CUST_7070,58,Female,Suburban,Yearly,61.59,26-03-2023,
CUST_7071,39,Female,Urban,Monthly,44.92,20-06-2019,
CUST_7072,41,Female,Urban,Prepaid,47.42,28-03-2020,
CUST_7073,43,Male,Urban,Prepaid,33.42,20-12-2018,
CUST_7074,43,Male,Rural,Monthly,42.42,06-07-2022,
CUST_7075,61,Male,Rural,Prepaid,46.61,20-01-2018,
CUST_7076,43,Female,Suburban,Monthly,51.86,29-07-2019,
CUST_7077,43,Female,Suburban,Prepaid,47.36,26-03-2018,
CUST_7078,60,Female,Rural,Monthly,56.73,19-08-2019,
CUST_7079,43,Male,Urban,Yearly,59.82,05-02-2018,
CUST_7080,63,Female,Urban,Monthly,72.93,03-12-2020,
CUST_7081,25,Male,Urban,Yearly,53.3,23-05-2021,
CUST_7082,66,Female,Urban,Monthly,56.31,15-02-2021,
CUST_7083,42,Female,Suburban,Monthly,42.16,20-02-2023,
CUST_7084,67,Male,Suburban,Monthly,73.08,06-11-2021,
CUST_7085,29,Male,Rural,Prepaid,42.94,20-02-2021,
CUST_7086,42,Male,Suburban,Yearly,59.03,24-03-2020,
CUST_7087,34,Male,Urban,Monthly,42.61,25-04-2021,
CUST_7088,43,Male,Rural,Monthly,47.83,17-01-2020,
CUST_7089,43,Male,Suburban,Monthly,50.3,29-12-2019,
CUST_7090,43,Female,Suburban,Prepaid,20.7,13-05-2021,
CUST_7091,31,Male,Suburban,Yearly,52.98,13-07-2019,
CUST_7092,43,Female,Suburban,Prepaid,48.8,07-10-2020,
CUST_7093,43,Female,Suburban,Yearly,39.89,17-12-2022,
CUST_7094,43,Female,Urban,Prepaid,34.93,04-09-2022,
CUST_7095,60,Female,Urban,Prepaid,40.39,23-05-2022,
CUST_7096,23,Female,Urban,Monthly,34.06,18-04-2018,
CUST_7097,64,Male,Suburban,Yearly,42.49,11-12-2019,
CUST_7098,43,Male,Rural,Yearly,39.96,28-03-2018,
CUST_7099,43,Male,Urban,Yearly,44.77,15-02-2018,
CUST_7100,43,Female,Urban,Prepaid,61.42,12-12-2019,
CUST_7101,35,Male,Suburban,Prepaid,36.36,23-12-2019,
CUST_7102,30,Female,Rural,Monthly,41.25,07-10-2021,
CUST_7103,60,Female,Urban,Monthly,51.75,09-12-2018,
CUST_7104,31,Female,Urban,Monthly,35.3,21-03-2021,
CUST_7105,45,Female,Rural,Monthly,61.43,08-03-2020,
CUST_7106,35,Male,Suburban,Monthly,35.53,11-04-2022,
CUST_7107,45,Male,Rural,Monthly,52.02,22-10-2022,
CUST_7108,68,Male,Suburban,Yearly,65.93,12-12-2021,
CUST_7109,44,Male,Urban,Yearly,35.25,21-02-2021,
CUST_7110,43,Male,Rural,Monthly,38.01,18-12-2021,
CUST_7111,43,Female,Rural,Monthly,43.24,06-04-2018,
CUST_7112,26,Male,Urban,Monthly,50.29,13-08-2021,
CUST_7113,57,Female,Urban,Prepaid,48.05,24-10-2018,
CUST_7114,49,Female,Suburban,Prepaid,49.74,25-01-2023,
CUST_7115,43,Female,Urban,Prepaid,57.59,17-07-2021,
CUST_7116,45,Male,Urban,Prepaid,47.19,24-01-2019,
CUST_7117,50,Female,Rural,Prepaid,28.02,23-06-2019,
CUST_7118,21,Female,Suburban,Yearly,69.1,13-09-2021,
CUST_7119,63,Male,Urban,Monthly,56.47,01-05-2018,
CUST_7120,43,Female,Rural,Prepaid,30.89,30-09-2020,
CUST_7121,65,Female,Urban,Monthly,47.24,06-02-2019,
CUST_7122,43,Female,Urban,Monthly,61.78,21-06-2019,
CUST_7123,43,Male,Urban,Prepaid,36.37,03-11-2020,
CUST_7124,43,Female,Urban,Prepaid,63.87,14-08-2022,
CUST_7125,23,Female,Suburban,Yearly,177.35,25-12-2022,
CUST_7126,33,Male,Rural,Monthly,56.45,04-08-2020,
CUST_7127,41,Male,Rural,Monthly,11.58,18-08-2019,
CUST_7128,65,Female,Urban,Monthly,64.15,03-01-2018,
CUST_7129,43,Male,Rural,Prepaid,21.7,07-09-2018,
CUST_7130,47,Male,Urban,Monthly,67.87,18-05-2022,
CUST_7131,43,Male,Rural,Monthly,32.51,07-02-2020,
CUST_7132,30,Male,Suburban,Monthly,78.25,13-09-2021,
CUST_7133,22,Male,Suburban,Prepaid,51.54,22-02-2018,
CUST_7134,43,Male,Rural,Yearly,65.25,31-12-2021,
CUST_7135,37,Male,Urban,Prepaid,47.2,03-06-2020,
CUST_7136,35,Female,Urban,Monthly,27.17,28-03-2022,
CUST_7137,64,Male,Urban,Monthly,35.97,14-04-2021,
CUST_7138,35,Male,Urban,Monthly,56.99,18-12-2018,
CUST_7139,19,Male,Suburban,Monthly,93.51,25-07-2020,
CUST_7140,27,Female,Urban,Prepaid,71.63,29-05-2020,
CUST_7141,43,Male,Urban,Monthly,51.32,08-11-2020,
CUST_7142,67,Male,Urban,Prepaid,64.17,23-08-2022,
CUST_7143,64,Female,Urban,Prepaid,53.26,15-01-2018,
CUST_7144,29,Male,Suburban,Prepaid,46.52,03-03-2022,
CUST_7145,43,Female,Rural,Monthly,50.87,22-03-2020,
CUST_7146,43,Female,Rural,Prepaid,41.47,10-08-2018,
CUST_7147,43,Male,Urban,Prepaid,51.05,06-10-2019,
CUST_7148,43,Female,Urban,Monthly,55.39,18-06-2018,
CUST_7149,28,Male,Rural,Yearly,48.99,29-01-2022,
CUST_7150,36,Male,Suburban,Monthly,42.82,27-04-2022,
CUST_7151,43,Female,Suburban,Yearly,42.01,20-01-2019,
CUST_7152,56,Female,Suburban,Monthly,45.81,11-09-2020,
CUST_7153,43,Male,Suburban,Monthly,51.62,17-08-2021,
CUST_7154,63,Male,Suburban,Monthly,42.65,28-09-2021,
CUST_7155,31,Female,Suburban,Prepaid,57.84,15-02-2021,
CUST_7156,62,Male,Suburban,Prepaid,25.45,24-11-2019,
CUST_7157,61,Male,Suburban,Prepaid,53.08,21-07-2020,
CUST_7158,41,Male,Suburban,Prepaid,64.54,04-04-2020,
CUST_7159,58,Female,Urban,Monthly,76.49,19-04-2019,
CUST_7160,18,Male,Suburban,Monthly,48.82,07-07-2020,
CUST_7161,43,Male,Urban,Prepaid,59.69,10-06-2019,
CUST_7162,60,Male,Rural,Yearly,53.08,31-08-2022,
CUST_7163,39,Female,Urban,Monthly,65.22,29-07-2022,
CUST_7164,40,Female,Rural,Monthly,46.31,21-08-2019,
CUST_7165,36,Female,Urban,Yearly,57.35,20-12-2018,
CUST_7166,35,Male,Rural,Prepaid,17.42,06-02-2022,
CUST_7167,43,Female,Urban,Monthly,64.74,16-02-2020,
CUST_7168,43,Male,Urban,Prepaid,51.8,19-06-2021,
CUST_7169,43,Female,Rural,Monthly,39.47,02-04-2021,
CUST_7170,43,Male,Suburban,Yearly,54.03,01-07-2021,
CUST_7171,36,Female,Suburban,Monthly,71.09,15-10-2020,
CUST_7172,45,Male,Suburban,Prepaid,35.52,02-02-2018,
CUST_7173,69,Male,Suburban,Prepaid,36.47,04-02-2018,
CUST_7174,43,Female,Suburban,Prepaid,25.45,30-12-2021,
CUST_7175,43,Male,Urban,Monthly,36.49,25-07-2020,
CUST_7176,43,Female,Suburban,Prepaid,35.58,27-08-2022,
CUST_7177,52,Female,Urban,Prepaid,46.94,06-06-2018,
CUST_7178,43,Male,Rural,Monthly,50.62,17-03-2018,
CUST_7179,52,Male,Suburban,Prepaid,28.86,02-06-2019,
CUST_7180,57,Female,Suburban,Yearly,54.67,27-03-2020,
CUST_7181,33,Female,Suburban,Prepaid,53.71,12-06-2019,
CUST_7182,55,Female,Suburban,Prepaid,53.37,23-11-2019,
CUST_7183,30,Male,Urban,Prepaid,36.81,11-03-2021,
CUST_7184,43,Female,Urban,Yearly,78.8,12-02-2019,
CUST_7185,39,Male,Urban,Monthly,59.44,23-02-2022,
CUST_7186,43,Male,Rural,Prepaid,29.86,26-10-2020,
CUST_7187,45,Female,Urban,Monthly,26.05,17-08-2018,
CUST_7188,43,Female,Suburban,Monthly,37.84,09-02-2018,
CUST_7189,52,Male,Rural,Prepaid,51.32,31-12-2021,
CUST_7190,62,Male,Rural,Monthly,71.65,12-06-2019,
CUST_7191,43,Male,Suburban,Prepaid,39.82,02-12-2018,
CUST_7192,25,Male,Suburban,Prepaid,26.74,31-12-2018,
CUST_7193,43,Female,Suburban,Monthly,54.3,26-01-2018,
CUST_7194,39,Male,Suburban,Prepaid,42.93,22-08-2019,
CUST_7195,38,Female,Urban,Yearly,51.61,26-12-2018,
CUST_7196,43,Female,Rural,Prepaid,47.52,10-04-2019,
CUST_7197,43,Female,Suburban,Monthly,45.92,10-04-2018,
CUST_7198,38,Male,Urban,Prepaid,65.36,28-02-2020,
CUST_7199,42,Male,Suburban,Yearly,58.81,21-03-2022,
CUST_7200,43,Female,Urban,Prepaid,53.2,11-07-2020,
CUST_7201,18,Female,Suburban,Yearly,17.67,10-12-2020,
CUST_7202,43,Female,Suburban,Prepaid,46.18,19-08-2022,
CUST_7203,40,Female,Suburban,Monthly,62.94,09-08-2021,
CUST_7204,68,Male,Urban,Monthly,35.37,07-12-2020,
CUST_7205,40,Female,Suburban,Monthly,46.55,16-01-2022,
CUST_7206,60,Male,Urban,Prepaid,49.16,25-07-2018,
CUST_7207,60,Male,Urban,Yearly,53.37,06-06-2022,
CUST_7208,40,Male,Rural,Prepaid,43.82,05-05-2021,
CUST_7209,49,Male,Urban,Monthly,56.22,27-07-2019,
CUST_7210,47,Female,Urban,Monthly,55.69,15-01-2020,
CUST_7211,43,Male,Urban,Yearly,36.24,02-05-2022,
CUST_7212,43,Female,Urban,Monthly,38.14,28-12-2021,
CUST_7213,35,Male,Urban,Prepaid,52.55,02-04-2022,
CUST_7214,40,Female,Rural,Monthly,71.93,15-01-2022,
CUST_7215,32,Female,Suburban,Prepaid,65,21-02-2020,
CUST_7216,50,Female,Rural,Prepaid,41.47,09-09-2019,
CUST_7217,38,Female,Rural,Prepaid,37.92,14-02-2020,
CUST_7218,43,Female,Suburban,Yearly,44.28,21-05-2022,
CUST_7219,40,Male,Urban,Yearly,73.01,22-05-2022,
CUST_7220,43,Female,Suburban,Prepaid,49.75,18-01-2020,
CUST_7221,62,Male,Urban,Monthly,52.72,19-03-2018,
CUST_7222,43,Female,Suburban,Prepaid,37.62,08-06-2023,
CUST_7223,35,Male,Rural,Prepaid,50.35,19-02-2021,
CUST_7224,43,Male,Urban,Prepaid,27.2,20-11-2022,
CUST_7225,68,Male,Rural,Monthly,29.2,12-07-2021,
CUST_7226,64,Female,Urban,Yearly,51.19,10-05-2019,
CUST_7227,57,Male,Suburban,Prepaid,53.45,20-07-2020,
CUST_7228,43,Female,Suburban,Prepaid,43.72,13-12-2019,
CUST_7229,59,Female,Suburban,Prepaid,54.77,18-09-2020,
CUST_7230,43,Male,Suburban,Yearly,30.61,27-09-2018,
CUST_7231,67,Male,Suburban,Prepaid,44.78,25-06-2019,
CUST_7232,43,Female,Rural,Monthly,40.4,12-05-2021,
CUST_7233,43,Female,Rural,Yearly,48.69,08-06-2022,
CUST_7234,44,Female,Urban,Prepaid,45.43,08-04-2020,
CUST_7235,23,Female,Rural,Monthly,83.97,10-06-2022,
CUST_7236,44,Female,Urban,Prepaid,35.7,12-12-2018,
CUST_7237,26,Female,Urban,Yearly,49.93,10-02-2023,
CUST_7238,62,Male,Rural,Prepaid,91.81,25-05-2018,
CUST_7239,43,Female,Rural,Yearly,59.16,26-02-2018,
CUST_7240,43,Female,Urban,Yearly,49.41,29-06-2018,
CUST_7241,43,Male,Rural,Monthly,62.24,18-09-2018,
CUST_7242,43,Male,Rural,Monthly,59.46,22-08-2019,
CUST_7243,65,Male,Rural,Monthly,33.44,21-05-2022,
CUST_7244,62,Female,Suburban,Prepaid,26.76,26-06-2022,
CUST_7245,30,Male,Suburban,Prepaid,51.45,14-11-2019,
CUST_7246,66,Male,Urban,Prepaid,42.81,20-10-2020,
CUST_7247,40,Female,Rural,Monthly,84.11,27-04-2023,
CUST_7248,37,Female,Urban,Yearly,66.79,20-01-2020,
CUST_7249,43,Female,Rural,Yearly,66.78,30-01-2018,
CUST_7250,43,Female,Suburban,Monthly,14.45,03-03-2023,
CUST_7251,34,Male,Rural,Monthly,41.15,04-05-2021,
CUST_7252,45,Female,Rural,Yearly,49.84,16-06-2018,
CUST_7253,43,Male,Rural,Yearly,38.97,18-02-2019,
CUST_7254,19,Female,Suburban,Monthly,40.62,17-09-2019,
CUST_7255,43,Male,Suburban,Prepaid,46.14,29-05-2019,
CUST_7256,67,Female,Suburban,Monthly,51.87,30-12-2021,
CUST_7257,43,Female,Urban,Monthly,90.59,07-03-2021,
CUST_7258,23,Female,Rural,Monthly,39.92,04-06-2020,
CUST_7259,28,Male,Suburban,Yearly,62.68,31-01-2018,
CUST_7260,55,Male,Urban,Yearly,71.95,11-10-2019,
CUST_7261,23,Male,Suburban,Prepaid,35.07,22-10-2022,
CUST_7262,43,Female,Rural,Prepaid,80.19,12-06-2022,
CUST_7263,43,Male,Urban,Prepaid,53.53,11-04-2019,
CUST_7264,43,Female,Suburban,Prepaid,12.57,14-09-2022,
CUST_7265,43,Female,Suburban,Prepaid,68.33,24-10-2021,
CUST_7266,57,Female,Urban,Yearly,25.74,06-02-2023,
CUST_7267,43,Male,Urban,Monthly,71.87,16-02-2018,
CUST_7268,43,Female,Urban,Monthly,64.6,15-11-2020,
CUST_7269,50,Male,Urban,Prepaid,34.4,22-10-2018,
CUST_7270,43,Female,Urban,Monthly,44.15,02-12-2022,
CUST_7271,36,Female,Suburban,Yearly,60.27,23-11-2021,
CUST_7272,35,Female,Urban,Monthly,41.68,12-08-2021,
CUST_7273,66,Male,Urban,Prepaid,76.1,06-06-2022,
CUST_7274,69,Male,Rural,Yearly,63.72,20-07-2022,
CUST_7275,41,Female,Suburban,Prepaid,27.58,09-08-2022,
CUST_7276,62,Male,Rural,Monthly,47.37,02-01-2019,
CUST_7277,43,Male,Suburban,Prepaid,57.8,18-07-2018,
CUST_7278,43,Female,Suburban,Monthly,38.31,20-09-2021,
CUST_7279,53,Female,Suburban,Prepaid,66.38,09-08-2019,
CUST_7280,42,Male,Urban,Monthly,59.22,12-07-2020,
CUST_7281,62,Female,Rural,Monthly,60.77,02-09-2018,
CUST_7282,66,Female,Suburban,Prepaid,45.27,20-12-2019,
CUST_7283,43,Male,Suburban,Yearly,34.72,30-05-2023,
CUST_7284,51,Male,Suburban,Prepaid,68.26,02-08-2019,
CUST_7285,43,Female,Rural,Yearly,76.41,07-07-2021,
CUST_7286,33,Male,Suburban,Prepaid,65.5,30-03-2019,
CUST_7287,51,Male,Rural,Monthly,63.37,03-06-2018,
CUST_7288,46,Female,Rural,Monthly,50.94,19-04-2023,
CUST_7289,43,Female,Urban,Prepaid,39.37,02-02-2022,
CUST_7290,43,Female,Suburban,Prepaid,61.12,18-04-2019,
CUST_7291,36,Female,Suburban,Monthly,40.6,21-12-2021,
CUST_7292,43,Male,Rural,Yearly,65.03,07-01-2020,
CUST_7293,43,Male,Rural,Yearly,54.08,12-12-2021,
CUST_7294,68,Female,Urban,Prepaid,27.85,27-01-2021,
CUST_7295,26,Female,Suburban,Prepaid,50.84,23-10-2020,
CUST_7296,43,Female,Rural,Monthly,31.35,18-03-2019,
CUST_7297,59,Female,Suburban,Monthly,29.14,06-06-2023,
CUST_7298,36,Male,Suburban,Yearly,16.77,26-03-2023,
CUST_7299,50,Male,Suburban,Prepaid,29.77,19-07-2022,
CUST_7300,43,Female,Rural,Monthly,32.16,05-01-2022,
CUST_7301,33,Female,Suburban,Monthly,69.07,26-04-2018,
CUST_7302,61,Male,Rural,Prepaid,58.61,13-11-2022,
CUST_7303,57,Male,Urban,Monthly,79.99,11-04-2020,
CUST_7304,35,Male,Urban,Prepaid,47.08,18-10-2020,
CUST_7305,51,Male,Rural,Monthly,30.58,16-08-2018,
CUST_7306,42,Female,Suburban,Monthly,49.87,14-04-2023,
CUST_7307,43,Male,Urban,Prepaid,43.63,10-04-2021,
CUST_7308,43,Male,Urban,Prepaid,56.35,30-07-2021,
CUST_7309,38,Male,Rural,Yearly,28.64,13-09-2018,
CUST_7310,43,Female,Rural,Yearly,50.72,12-07-2021,
CUST_7311,49,Female,Rural,Yearly,70.22,08-04-2019,
CUST_7312,58,Male,Rural,Yearly,70.45,30-11-2018,
CUST_7313,65,Male,Rural,Prepaid,67.85,29-03-2019,
CUST_7314,43,Female,Rural,Prepaid,58.27,24-06-2020,
CUST_7315,56,Female,Rural,Prepaid,64.1,02-03-2019,
CUST_7316,48,Male,Suburban,Yearly,49.42,08-05-2018,
CUST_7317,59,Female,Suburban,Monthly,56.31,17-12-2021,
CUST_7318,43,Male,Suburban,Monthly,48.07,24-12-2020,
CUST_7319,43,Female,Suburban,Yearly,41.8,03-11-2018,
CUST_7320,69,Male,Urban,Monthly,53.86,12-08-2020,
CUST_7321,43,Male,Suburban,Prepaid,75.51,26-08-2020,
CUST_7322,43,Female,Urban,Prepaid,54.18,21-08-2022,
CUST_7323,43,Male,Urban,Prepaid,57.25,06-03-2023,
CUST_7324,26,Female,Urban,Prepaid,61.66,31-05-2022,
CUST_7325,48,Female,Rural,Prepaid,54.84,19-04-2023,
CUST_7326,32,Female,Urban,Monthly,46.7,04-01-2023,
CUST_7327,21,Male,Urban,Prepaid,61.71,06-05-2022,
CUST_7328,57,Male,Urban,Monthly,39.01,18-04-2020,
CUST_7329,26,Male,Rural,Monthly,67.65,01-04-2021,
CUST_7330,62,Female,Suburban,Yearly,68.9,09-11-2021,
CUST_7331,43,Male,Suburban,Monthly,49.29,07-06-2020,
CUST_7332,43,Male,Urban,Yearly,40.07,18-04-2019,
CUST_7333,43,Male,Urban,Prepaid,82.01,19-10-2018,
CUST_7334,34,Male,Suburban,Prepaid,39.47,04-02-2023,
CUST_7335,33,Female,Suburban,Monthly,45.58,25-02-2020,
CUST_7336,32,Male,Suburban,Prepaid,19.86,31-05-2022,
CUST_7337,52,Female,Suburban,Monthly,70.63,09-01-2019,
CUST_7338,43,Female,Urban,Prepaid,28.46,22-02-2020,
CUST_7339,43,Female,Urban,Monthly,57.31,11-11-2021,
CUST_7340,43,Female,Urban,Yearly,54.56,22-01-2019,
CUST_7341,43,Male,Suburban,Prepaid,48.83,28-04-2020,
CUST_7342,32,Male,Rural,Yearly,41.87,03-06-2022,
CUST_7343,43,Male,Suburban,Prepaid,56.61,25-01-2019,
CUST_7344,43,Female,Suburban,Prepaid,76.14,01-10-2021,
CUST_7345,19,Male,Rural,Monthly,46.21,10-05-2022,
CUST_7346,43,Female,Rural,Yearly,25.17,14-03-2023,
CUST_7347,43,Male,Suburban,Monthly,22.83,18-06-2022,
CUST_7348,21,Male,Rural,Monthly,47.18,28-07-2022,
CUST_7349,59,Male,Rural,Prepaid,43.15,20-01-2023,
CUST_7350,43,Female,Rural,Prepaid,47.43,28-09-2020,
CUST_7351,43,Male,Suburban,Prepaid,54.29,19-09-2019,
CUST_7352,48,Female,Suburban,Prepaid,42.75,18-06-2021,
CUST_7353,58,Female,Rural,Yearly,91.4,14-10-2022,
CUST_7354,25,Female,Urban,Yearly,55.74,08-08-2021,
CUST_7355,43,Male,Rural,Prepaid,63.53,07-10-2018,
CUST_7356,65,Male,Rural,Monthly,47.65,05-02-2019,
CUST_7357,63,Female,Suburban,Monthly,47.76,05-11-2021,
CUST_7358,26,Female,Urban,Prepaid,41.09,10-03-2020,
CUST_7359,47,Female,Rural,Prepaid,51.13,16-10-2022,
CUST_7360,28,Female,Urban,Monthly,27.14,06-06-2019,
CUST_7361,43,Female,Suburban,Monthly,25.9,25-02-2023,
CUST_7362,54,Male,Urban,Prepaid,40.7,17-01-2020,
CUST_7363,43,Male,Suburban,Yearly,35.8,01-09-2021,
CUST_7364,43,Male,Rural,Monthly,40.7,11-07-2021,
CUST_7365,43,Female,Suburban,Prepaid,44.95,04-07-2019,
CUST_7366,43,Female,Urban,Prepaid,45.66,04-07-2021,
CUST_7367,29,Male,Urban,Monthly,62.19,05-03-2023,
CUST_7368,43,Male,Urban,Monthly,61.59,19-11-2021,
CUST_7369,27,Female,Rural,Monthly,49.57,08-04-2022,
CUST_7370,26,Female,Urban,Prepaid,79.78,14-12-2021,
CUST_7371,43,Female,Urban,Prepaid,43,28-11-2021,
CUST_7372,24,Male,Urban,Prepaid,62.49,12-07-2021,
CUST_7373,19,Female,Suburban,Prepaid,57.58,10-12-2019,
CUST_7374,40,Female,Urban,Monthly,46.74,11-09-2021,
CUST_7375,56,Female,Suburban,Prepaid,48.05,23-11-2021,
CUST_7376,57,Male,Urban,Prepaid,43.38,10-01-2018,
CUST_7377,56,Female,Suburban,Prepaid,61.38,26-10-2021,
CUST_7378,43,Male,Suburban,Monthly,68.73,04-09-2018,
CUST_7379,40,Female,Rural,Monthly,50.55,26-11-2018,
CUST_7380,43,Female,Rural,Yearly,21.99,21-07-2022,
CUST_7381,31,Male,Suburban,Yearly,58.19,19-10-2022,
CUST_7382,43,Female,Suburban,Monthly,47.31,13-03-2022,
CUST_7383,68,Male,Rural,Prepaid,34.17,15-03-2019,
CUST_7384,43,Female,Suburban,Monthly,51.13,05-03-2019,
CUST_7385,48,Male,Rural,Prepaid,44.78,29-11-2018,
CUST_7386,43,Female,Rural,Monthly,33.55,03-10-2022,
CUST_7387,43,Male,Urban,Monthly,46.68,13-08-2018,
CUST_7388,67,Male,Urban,Monthly,71.17,21-03-2022,
CUST_7389,37,Female,Rural,Prepaid,52.13,01-09-2020,
CUST_7390,61,Male,Rural,Yearly,50.39,16-12-2019,
CUST_7391,43,Female,Suburban,Monthly,56.7,05-12-2020,
CUST_7392,62,Male,Rural,Monthly,53.53,04-05-2022,
CUST_7393,19,Female,Rural,Prepaid,45.79,14-06-2018,
CUST_7394,43,Female,Urban,Prepaid,52.93,19-04-2019,
CUST_7395,30,Female,Rural,Prepaid,51.26,04-03-2022,
CUST_7396,56,Female,Suburban,Prepaid,17.79,30-11-2022,
CUST_7397,45,Male,Rural,Monthly,57.94,23-05-2019,
CUST_7398,59,Female,Urban,Yearly,50.67,21-02-2022,
CUST_7399,23,Female,Urban,Prepaid,58.12,25-04-2023,
CUST_7400,20,Female,Urban,Monthly,49.71,09-03-2018,
CUST_7401,52,Female,Urban,Prepaid,44.74,16-04-2020,
CUST_7402,35,Female,Rural,Prepaid,35.69,11-09-2018,
CUST_7403,28,Male,Suburban,Yearly,52.42,03-12-2019,
CUST_7404,37,Female,Suburban,Monthly,52.36,27-04-2023,
CUST_7405,22,Male,Suburban,Monthly,70.25,11-05-2023,
CUST_7406,36,Male,Rural,Prepaid,42.76,07-04-2019,
CUST_7407,39,Female,Rural,Prepaid,66.15,27-08-2019,
CUST_7408,36,Female,Rural,Prepaid,61.92,20-03-2023,
CUST_7409,43,Male,Suburban,Prepaid,38.46,09-12-2019,
CUST_7410,33,Male,Rural,Prepaid,29.25,15-06-2020,
CUST_7411,43,Male,Rural,Monthly,65.22,16-06-2019,
CUST_7412,58,Female,Urban,Prepaid,56.89,02-02-2023,
CUST_7413,43,Male,Urban,Prepaid,62.31,24-07-2020,
CUST_7414,43,Male,Suburban,Monthly,52.23,29-03-2020,
CUST_7415,42,Female,Urban,Yearly,34.66,07-09-2020,
CUST_7416,61,Male,Urban,Yearly,52.7,19-12-2021,
CUST_7417,52,Female,Urban,Yearly,59.77,23-01-2022,
CUST_7418,31,Male,Rural,Prepaid,16.61,07-05-2018,
CUST_7419,66,Female,Urban,Prepaid,57.2,23-05-2019,
CUST_7420,36,Male,Urban,Yearly,62.43,05-12-2022,
CUST_7421,43,Female,Urban,Yearly,63.98,23-04-2019,
CUST_7422,43,Female,Rural,Monthly,56.86,11-05-2022,
CUST_7423,24,Male,Suburban,Prepaid,43.69,28-09-2019,
CUST_7424,47,Female,Rural,Prepaid,49.02,21-12-2018,
CUST_7425,36,Male,Rural,Yearly,27.84,02-09-2018,
CUST_7426,43,Female,Urban,Prepaid,65.76,04-02-2020,
CUST_7427,42,Female,Suburban,Monthly,61.88,10-05-2019,
CUST_7428,33,Female,Urban,Yearly,44.99,28-09-2020,
CUST_7429,43,Female,Urban,Monthly,58.95,24-12-2021,
CUST_7430,57,Female,Suburban,Prepaid,59.31,04-07-2021,
CUST_7431,68,Female,Suburban,Prepaid,33.54,09-07-2021,
CUST_7432,25,Female,Rural,Prepaid,80.53,25-12-2021,
CUST_7433,35,Male,Suburban,Monthly,37.41,30-03-2023,
CUST_7434,45,Male,Rural,Monthly,18.2,18-04-2022,
CUST_7435,43,Female,Rural,Prepaid,56.03,23-02-2023,
CUST_7436,43,Female,Urban,Prepaid,55.05,19-06-2018,
CUST_7437,43,Female,Urban,Prepaid,44.08,21-06-2022,
CUST_7438,59,Male,Urban,Yearly,53.15,02-06-2022,
CUST_7439,34,Female,Suburban,Yearly,38.23,07-01-2023,
CUST_7440,43,Male,Suburban,Prepaid,24.39,22-10-2021,
CUST_7441,30,Female,Rural,Yearly,64.63,01-06-2020,
CUST_7442,24,Female,Rural,Monthly,54.58,20-05-2023,
CUST_7443,44,Female,Rural,Monthly,44.43,22-09-2022,
CUST_7444,27,Female,Suburban,Monthly,76.18,14-03-2023,
CUST_7445,51,Female,Rural,Monthly,45.58,26-08-2022,
CUST_7446,43,Male,Rural,Prepaid,58.89,25-10-2022,
CUST_7447,43,Female,Suburban,Monthly,35.31,17-09-2021,
CUST_7448,23,Male,Urban,Yearly,16.9,15-02-2021,
CUST_7449,41,Male,Suburban,Prepaid,59.22,18-08-2021,
CUST_7450,35,Female,Rural,Prepaid,58.77,10-12-2020,
CUST_7451,40,Female,Urban,Prepaid,78.72,29-06-2018,
CUST_7452,23,Female,Suburban,Prepaid,33.13,11-04-2019,
CUST_7453,46,Male,Urban,Prepaid,24.84,04-11-2021,
CUST_7454,43,Male,Urban,Monthly,40.79,22-09-2018,
CUST_7455,34,Male,Rural,Prepaid,58.31,03-08-2018,
CUST_7456,43,Female,Suburban,Prepaid,17.16,24-07-2022,
CUST_7457,41,Male,Rural,Yearly,51.2,28-04-2021,
CUST_7458,43,Male,Suburban,Monthly,43.07,04-10-2021,
CUST_7459,43,Male,Suburban,Prepaid,44.01,13-05-2020,
CUST_7460,68,Female,Suburban,Prepaid,36.84,08-06-2023,
CUST_7461,51,Male,Urban,Monthly,66.65,12-01-2022,
CUST_7462,45,Male,Urban,Monthly,26.08,29-09-2021,
CUST_7463,20,Female,Rural,Prepaid,64.22,19-11-2019,
CUST_7464,28,Female,Suburban,Yearly,57.26,18-01-2018,
CUST_7465,43,Female,Suburban,Monthly,42.83,09-01-2020,
CUST_7466,31,Male,Urban,Yearly,73.12,13-04-2023,
CUST_7467,43,Male,Suburban,Prepaid,21.68,11-08-2019,
CUST_7468,43,Male,Rural,Prepaid,64.98,10-05-2023,
CUST_7469,65,Female,Suburban,Prepaid,33.49,02-02-2020,
CUST_7470,38,Male,Suburban,Prepaid,43.13,08-10-2019,
CUST_7471,56,Female,Urban,Prepaid,54.67,01-04-2022,
CUST_7472,47,Female,Suburban,Prepaid,65.7,25-02-2018,
CUST_7473,25,Male,Rural,Monthly,35.66,07-04-2023,
CUST_7474,68,Male,Rural,Prepaid,58.56,21-03-2020,
CUST_7475,43,Male,Rural,Prepaid,43.42,05-07-2020,
CUST_7476,65,Female,Rural,Yearly,37.19,17-07-2018,
CUST_7477,49,Female,Urban,Prepaid,25.33,12-12-2022,
CUST_7478,39,Male,Suburban,Monthly,44.3,29-03-2019,
CUST_7479,24,Female,Urban,Monthly,30.8,01-06-2018,
CUST_7480,26,Male,Rural,Yearly,31.66,12-12-2021,
CUST_7481,43,Male,Suburban,Yearly,42.7,07-03-2020,
CUST_7482,18,Male,Urban,Monthly,46.43,08-06-2020,
CUST_7483,46,Female,Suburban,Yearly,41.77,28-02-2018,
CUST_7484,25,Female,Rural,Monthly,51.04,08-06-2019,
CUST_7485,43,Male,Rural,Monthly,75.28,09-01-2022,
CUST_7486,52,Male,Suburban,Prepaid,39.94,17-04-2019,
CUST_7487,20,Female,Suburban,Monthly,36.6,16-04-2021,
CUST_7488,62,Male,Rural,Monthly,35.96,28-01-2021,
CUST_7489,57,Female,Urban,Monthly,8.2,16-02-2018,
CUST_7490,24,Male,Rural,Monthly,40.48,22-08-2019,
CUST_7491,44,Female,Suburban,Prepaid,76.72,20-12-2021,
CUST_7492,18,Male,Urban,Prepaid,51.05,15-08-2020,
CUST_7493,44,Female,Rural,Monthly,43.94,30-03-2018,
CUST_7494,33,Male,Suburban,Prepaid,57.88,13-12-2020,
CUST_7495,55,Female,Suburban,Prepaid,43.55,21-07-2019,
CUST_7496,43,Female,Suburban,Monthly,68.58,14-02-2021,
CUST_7497,43,Female,Urban,Yearly,48.12,20-04-2020,
CUST_7498,40,Female,Urban,Prepaid,70.98,23-03-2018,
CUST_7499,43,Male,Urban,Monthly,53.94,25-04-2023,
CUST_7500,43,Female,Urban,Prepaid,57.94,17-02-2018,
CUST_7501,59,Female,Suburban,Prepaid,47.72,15-01-2020,
CUST_7502,50,Male,Suburban,Prepaid,64.54,25-08-2021,
CUST_7503,43,Female,Urban,Monthly,75.45,02-03-2019,
CUST_7504,53,Male,Urban,Monthly,58.05,15-11-2018,
CUST_7505,43,Female,Suburban,Prepaid,47.28,08-07-2019,
CUST_7506,58,Female,Rural,Monthly,64.62,27-06-2020,
CUST_7507,34,Female,Rural,Monthly,42.94,25-11-2020,
CUST_7508,52,Female,Suburban,Prepaid,71.25,25-03-2022,
CUST_7509,65,Female,Urban,Monthly,42.39,28-07-2020,
CUST_7510,22,Female,Urban,Prepaid,48.91,06-08-2018,
CUST_7511,65,Male,Suburban,Prepaid,63.05,11-03-2018,
CUST_7512,49,Male,Rural,Monthly,19.34,12-08-2019,
CUST_7513,43,Female,Suburban,Monthly,54.72,29-09-2019,
CUST_7514,69,Female,Suburban,Yearly,52.39,21-01-2018,
CUST_7515,64,Male,Suburban,Prepaid,43.02,21-02-2019,
CUST_7516,52,Male,Urban,Prepaid,45.14,25-02-2023,
CUST_7517,43,Female,Urban,Yearly,37.32,06-07-2018,
CUST_7518,31,Female,Urban,Prepaid,35.57,29-04-2020,
CUST_7519,43,Female,Rural,Monthly,43.78,24-10-2020,
CUST_7520,48,Female,Suburban,Yearly,35.06,13-06-2022,
CUST_7521,48,Female,Suburban,Monthly,57.65,11-03-2019,
CUST_7522,43,Female,Rural,Prepaid,39.21,14-01-2020,
CUST_7523,43,Male,Urban,Yearly,61.98,27-08-2021,
CUST_7524,69,Female,Suburban,Monthly,35.8,20-04-2021,
CUST_7525,40,Female,Rural,Monthly,30.68,29-05-2020,
CUST_7526,35,Male,Urban,Monthly,46.71,17-09-2019,
CUST_7527,67,Male,Urban,Prepaid,32.64,08-05-2019,
CUST_7528,43,Male,Suburban,Prepaid,47.94,04-09-2018,
CUST_7529,43,Male,Urban,Yearly,38.17,08-08-2021,
CUST_7530,32,Female,Rural,Prepaid,31.08,02-06-2023,
CUST_7531,32,Male,Urban,Monthly,31.28,11-10-2022,
CUST_7532,23,Male,Suburban,Monthly,67.61,17-05-2022,
CUST_7533,44,Female,Rural,Prepaid,60.52,07-10-2018,
CUST_7534,32,Male,Urban,Monthly,30.34,16-05-2018,
CUST_7535,43,Male,Urban,Yearly,38.11,22-08-2021,
CUST_7536,53,Female,Urban,Prepaid,72.29,11-02-2018,
CUST_7537,25,Female,Rural,Monthly,49.56,23-11-2019,
CUST_7538,43,Female,Urban,Monthly,44.85,19-09-2018,
CUST_7539,20,Female,Suburban,Monthly,51.61,11-05-2019,
CUST_7540,64,Female,Rural,Prepaid,53.95,06-04-2018,
CUST_7541,30,Female,Rural,Monthly,49.84,03-05-2020,
CUST_7542,58,Female,Urban,Yearly,37.96,24-09-2020,
CUST_7543,51,Male,Rural,Prepaid,20.17,05-01-2021,
CUST_7544,41,Male,Suburban,Monthly,49.7,26-02-2023,
CUST_7545,57,Female,Rural,Yearly,22.26,28-06-2021,
CUST_7546,49,Male,Suburban,Monthly,42.67,31-05-2018,
CUST_7547,43,Female,Urban,Monthly,40.17,20-03-2018,
CUST_7548,47,Male,Rural,Yearly,39.13,23-11-2019,
CUST_7549,69,Female,Suburban,Prepaid,56.37,29-09-2018,
CUST_7550,66,Male,Urban,Monthly,46.8,09-05-2019,
CUST_7551,30,Female,Suburban,Monthly,57.1,09-07-2018,
CUST_7552,18,Male,Rural,Prepaid,23.05,14-06-2019,
CUST_7553,43,Female,Rural,Monthly,61.35,30-10-2022,
CUST_7554,43,Male,Suburban,Prepaid,63.8,17-06-2020,
CUST_7555,61,Male,Urban,Prepaid,49.25,30-09-2022,
CUST_7556,43,Female,Urban,Prepaid,79.04,03-01-2021,
CUST_7557,46,Male,Urban,Prepaid,60.13,31-12-2021,
CUST_7558,51,Male,Urban,Prepaid,49.49,10-03-2020,
CUST_7559,35,Male,Suburban,Yearly,71.48,07-07-2021,
CUST_7560,24,Male,Rural,Prepaid,51.26,28-02-2018,
CUST_7561,46,Male,Suburban,Monthly,36.15,14-06-2021,
CUST_7562,48,Female,Rural,Monthly,62.17,20-01-2019,
CUST_7563,43,Female,Rural,Prepaid,72.7,28-12-2020,
CUST_7564,55,Male,Suburban,Yearly,26.99,16-10-2018,
CUST_7565,31,Female,Suburban,Yearly,43.05,26-02-2020,
CUST_7566,25,Male,Urban,Prepaid,42.36,06-06-2023,
CUST_7567,44,Female,Rural,Yearly,30.87,28-03-2018,
CUST_7568,19,Male,Urban,Monthly,45.77,05-05-2019,
CUST_7569,34,Male,Urban,Prepaid,38.26,13-07-2022,
CUST_7570,54,Male,Suburban,Monthly,56.31,21-01-2020,
CUST_7571,31,Male,Urban,Monthly,57.41,22-11-2022,
CUST_7572,43,Female,Urban,Monthly,52.08,06-11-2021,
CUST_7573,47,Female,Urban,Monthly,53.17,16-08-2019,
CUST_7574,46,Female,Suburban,Prepaid,72.57,20-11-2018,
CUST_7575,37,Male,Urban,Yearly,80.23,08-05-2022,
CUST_7576,43,Female,Urban,Yearly,59.13,12-05-2020,
CUST_7577,39,Female,Suburban,Monthly,42.41,31-12-2019,
CUST_7578,43,Male,Suburban,Prepaid,54.19,11-01-2018,
CUST_7579,54,Male,Suburban,Monthly,50.46,24-01-2020,
CUST_7580,33,Male,Rural,Monthly,60.24,04-06-2019,
CUST_7581,67,Female,Suburban,Yearly,36.73,12-10-2022,
CUST_7582,43,Female,Rural,Yearly,61.18,16-03-2023,
CUST_7583,43,Male,Suburban,Yearly,51.23,11-08-2019,
CUST_7584,43,Female,Suburban,Monthly,48.73,05-08-2020,
CUST_7585,43,Male,Suburban,Yearly,49.33,30-04-2019,
CUST_7586,43,Female,Rural,Prepaid,70.22,13-02-2023,
CUST_7587,43,Male,Urban,Prepaid,91.03,06-08-2022,
CUST_7588,38,Female,Suburban,Prepaid,51.77,06-09-2018,
CUST_7589,56,Female,Rural,Yearly,39.03,30-05-2018,
CUST_7590,51,Female,Suburban,Yearly,49.83,01-08-2020,
CUST_7591,47,Male,Urban,Prepaid,54.63,06-07-2019,
CUST_7592,23,Male,Rural,Prepaid,52.42,02-01-2019,
CUST_7593,34,Male,Suburban,Yearly,52.55,27-10-2022,
CUST_7594,43,Female,Suburban,Monthly,47.35,21-09-2018,
CUST_7595,42,Male,Suburban,Monthly,70.22,12-06-2020,
CUST_7596,22,Female,Urban,Monthly,45.95,04-07-2019,
CUST_7597,43,Male,Rural,Monthly,62.07,12-11-2018,
CUST_7598,37,Male,Suburban,Yearly,27.35,02-04-2020,
CUST_7599,33,Female,Suburban,Prepaid,41.5,03-11-2020,
CUST_7600,68,Female,Rural,Prepaid,54.4,29-06-2019,
CUST_7601,58,Male,Urban,Prepaid,49.53,27-07-2020,
CUST_7602,43,Male,Urban,Prepaid,68.25,08-10-2019,
CUST_7603,43,Female,Urban,Monthly,54.04,08-12-2020,
CUST_7604,26,Female,Urban,Yearly,69.87,06-12-2022,
CUST_7605,43,Male,Urban,Monthly,57.3,24-05-2018,
CUST_7606,59,Female,Suburban,Yearly,37.75,09-04-2022,
CUST_7607,43,Male,Suburban,Yearly,47.11,17-03-2021,
CUST_7608,26,Male,Suburban,Monthly,48.05,04-01-2020,
CUST_7609,43,Male,Rural,Monthly,69.16,22-02-2021,
CUST_7610,53,Female,Urban,Monthly,46.29,14-06-2022,
CUST_7611,43,Male,Rural,Prepaid,47.95,29-10-2019,
CUST_7612,39,Male,Urban,Monthly,44.01,26-08-2020,
CUST_7613,43,Female,Urban,Monthly,51.83,04-09-2019,
CUST_7614,51,Female,Rural,Monthly,59.78,05-06-2023,
CUST_7615,46,Female,Suburban,Monthly,60.52,21-06-2019,
CUST_7616,55,Male,Rural,Prepaid,45.3,12-11-2021,
CUST_7617,63,Female,Suburban,Monthly,19.98,21-10-2019,
CUST_7618,50,Female,Urban,Prepaid,54.14,07-08-2020,
CUST_7619,43,Male,Suburban,Prepaid,51.52,03-06-2019,
CUST_7620,24,Male,Urban,Monthly,52.29,15-09-2019,
CUST_7621,43,Male,Urban,Prepaid,50.09,08-08-2022,
CUST_7622,50,Male,Suburban,Yearly,54.58,31-05-2018,
CUST_7623,18,Female,Urban,Prepaid,19.76,26-05-2018,
CUST_7624,43,Male,Suburban,Monthly,52.19,27-09-2019,
CUST_7625,43,Female,Rural,Monthly,35.09,10-06-2018,
CUST_7626,43,Male,Urban,Prepaid,67.77,16-12-2018,
CUST_7627,35,Male,Urban,Monthly,51.85,22-03-2019,
CUST_7628,44,Female,Rural,Monthly,39.14,13-12-2019,
CUST_7629,43,Female,Urban,Prepaid,32.27,25-12-2021,
CUST_7630,49,Female,Rural,Prepaid,37.16,10-10-2022,
CUST_7631,50,Male,Rural,Monthly,40.36,20-04-2023,
CUST_7632,45,Male,Urban,Prepaid,50.6,08-09-2022,
CUST_7633,43,Female,Rural,Monthly,32.1,14-08-2019,
CUST_7634,43,Female,Rural,Yearly,53.63,08-08-2022,
CUST_7635,53,Male,Rural,Prepaid,65.04,16-10-2019,
CUST_7636,23,Female,Urban,Monthly,66.55,27-02-2021,
CUST_7637,33,Female,Rural,Monthly,44.24,21-05-2020,
CUST_7638,51,Male,Suburban,Monthly,49.58,06-11-2019,
CUST_7639,40,Female,Suburban,Prepaid,40.07,27-06-2021,
CUST_7640,67,Male,Rural,Monthly,31.9,26-12-2019,
CUST_7641,59,Male,Suburban,Prepaid,41.92,07-06-2023,
CUST_7642,43,Male,Urban,Prepaid,22.92,25-10-2018,
CUST_7643,66,Female,Rural,Monthly,20.37,24-10-2021,
CUST_7644,30,Female,Urban,Prepaid,54.54,02-06-2023,
CUST_7645,35,Female,Suburban,Prepaid,53.79,17-03-2020,
CUST_7646,30,Female,Suburban,Prepaid,68.3,27-11-2022,
CUST_7647,43,Male,Suburban,Prepaid,71.53,26-02-2022,
CUST_7648,54,Male,Suburban,Prepaid,52.73,01-12-2022,
CUST_7649,43,Female,Urban,Prepaid,35.85,09-02-2019,
CUST_7650,43,Female,Rural,Prepaid,35.8,20-07-2018,
CUST_7651,43,Female,Urban,Monthly,34.4,22-04-2023,
CUST_7652,34,Female,Rural,Prepaid,53.78,29-10-2018,
CUST_7653,32,Male,Suburban,Monthly,38.73,07-04-2019,
CUST_7654,43,Female,Suburban,Prepaid,28.92,25-11-2020,
CUST_7655,43,Male,Suburban,Monthly,56.31,19-07-2019,
CUST_7656,68,Female,Suburban,Prepaid,62.9,28-04-2018,
CUST_7657,47,Female,Urban,Yearly,38.8,05-04-2018,
CUST_7658,51,Female,Rural,Monthly,49.48,01-07-2020,
CUST_7659,21,Male,Rural,Prepaid,71.92,06-12-2022,
CUST_7660,20,Female,Suburban,Prepaid,64,27-01-2023,
CUST_7661,43,Male,Urban,Monthly,36.16,02-11-2020,
CUST_7662,43,Male,Suburban,Yearly,73.31,13-12-2018,
CUST_7663,43,Female,Rural,Monthly,60.78,15-11-2022,
CUST_7664,43,Male,Rural,Monthly,74.38,20-03-2023,
CUST_7665,43,Male,Urban,Prepaid,47.3,20-02-2020,
CUST_7666,43,Male,Rural,Prepaid,37.18,15-05-2019,
CUST_7667,39,Female,Urban,Prepaid,49.41,08-06-2019,
CUST_7668,18,Male,Suburban,Prepaid,28.84,08-06-2018,
CUST_7669,43,Male,Suburban,Prepaid,62.42,31-12-2018,
CUST_7670,63,Female,Urban,Prepaid,41.71,16-03-2020,
CUST_7671,66,Female,Suburban,Monthly,55.86,04-01-2022,
CUST_7672,69,Male,Urban,Monthly,82.45,11-02-2021,
CUST_7673,43,Male,Suburban,Prepaid,42.68,27-08-2020,
CUST_7674,60,Male,Suburban,Yearly,50,27-08-2022,
CUST_7675,46,Male,Rural,Prepaid,42.99,28-07-2021,
CUST_7676,38,Female,Rural,Prepaid,47.82,13-01-2023,
CUST_7677,43,Female,Urban,Monthly,46.48,12-12-2021,
CUST_7678,31,Male,Suburban,Monthly,65,04-04-2019,
CUST_7679,43,Female,Suburban,Yearly,63.33,11-07-2019,
CUST_7680,43,Male,Suburban,Prepaid,46.59,26-12-2021,
CUST_7681,29,Female,Rural,Prepaid,51.8,19-01-2020,
CUST_7682,59,Female,Urban,Monthly,44.98,03-02-2023,
CUST_7683,43,Male,Urban,Prepaid,71.23,20-03-2021,
CUST_7684,68,Male,Urban,Prepaid,11.7,19-05-2023,
CUST_7685,43,Male,Suburban,Monthly,38.23,06-10-2018,
CUST_7686,37,Male,Urban,Prepaid,56.39,20-10-2018,
CUST_7687,41,Female,Rural,Prepaid,62.67,04-02-2021,
CUST_7688,44,Female,Rural,Prepaid,69.04,27-08-2022,
CUST_7689,43,Male,Urban,Prepaid,50,17-01-2021,
CUST_7690,43,Female,Suburban,Prepaid,41.15,19-11-2022,
CUST_7691,18,Female,Rural,Monthly,49.59,23-07-2021,
CUST_7692,66,Male,Rural,Prepaid,64.53,16-07-2018,
CUST_7693,66,Male,Suburban,Yearly,40.78,01-08-2022,
CUST_7694,43,Female,Suburban,Prepaid,49.08,04-12-2022,
CUST_7695,64,Male,Urban,Yearly,45.5,28-06-2021,
CUST_7696,43,Male,Rural,Monthly,68.7,14-09-2018,
CUST_7697,36,Female,Rural,Prepaid,32.57,04-06-2022,
CUST_7698,43,Female,Urban,Prepaid,12.14,26-01-2020,
CUST_7699,52,Male,Urban,Prepaid,48.15,17-01-2019,
CUST_7700,43,Female,Rural,Monthly,59.3,08-10-2020,
CUST_7701,46,Male,Rural,Prepaid,42.34,05-07-2019,
CUST_7702,39,Male,Suburban,Monthly,22.46,07-03-2019,
CUST_7703,43,Female,Suburban,Monthly,59.74,25-03-2018,
CUST_7704,37,Female,Rural,Monthly,43.33,19-09-2020,
CUST_7705,43,Male,Rural,Monthly,53.38,04-12-2018,
CUST_7706,68,Male,Suburban,Prepaid,45.58,27-10-2020,
CUST_7707,43,Male,Urban,Yearly,16.84,09-08-2020,
CUST_7708,43,Female,Urban,Monthly,54.87,19-06-2020,
CUST_7709,51,Male,Rural,Yearly,58.54,01-08-2019,
CUST_7710,18,Female,Rural,Prepaid,47.08,26-12-2021,
CUST_7711,43,Male,Suburban,Yearly,33.09,28-06-2018,
CUST_7712,47,Female,Rural,Yearly,77.59,22-03-2022,
CUST_7713,43,Male,Urban,Monthly,55.86,10-05-2019,
CUST_7714,43,Female,Suburban,Monthly,29.5,27-01-2022,
CUST_7715,34,Male,Suburban,Yearly,84.5,02-01-2023,
CUST_7716,55,Male,Urban,Yearly,40.82,07-04-2022,
CUST_7717,31,Male,Urban,Monthly,69.98,30-08-2020,
CUST_7718,40,Male,Suburban,Prepaid,59.83,03-02-2022,
CUST_7719,42,Female,Rural,Yearly,55.33,20-11-2022,
CUST_7720,43,Female,Urban,Prepaid,70.86,20-03-2019,
CUST_7721,43,Female,Suburban,Prepaid,22.65,12-11-2022,
CUST_7722,43,Female,Rural,Yearly,58.59,15-07-2018,
CUST_7723,20,Female,Rural,Yearly,44.93,15-08-2021,
CUST_7724,43,Male,Suburban,Yearly,86.1,01-03-2023,
CUST_7725,43,Female,Urban,Monthly,21.06,09-06-2022,
CUST_7726,51,Female,Rural,Monthly,54.68,16-02-2022,
CUST_7727,43,Female,Urban,Yearly,55.74,09-01-2020,
CUST_7728,67,Female,Suburban,Prepaid,41.01,14-07-2021,
CUST_7729,18,Male,Urban,Monthly,46.11,13-04-2022,
CUST_7730,43,Male,Rural,Monthly,43.06,24-12-2022,
CUST_7731,38,Male,Suburban,Prepaid,35.42,10-10-2021,
CUST_7732,46,Male,Rural,Prepaid,36.03,28-05-2022,
CUST_7733,23,Female,Rural,Prepaid,47.59,21-03-2022,
CUST_7734,54,Female,Suburban,Monthly,60.13,27-04-2020,
CUST_7735,18,Male,Suburban,Prepaid,40.17,28-10-2020,
CUST_7736,68,Male,Urban,Monthly,14.92,23-11-2022,
CUST_7737,18,Female,Suburban,Monthly,48.59,28-05-2020,
CUST_7738,43,Female,Urban,Monthly,54.26,14-04-2021,
CUST_7739,38,Male,Suburban,Prepaid,46.34,01-08-2019,
CUST_7740,33,Male,Rural,Monthly,50.64,21-06-2019,
CUST_7741,61,Male,Urban,Prepaid,63.83,08-10-2018,
CUST_7742,57,Male,Suburban,Prepaid,48.98,07-10-2021,
CUST_7743,43,Female,Urban,Prepaid,62.25,12-09-2021,
CUST_7744,33,Female,Urban,Monthly,54.65,10-05-2023,
CUST_7745,45,Female,Urban,Prepaid,35.9,15-05-2018,
CUST_7746,18,Male,Rural,Prepaid,66.74,26-08-2019,
CUST_7747,43,Female,Suburban,Prepaid,29.78,26-09-2021,
CUST_7748,27,Female,Suburban,Yearly,18.64,13-11-2021,
CUST_7749,43,Male,Urban,Yearly,51.5,19-08-2018,
CUST_7750,34,Male,Suburban,Prepaid,58.99,25-04-2021,
CUST_7751,43,Male,Rural,Prepaid,57.96,16-02-2021,
CUST_7752,24,Male,Urban,Yearly,31.89,14-08-2022,
CUST_7753,43,Male,Rural,Prepaid,52.19,12-10-2018,
CUST_7754,43,Male,Rural,Prepaid,25.08,21-03-2021,
CUST_7755,61,Female,Suburban,Prepaid,55.24,11-07-2019,
CUST_7756,32,Female,Suburban,Yearly,51.33,03-03-2022,
CUST_7757,51,Female,Urban,Monthly,58.15,14-02-2021,
CUST_7758,63,Female,Rural,Prepaid,61.83,08-03-2020,
CUST_7759,62,Female,Suburban,Prepaid,57.99,25-11-2022,
CUST_7760,43,Female,Urban,Yearly,30.03,08-03-2021,
CUST_7761,31,Male,Urban,Monthly,42.36,05-01-2019,
CUST_7762,43,Male,Suburban,Monthly,32.91,16-12-2022,
CUST_7763,33,Male,Rural,Prepaid,11.89,06-08-2021,
CUST_7764,24,Female,Urban,Monthly,61.16,16-11-2018,
CUST_7765,43,Female,Suburban,Prepaid,59.55,24-04-2018,
CUST_7766,36,Male,Urban,Monthly,36.11,25-03-2021,
CUST_7767,19,Male,Suburban,Prepaid,38.23,11-05-2021,
CUST_7768,27,Male,Urban,Prepaid,49.51,19-04-2021,
CUST_7769,43,Male,Rural,Monthly,41.75,25-05-2018,
CUST_7770,43,Male,Urban,Yearly,66.51,05-03-2021,
CUST_7771,54,Female,Suburban,Prepaid,44.22,17-06-2019,
CUST_7772,29,Female,Suburban,Prepaid,37.35,21-03-2019,
CUST_7773,23,Female,Suburban,Monthly,56.47,28-01-2023,
CUST_7774,39,Male,Rural,Monthly,36.36,17-08-2018,
CUST_7775,49,Female,Suburban,Monthly,60.6,30-01-2023,
CUST_7776,58,Male,Suburban,Monthly,49.12,19-09-2021,
CUST_7777,37,Female,Rural,Prepaid,63.66,14-07-2020,
CUST_7778,43,Male,Suburban,Monthly,64.97,26-08-2021,
CUST_7779,64,Male,Suburban,Prepaid,30.44,26-11-2020,
CUST_7780,23,Female,Rural,Yearly,50.98,12-10-2018,
CUST_7781,43,Female,Urban,Monthly,49.31,19-05-2020,
CUST_7782,35,Female,Suburban,Monthly,48.28,09-08-2020,
CUST_7783,43,Female,Urban,Prepaid,67.39,23-05-2022,
CUST_7784,43,Female,Rural,Prepaid,49.77,17-07-2020,
CUST_7785,43,Male,Suburban,Monthly,29.21,24-03-2022,
CUST_7786,43,Female,Suburban,Prepaid,43.11,30-04-2020,
CUST_7787,43,Female,Rural,Yearly,39.5,09-06-2021,
CUST_7788,43,Male,Suburban,Monthly,43.82,14-05-2023,
CUST_7789,30,Female,Urban,Prepaid,49.78,01-06-2022,
CUST_7790,24,Male,Urban,Prepaid,39.53,01-01-2022,
CUST_7791,32,Female,Rural,Monthly,59.18,30-03-2020,
CUST_7792,61,Female,Suburban,Prepaid,72.8,18-03-2023,
CUST_7793,44,Male,Suburban,Monthly,52.65,20-08-2022,
CUST_7794,43,Female,Rural,Monthly,61.82,07-08-2019,
CUST_7795,50,Female,Urban,Prepaid,35.08,26-04-2022,
CUST_7796,32,Female,Urban,Monthly,62.83,27-12-2021,
CUST_7797,43,Female,Rural,Monthly,70.56,18-03-2021,
CUST_7798,62,Male,Suburban,Yearly,68.36,21-04-2023,
CUST_7799,43,Male,Urban,Monthly,41.25,10-11-2020,
CUST_7800,22,Female,Suburban,Monthly,68.58,13-12-2018,
CUST_7801,19,Female,Urban,Prepaid,76.4,02-06-2021,
CUST_7802,43,Male,Suburban,Prepaid,41.59,30-03-2019,
CUST_7803,33,Male,Urban,Prepaid,60.52,31-12-2019,
CUST_7804,40,Female,Suburban,Monthly,41.37,14-03-2018,
CUST_7805,43,Male,Rural,Prepaid,29.66,30-06-2022,
CUST_7806,43,Male,Urban,Monthly,46.79,23-06-2022,
CUST_7807,31,Male,Rural,Prepaid,41.57,11-08-2021,
CUST_7808,46,Male,Urban,Monthly,47.96,22-06-2023,
CUST_7809,43,Female,Urban,Monthly,11.25,23-12-2022,
CUST_7810,52,Male,Urban,Monthly,55.76,24-06-2020,
CUST_7811,32,Female,Suburban,Yearly,46.52,01-07-2022,
CUST_7812,20,Female,Urban,Monthly,61.26,25-12-2018,
CUST_7813,40,Male,Rural,Prepaid,43.12,09-09-2022,
CUST_7814,46,Female,Suburban,Monthly,75.99,02-11-2022,
CUST_7815,51,Female,Suburban,Monthly,43.44,19-11-2021,
CUST_7816,50,Male,Urban,Monthly,51.69,03-10-2022,
CUST_7817,43,Male,Suburban,Yearly,35.27,28-01-2022,
CUST_7818,43,Male,Urban,Prepaid,51.45,25-04-2022,
CUST_7819,40,Female,Rural,Yearly,54.03,13-04-2019,
CUST_7820,43,Female,Suburban,Prepaid,41.51,10-04-2018,
CUST_7821,20,Female,Suburban,Monthly,61.39,03-01-2020,
CUST_7822,49,Female,Rural,Prepaid,41.57,31-03-2020,
CUST_7823,43,Male,Rural,Prepaid,67.01,18-10-2021,
CUST_7824,35,Female,Urban,Yearly,29.45,16-02-2023,
CUST_7825,43,Male,Suburban,Monthly,49.02,18-04-2023,
CUST_7826,24,Male,Rural,Yearly,89.42,26-10-2018,
CUST_7827,58,Male,Suburban,Prepaid,14.1,31-05-2021,
CUST_7828,43,Male,Rural,Monthly,64.31,12-08-2022,
CUST_7829,31,Female,Suburban,Monthly,54.75,04-04-2023,
CUST_7830,69,Male,Rural,Prepaid,45.4,23-07-2021,
CUST_7831,49,Female,Suburban,Prepaid,66.49,08-12-2018,
CUST_7832,43,Male,Urban,Prepaid,56.41,01-05-2020,
CUST_7833,43,Male,Suburban,Yearly,45.57,02-09-2018,
CUST_7834,43,Male,Urban,Monthly,38.95,20-05-2022,
CUST_7835,24,Female,Urban,Prepaid,43.65,16-10-2022,
CUST_7836,43,Male,Urban,Prepaid,46.31,19-08-2018,
CUST_7837,43,Male,Suburban,Prepaid,47.36,13-05-2022,
CUST_7838,43,Male,Suburban,Monthly,38.07,19-07-2018,
CUST_7839,53,Male,Urban,Yearly,52.24,30-06-2020,
CUST_7840,38,Female,Rural,Monthly,40.23,18-04-2020,
CUST_7841,43,Female,Suburban,Prepaid,52.04,29-01-2023,
CUST_7842,43,Male,Suburban,Monthly,78.68,25-04-2022,
CUST_7843,27,Male,Suburban,Yearly,62.81,16-05-2018,
CUST_7844,43,Female,Suburban,Monthly,49.42,20-03-2020,
CUST_7845,43,Female,Urban,Yearly,32.28,19-04-2018,
CUST_7846,59,Female,Rural,Prepaid,52.13,02-10-2018,
CUST_7847,43,Male,Rural,Monthly,76.79,11-10-2022,
CUST_7848,43,Female,Rural,Monthly,34.88,01-06-2018,
CUST_7849,33,Male,Rural,Monthly,17.08,15-04-2023,
CUST_7850,43,Female,Urban,Monthly,54.73,03-12-2021,
CUST_7851,43,Female,Suburban,Prepaid,73.06,14-06-2021,
CUST_7852,43,Male,Suburban,Prepaid,68.22,14-08-2018,
CUST_7853,43,Female,Urban,Yearly,74.83,03-08-2019,
CUST_7854,43,Male,Suburban,Prepaid,30.68,15-10-2022,
CUST_7855,34,Female,Urban,Yearly,44.02,11-02-2018,
CUST_7856,43,Male,Rural,Monthly,55.53,23-06-2021,
CUST_7857,67,Female,Urban,Monthly,15.36,06-01-2018,
CUST_7858,43,Female,Suburban,Yearly,49.59,02-09-2018,
CUST_7859,53,Male,Suburban,Monthly,42.02,24-07-2020,
CUST_7860,67,Male,Suburban,Monthly,46.3,21-04-2019,
CUST_7861,24,Male,Rural,Prepaid,54.01,14-06-2021,
CUST_7862,30,Male,Urban,Yearly,44.94,18-07-2022,
CUST_7863,32,Female,Urban,Monthly,33.65,16-05-2021,
CUST_7864,42,Female,Suburban,Monthly,60.58,05-03-2020,
CUST_7865,43,Female,Urban,Monthly,33.49,23-03-2018,
CUST_7866,39,Female,Suburban,Prepaid,48.31,27-04-2018,
CUST_7867,43,Female,Urban,Yearly,37.52,29-04-2019,
CUST_7868,43,Female,Rural,Prepaid,60.25,08-04-2019,
CUST_7869,43,Male,Rural,Prepaid,26.39,21-03-2021,
CUST_7870,27,Female,Urban,Prepaid,48.52,26-11-2021,
CUST_7871,42,Female,Rural,Prepaid,54.61,28-01-2018,
CUST_7872,54,Male,Rural,Monthly,54.16,20-02-2023,
CUST_7873,65,Female,Rural,Prepaid,66.11,05-07-2022,
CUST_7874,60,Female,Suburban,Prepaid,62.41,19-11-2021,
CUST_7875,55,Female,Urban,Prepaid,56.79,26-03-2023,
CUST_7876,58,Male,Urban,Monthly,20.12,20-02-2020,
CUST_7877,62,Male,Suburban,Monthly,58.63,16-04-2023,
CUST_7878,43,Female,Suburban,Monthly,68.14,16-12-2018,
CUST_7879,57,Male,Rural,Monthly,38.35,13-01-2023,
CUST_7880,63,Female,Urban,Monthly,67.43,25-06-2021,
CUST_7881,43,Female,Suburban,Prepaid,63.57,14-10-2021,
CUST_7882,34,Female,Rural,Yearly,39.44,28-06-2018,
CUST_7883,41,Male,Urban,Prepaid,42.09,08-08-2022,
CUST_7884,43,Female,Rural,Prepaid,35.57,16-04-2022,
CUST_7885,43,Female,Urban,Monthly,65.89,09-07-2021,
CUST_7886,49,Female,Rural,Monthly,39.73,19-09-2018,
CUST_7887,41,Female,Urban,Yearly,40.02,15-06-2023,
CUST_7888,26,Female,Urban,Prepaid,46.48,29-03-2023,
CUST_7889,21,Male,Urban,Monthly,33.1,18-05-2022,
CUST_7890,43,Female,Urban,Monthly,57.33,28-06-2019,
CUST_7891,34,Male,Rural,Prepaid,45.55,14-08-2020,
CUST_7892,67,Female,Suburban,Prepaid,66.47,14-04-2020,
CUST_7893,43,Male,Urban,Monthly,62.77,22-11-2018,
CUST_7894,43,Female,Urban,Prepaid,74.46,06-09-2020,
CUST_7895,57,Female,Urban,Prepaid,26.47,22-07-2018,
CUST_7896,43,Male,Urban,Prepaid,30.84,29-09-2018,
CUST_7897,43,Male,Rural,Prepaid,50.05,05-02-2018,
CUST_7898,43,Female,Suburban,Prepaid,51.76,27-11-2022,
CUST_7899,35,Male,Suburban,Prepaid,45.66,12-06-2023,
CUST_7900,46,Male,Suburban,Prepaid,74.61,23-04-2018,
CUST_7901,41,Female,Rural,Yearly,43.99,19-12-2022,
CUST_7902,43,Female,Suburban,Prepaid,57.01,01-05-2022,
CUST_7903,62,Female,Rural,Monthly,55.05,28-10-2018,
CUST_7904,34,Female,Rural,Yearly,40.92,13-02-2020,
CUST_7905,35,Female,Urban,Yearly,56.98,08-03-2023,
CUST_7906,59,Male,Rural,Prepaid,49.94,28-03-2019,
CUST_7907,65,Female,Suburban,Prepaid,68.58,31-08-2019,
CUST_7908,43,Male,Suburban,Monthly,67.45,02-07-2022,
CUST_7909,43,Female,Suburban,Yearly,12.19,06-12-2020,
CUST_7910,62,Female,Urban,Prepaid,26.93,26-04-2023,
CUST_7911,35,Male,Urban,Prepaid,47.82,17-03-2018,
CUST_7912,43,Female,Urban,Yearly,62.95,26-02-2021,
CUST_7913,43,Male,Rural,Monthly,51.85,07-08-2021,
CUST_7914,43,Male,Suburban,Monthly,56.22,23-01-2021,
CUST_7915,66,Male,Rural,Monthly,91.84,13-04-2020,
CUST_7916,46,Female,Rural,Prepaid,40.66,28-02-2018,
CUST_7917,43,Female,Suburban,Monthly,56.63,01-10-2020,
CUST_7918,21,Female,Urban,Monthly,52.47,22-01-2018,
CUST_7919,43,Female,Suburban,Monthly,62.88,21-06-2020,
CUST_7920,37,Female,Rural,Yearly,64.25,12-11-2019,
CUST_7921,64,Female,Rural,Monthly,58.33,14-05-2020,
CUST_7922,60,Male,Urban,Prepaid,71.02,27-02-2023,
CUST_7923,61,Female,Rural,Monthly,70.1,15-01-2019,
CUST_7924,26,Female,Rural,Monthly,56.21,03-02-2018,
CUST_7925,43,Female,Suburban,Monthly,48.42,20-05-2022,
CUST_7926,32,Female,Urban,Prepaid,54.35,22-02-2020,
CUST_7927,44,Male,Suburban,Monthly,25.09,21-07-2022,
CUST_7928,32,Male,Suburban,Monthly,42.11,04-05-2020,
CUST_7929,45,Male,Suburban,Monthly,35.51,14-04-2022,
CUST_7930,54,Male,Rural,Yearly,63.35,16-06-2023,
CUST_7931,36,Male,Rural,Prepaid,70.26,30-03-2019,
CUST_7932,43,Female,Urban,Prepaid,59.92,07-08-2021,
CUST_7933,43,Male,Rural,Monthly,48.06,08-09-2021,
CUST_7934,43,Male,Urban,Yearly,38.91,16-06-2021,
CUST_7935,42,Female,Suburban,Prepaid,63.15,09-07-2021,
CUST_7936,43,Female,Suburban,Prepaid,65.68,28-01-2023,
CUST_7937,43,Male,Rural,Yearly,48.57,22-02-2023,
CUST_7938,43,Female,Rural,Yearly,50.9,17-09-2018,
CUST_7939,43,Female,Urban,Yearly,44.74,03-08-2018,
CUST_7940,43,Male,Rural,Prepaid,56.24,30-08-2018,
CUST_7941,43,Female,Rural,Yearly,44.17,18-02-2021,
CUST_7942,43,Male,Rural,Monthly,48.82,09-01-2019,
CUST_7943,20,Male,Suburban,Monthly,32.44,04-09-2018,
CUST_7944,19,Female,Rural,Prepaid,53.93,19-01-2022,
CUST_7945,50,Male,Rural,Monthly,76.27,29-05-2021,
CUST_7946,59,Male,Suburban,Prepaid,55.21,15-04-2019,
CUST_7947,43,Female,Suburban,Prepaid,65.64,24-11-2022,
CUST_7948,34,Female,Suburban,Monthly,61.45,06-10-2018,
CUST_7949,61,Female,Suburban,Prepaid,48.17,11-03-2023,
CUST_7950,43,Female,Rural,Prepaid,49.79,25-05-2018,
CUST_7951,43,Male,Rural,Prepaid,41.78,10-03-2020,
CUST_7952,66,Female,Rural,Monthly,64.68,05-05-2019,
CUST_7953,20,Female,Urban,Prepaid,57.02,05-03-2018,
CUST_7954,60,Male,Suburban,Monthly,65.04,09-08-2018,
CUST_7955,66,Male,Rural,Monthly,51.61,14-03-2022,
CUST_7956,43,Male,Rural,Monthly,23.16,16-11-2019,
CUST_7957,52,Male,Rural,Monthly,39.18,16-07-2018,
CUST_7958,25,Female,Suburban,Monthly,65.02,28-06-2020,
CUST_7959,69,Female,Suburban,Prepaid,47.05,01-10-2019,
CUST_7960,43,Male,Suburban,Prepaid,65.94,25-10-2021,
CUST_7961,24,Male,Rural,Monthly,71.16,11-02-2021,
CUST_7962,63,Male,Suburban,Yearly,63.95,19-02-2020,
CUST_7963,43,Male,Rural,Prepaid,63.38,03-05-2023,
CUST_7964,53,Female,Urban,Monthly,9.68,05-05-2022,
CUST_7965,33,Male,Suburban,Yearly,46.49,18-12-2022,
CUST_7966,43,Female,Suburban,Yearly,49.91,05-03-2018,
CUST_7967,18,Male,Rural,Prepaid,63.42,24-02-2018,
CUST_7968,66,Female,Suburban,Monthly,51.7,26-01-2022,
CUST_7969,43,Female,Suburban,Prepaid,27.57,10-06-2020,
CUST_7970,43,Female,Rural,Monthly,27.91,01-04-2021,
CUST_7971,33,Female,Rural,Prepaid,42.73,13-02-2020,
CUST_7972,43,Male,Rural,Monthly,90.32,28-10-2019,
CUST_7973,43,Female,Urban,Yearly,54.21,04-08-2021,
CUST_7974,46,Male,Rural,Yearly,57.68,24-05-2023,
CUST_7975,43,Female,Suburban,Yearly,27.89,28-02-2022,
CUST_7976,45,Female,Urban,Prepaid,66.55,21-10-2022,
CUST_7977,23,Male,Rural,Prepaid,45.24,24-11-2021,
CUST_7978,43,Male,Urban,Monthly,72.57,28-01-2022,
CUST_7979,37,Female,Urban,Monthly,31.36,13-04-2023,
CUST_7980,33,Female,Suburban,Prepaid,48.59,19-07-2020,
CUST_7981,43,Male,Urban,Prepaid,42.33,13-02-2019,
CUST_7982,43,Female,Rural,Yearly,59.53,18-03-2021,
CUST_7983,43,Male,Urban,Yearly,64.7,24-02-2023,
CUST_7984,43,Male,Urban,Prepaid,40.55,04-12-2020,
CUST_7985,43,Male,Suburban,Prepaid,62.08,02-08-2020,
CUST_7986,43,Female,Suburban,Monthly,71.28,29-05-2022,
CUST_7987,43,Female,Rural,Yearly,64.71,21-12-2019,
CUST_7988,24,Male,Suburban,Monthly,41.39,29-07-2022,
CUST_7989,50,Male,Rural,Yearly,43.64,06-03-2023,
CUST_7990,43,Male,Rural,Monthly,46.81,15-02-2023,
CUST_7991,43,Male,Suburban,Yearly,64.2,11-04-2020,
CUST_7992,37,Female,Urban,Monthly,56.44,19-03-2019,
CUST_7993,43,Male,Suburban,Yearly,31.13,18-06-2019,
CUST_7994,43,Female,Urban,Yearly,49.76,30-10-2022,
CUST_7995,21,Male,Urban,Prepaid,74.53,24-01-2020,
CUST_7996,43,Female,Rural,Prepaid,64.79,08-06-2020,
CUST_7997,28,Female,Rural,Yearly,40.99,29-04-2019,
CUST_7998,19,Female,Suburban,Prepaid,26.96,13-04-2019,
CUST_7999,43,Female,Urban,Monthly,42.52,16-04-2019,
CUST_8000,61,Female,Suburban,Yearly,49.95,01-04-2020,
CUST_8001,47,Male,Rural,Yearly,43.83,30-09-2021,
CUST_8002,43,Male,Urban,Prepaid,35.27,15-09-2020,
CUST_8003,29,Female,Suburban,Monthly,58.79,05-06-2018,
CUST_8004,43,Male,Suburban,Monthly,14.15,05-12-2021,
CUST_8005,43,Male,Rural,Prepaid,66.82,23-04-2021,
CUST_8006,43,Male,Rural,Yearly,61.32,15-10-2020,
CUST_8007,30,Male,Rural,Monthly,56.4,09-10-2021,
CUST_8008,31,Male,Rural,Yearly,58.94,20-08-2019,
CUST_8009,43,Male,Suburban,Prepaid,45.74,24-07-2018,
CUST_8010,51,Male,Rural,Prepaid,49.59,05-09-2018,
CUST_8011,43,Female,Rural,Yearly,72.05,25-08-2022,
CUST_8012,43,Male,Suburban,Monthly,47.72,14-01-2021,
CUST_8013,43,Male,Suburban,Prepaid,55.76,07-10-2019,
CUST_8014,45,Male,Urban,Yearly,57.9,13-12-2021,
CUST_8015,43,Female,Suburban,Yearly,51.58,04-07-2021,
CUST_8016,53,Female,Urban,Monthly,46.79,28-11-2020,
CUST_8017,43,Male,Rural,Monthly,23.8,11-07-2021,
CUST_8018,43,Female,Urban,Prepaid,62.24,27-09-2020,
CUST_8019,43,Female,Urban,Yearly,66.17,23-01-2019,
CUST_8020,26,Male,Rural,Yearly,51.09,14-06-2018,
CUST_8021,40,Female,Rural,Prepaid,68.65,14-01-2021,
CUST_8022,43,Male,Rural,Prepaid,55.7,02-04-2023,
CUST_8023,30,Female,Urban,Yearly,20.59,28-11-2021,
CUST_8024,40,Male,Suburban,Prepaid,34.18,26-10-2018,
CUST_8025,34,Female,Suburban,Yearly,42.66,31-12-2021,
CUST_8026,43,Male,Suburban,Yearly,40.85,22-06-2020,
CUST_8027,43,Male,Rural,Yearly,51.11,11-09-2020,
CUST_8028,37,Female,Rural,Monthly,36.23,05-01-2020,
CUST_8029,37,Male,Suburban,Monthly,75.55,24-06-2019,
CUST_8030,63,Male,Rural,Prepaid,17.71,28-05-2019,
CUST_8031,20,Female,Urban,Monthly,48.79,16-07-2022,
CUST_8032,29,Male,Urban,Prepaid,38.76,02-04-2021,
CUST_8033,43,Male,Rural,Monthly,30.45,15-10-2022,
CUST_8034,19,Female,Suburban,Prepaid,58.85,21-08-2018,
CUST_8035,53,Male,Suburban,Prepaid,34.83,30-04-2019,
CUST_8036,31,Female,Urban,Prepaid,50.61,22-03-2018,
CUST_8037,33,Male,Rural,Yearly,35.73,03-02-2021,
CUST_8038,36,Female,Suburban,Monthly,21.43,31-12-2018,
CUST_8039,43,Female,Suburban,Prepaid,46.66,16-06-2020,
CUST_8040,61,Male,Rural,Monthly,54.59,30-11-2018,
CUST_8041,63,Female,Rural,Prepaid,41.03,27-12-2018,
CUST_8042,23,Male,Suburban,Yearly,69.75,21-08-2021,
CUST_8043,30,Male,Rural,Monthly,54.44,28-09-2022,
CUST_8044,53,Female,Rural,Prepaid,60.87,24-02-2021,
CUST_8045,39,Male,Rural,Prepaid,40.14,07-10-2019,
CUST_8046,35,Male,Suburban,Yearly,40.53,01-03-2020,
CUST_8047,29,Female,Urban,Monthly,44.91,08-03-2018,
CUST_8048,69,Male,Rural,Prepaid,44.7,22-09-2020,
CUST_8049,43,Male,Suburban,Monthly,43.07,25-07-2020,
CUST_8050,68,Female,Urban,Prepaid,33.36,04-06-2019,
CUST_8051,57,Male,Suburban,Prepaid,61.86,04-07-2019,
CUST_8052,24,Male,Suburban,Yearly,27.99,06-02-2018,
CUST_8053,49,Female,Suburban,Prepaid,59.39,26-03-2020,
CUST_8054,65,Male,Urban,Yearly,62.45,03-04-2021,
CUST_8055,36,Male,Suburban,Monthly,45.7,29-01-2021,
CUST_8056,43,Female,Urban,Prepaid,88.03,14-02-2019,
CUST_8057,37,Male,Rural,Yearly,50.14,20-01-2020,
CUST_8058,44,Male,Urban,Prepaid,45.61,27-05-2021,
CUST_8059,60,Female,Suburban,Monthly,46.3,15-09-2018,
CUST_8060,54,Female,Urban,Yearly,66.29,29-04-2022,
CUST_8061,65,Male,Suburban,Yearly,46.02,04-03-2022,
CUST_8062,43,Male,Rural,Prepaid,59.53,04-06-2023,
CUST_8063,22,Female,Urban,Prepaid,29.72,11-09-2022,
CUST_8064,28,Male,Rural,Monthly,52.2,26-05-2018,
CUST_8065,32,Male,Urban,Prepaid,64.8,07-06-2021,
CUST_8066,20,Male,Suburban,Monthly,49.39,30-10-2018,
CUST_8067,22,Female,Urban,Prepaid,38.66,01-07-2020,
CUST_8068,40,Male,Rural,Monthly,45.72,11-09-2019,
CUST_8069,43,Male,Urban,Prepaid,28.63,13-07-2022,
CUST_8070,26,Female,Rural,Yearly,63.68,04-03-2018,
CUST_8071,32,Female,Rural,Monthly,68.31,15-03-2020,
CUST_8072,20,Female,Suburban,Prepaid,48.1,23-06-2022,
CUST_8073,43,Male,Urban,Yearly,72.7,06-02-2023,
CUST_8074,23,Male,Rural,Prepaid,61.12,03-09-2021,
CUST_8075,34,Female,Suburban,Prepaid,50.28,25-12-2022,
CUST_8076,43,Male,Suburban,Prepaid,70.18,28-09-2022,
CUST_8077,38,Male,Suburban,Yearly,60.69,24-05-2020,
CUST_8078,25,Male,Rural,Monthly,67.83,07-05-2022,
CUST_8079,43,Male,Urban,Prepaid,70.88,11-03-2019,
CUST_8080,28,Female,Rural,Yearly,46.41,01-04-2022,
CUST_8081,55,Female,Suburban,Prepaid,60.34,07-01-2019,
CUST_8082,43,Male,Rural,Yearly,21.02,16-04-2022,
CUST_8083,59,Female,Rural,Prepaid,32.57,05-04-2020,
CUST_8084,41,Male,Suburban,Yearly,57.57,11-09-2020,
CUST_8085,52,Male,Urban,Monthly,55.45,19-07-2020,
CUST_8086,43,Female,Suburban,Yearly,35.75,03-06-2023,
CUST_8087,31,Female,Suburban,Yearly,44.32,07-09-2019,
CUST_8088,27,Male,Rural,Yearly,55.35,18-06-2021,
CUST_8089,43,Male,Suburban,Monthly,49.93,10-08-2019,
CUST_8090,43,Male,Rural,Yearly,46.57,29-10-2020,
CUST_8091,61,Male,Suburban,Monthly,28.85,19-01-2018,
CUST_8092,63,Female,Suburban,Prepaid,55.26,22-08-2022,
CUST_8093,51,Female,Urban,Yearly,47.16,24-03-2021,
CUST_8094,58,Male,Suburban,Monthly,82.59,22-10-2018,
CUST_8095,43,Male,Urban,Prepaid,71.07,14-02-2020,
CUST_8096,34,Female,Suburban,Monthly,52.02,26-06-2022,
CUST_8097,34,Male,Suburban,Monthly,20.89,18-03-2023,
CUST_8098,20,Female,Suburban,Monthly,86.37,13-07-2019,
CUST_8099,43,Male,Urban,Monthly,62.25,25-10-2018,
CUST_8100,43,Female,Rural,Prepaid,41.74,25-09-2019,
CUST_8101,18,Male,Urban,Monthly,63.29,02-01-2020,
CUST_8102,43,Male,Suburban,Yearly,61.93,10-05-2022,
CUST_8103,56,Male,Rural,Prepaid,40.16,30-10-2021,
CUST_8104,21,Female,Suburban,Monthly,36.04,22-01-2023,
CUST_8105,59,Female,Urban,Prepaid,61.13,02-11-2022,
CUST_8106,30,Male,Urban,Prepaid,66.13,30-07-2020,
CUST_8107,51,Male,Rural,Monthly,54.82,26-02-2018,
CUST_8108,59,Male,Urban,Prepaid,53.84,17-01-2019,
CUST_8109,43,Male,Suburban,Monthly,70.31,11-05-2019,
CUST_8110,43,Female,Rural,Monthly,47.75,06-01-2019,
CUST_8111,43,Female,Suburban,Prepaid,6.67,22-06-2020,
CUST_8112,43,Female,Rural,Monthly,58.02,12-01-2018,
CUST_8113,22,Male,Rural,Yearly,67.29,30-09-2018,
CUST_8114,43,Male,Suburban,Prepaid,57.13,25-01-2021,
CUST_8115,19,Female,Urban,Monthly,30.82,17-06-2023,
CUST_8116,29,Male,Suburban,Yearly,40.38,22-05-2020,
CUST_8117,43,Female,Urban,Yearly,47.91,13-04-2023,
CUST_8118,43,Female,Urban,Monthly,30.16,17-06-2021,
CUST_8119,51,Female,Suburban,Prepaid,41.35,16-12-2022,
CUST_8120,43,Female,Rural,Prepaid,70.92,28-07-2018,
CUST_8121,25,Male,Suburban,Prepaid,35.08,25-04-2023,
CUST_8122,68,Female,Rural,Monthly,45.55,15-01-2018,
CUST_8123,28,Male,Urban,Prepaid,60.75,20-06-2023,
CUST_8124,29,Female,Rural,Yearly,25.86,22-09-2022,
CUST_8125,26,Female,Suburban,Monthly,70.34,20-07-2021,
CUST_8126,19,Female,Rural,Prepaid,40.73,14-11-2018,
CUST_8127,43,Female,Urban,Prepaid,34.2,18-09-2019,
CUST_8128,28,Male,Urban,Monthly,70.82,26-03-2018,
CUST_8129,53,Male,Rural,Prepaid,63.08,11-07-2022,
CUST_8130,27,Male,Urban,Monthly,34.63,05-05-2023,
CUST_8131,38,Male,Urban,Yearly,44.28,25-11-2019,
CUST_8132,37,Female,Rural,Yearly,54.25,04-06-2021,
CUST_8133,65,Male,Urban,Monthly,45.1,22-12-2022,
CUST_8134,25,Male,Rural,Yearly,69.27,10-07-2018,
CUST_8135,53,Female,Rural,Monthly,62.95,13-10-2021,
CUST_8136,46,Male,Urban,Monthly,4.96,02-03-2019,
CUST_8137,59,Male,Rural,Monthly,37.61,23-08-2022,
CUST_8138,29,Male,Urban,Prepaid,41.9,01-02-2019,
CUST_8139,31,Male,Urban,Prepaid,42.94,29-11-2018,
CUST_8140,65,Female,Urban,Monthly,56.69,06-07-2022,
CUST_8141,67,Female,Suburban,Yearly,67.02,24-02-2022,
CUST_8142,43,Male,Urban,Monthly,40.39,01-04-2021,
CUST_8143,43,Female,Rural,Monthly,33.1,30-01-2019,
CUST_8144,43,Male,Rural,Monthly,45.14,07-06-2018,
CUST_8145,43,Male,Rural,Monthly,17.52,03-07-2022,
CUST_8146,67,Male,Suburban,Monthly,60.45,02-05-2020,
CUST_8147,47,Female,Suburban,Yearly,48.12,05-10-2022,
CUST_8148,56,Female,Rural,Monthly,43.78,07-06-2021,
CUST_8149,43,Female,Rural,Prepaid,53.28,30-08-2018,
CUST_8150,41,Female,Suburban,Monthly,36.23,04-10-2021,
CUST_8151,40,Female,Rural,Prepaid,44.75,06-07-2020,
CUST_8152,24,Female,Urban,Monthly,39.82,18-02-2018,
CUST_8153,26,Male,Urban,Monthly,21.59,13-04-2019,
CUST_8154,18,Female,Rural,Monthly,49.9,19-05-2023,
CUST_8155,43,Male,Urban,Prepaid,87.77,01-03-2023,
CUST_8156,55,Male,Rural,Prepaid,50.42,21-06-2018,
CUST_8157,55,Female,Suburban,Prepaid,38.4,08-07-2019,
CUST_8158,43,Male,Rural,Monthly,50.85,12-09-2022,
CUST_8159,39,Male,Suburban,Prepaid,33.58,19-01-2018,
CUST_8160,61,Male,Urban,Monthly,41.05,07-08-2019,
CUST_8161,27,Female,Urban,Yearly,43.61,24-06-2022,
CUST_8162,43,Female,Urban,Prepaid,41.68,09-12-2020,
CUST_8163,34,Male,Rural,Yearly,45.59,07-07-2020,
CUST_8164,68,Female,Suburban,Yearly,60.36,06-09-2020,
CUST_8165,67,Male,Suburban,Yearly,43.9,03-09-2021,
CUST_8166,43,Female,Urban,Yearly,45.56,26-10-2020,
CUST_8167,41,Male,Urban,Monthly,21.24,15-04-2019,
CUST_8168,68,Male,Suburban,Monthly,30.16,26-02-2018,
CUST_8169,27,Female,Rural,Monthly,51.22,16-08-2019,
CUST_8170,43,Female,Urban,Prepaid,67.13,14-01-2021,
CUST_8171,43,Female,Rural,Prepaid,47.18,26-07-2022,
CUST_8172,23,Female,Urban,Prepaid,48.89,15-12-2019,
CUST_8173,38,Female,Urban,Prepaid,28.72,20-02-2021,
CUST_8174,56,Male,Rural,Monthly,37.69,28-03-2019,
CUST_8175,41,Male,Rural,Yearly,53.57,30-05-2022,
CUST_8176,50,Male,Rural,Yearly,68.04,11-06-2023,
CUST_8177,35,Female,Rural,Prepaid,53.02,28-05-2023,
CUST_8178,43,Female,Suburban,Prepaid,48.03,19-05-2018,
CUST_8179,69,Male,Suburban,Monthly,53.88,10-04-2023,
CUST_8180,43,Male,Urban,Prepaid,34.84,21-11-2022,
CUST_8181,29,Male,Urban,Yearly,36.03,05-09-2022,
CUST_8182,65,Male,Urban,Monthly,46.54,05-06-2019,
CUST_8183,59,Female,Suburban,Monthly,32.67,28-02-2020,
CUST_8184,44,Male,Rural,Prepaid,60.5,22-08-2019,
CUST_8185,27,Female,Urban,Prepaid,64.09,03-08-2018,
CUST_8186,43,Male,Suburban,Prepaid,45.92,03-10-2022,
CUST_8187,69,Female,Urban,Monthly,61.34,11-09-2021,
CUST_8188,59,Female,Suburban,Yearly,72.31,17-11-2019,
CUST_8189,43,Female,Rural,Prepaid,56.05,02-01-2020,
CUST_8190,43,Female,Suburban,Prepaid,63.45,21-07-2021,
CUST_8191,43,Male,Rural,Monthly,48.86,20-09-2020,
CUST_8192,42,Male,Urban,Prepaid,63.5,24-10-2021,
CUST_8193,43,Male,Rural,Yearly,48.12,18-12-2019,
CUST_8194,40,Female,Suburban,Prepaid,39.55,17-10-2020,
CUST_8195,51,Male,Urban,Yearly,60.4,24-06-2021,
CUST_8196,69,Male,Urban,Yearly,53.3,09-10-2020,
CUST_8197,57,Male,Suburban,Yearly,61.7,11-04-2022,
CUST_8198,40,Female,Rural,Prepaid,38.88,18-09-2019,
CUST_8199,43,Female,Suburban,Prepaid,54.76,01-06-2021,
CUST_8200,48,Female,Rural,Yearly,64.13,02-07-2022,
CUST_8201,43,Male,Rural,Yearly,43.31,29-04-2022,
CUST_8202,43,Male,Urban,Monthly,62.02,26-01-2018,
CUST_8203,50,Male,Rural,Monthly,73.59,23-03-2023,
CUST_8204,43,Female,Urban,Prepaid,41.17,28-05-2018,
CUST_8205,43,Male,Suburban,Yearly,53.98,04-02-2019,
CUST_8206,35,Female,Suburban,Prepaid,76.32,01-06-2022,
CUST_8207,43,Female,Urban,Prepaid,28.47,10-12-2020,
CUST_8208,43,Female,Urban,Prepaid,56.07,18-12-2019,
CUST_8209,43,Female,Rural,Monthly,60.39,03-03-2020,
CUST_8210,51,Male,Urban,Prepaid,50.31,26-11-2018,
CUST_8211,37,Male,Suburban,Monthly,83.56,09-06-2018,
CUST_8212,43,Female,Urban,Prepaid,57.36,15-05-2020,
CUST_8213,68,Male,Urban,Prepaid,70.17,22-05-2021,
CUST_8214,67,Female,Urban,Monthly,62.5,21-08-2019,
CUST_8215,43,Male,Rural,Prepaid,72.42,03-02-2020,
CUST_8216,63,Male,Urban,Prepaid,52.64,14-12-2022,
CUST_8217,41,Female,Rural,Monthly,30.42,28-11-2018,
CUST_8218,25,Female,Rural,Monthly,58.2,25-02-2018,
CUST_8219,47,Female,Urban,Prepaid,24.71,14-03-2023,
CUST_8220,43,Female,Rural,Yearly,44.99,04-08-2022,
CUST_8221,43,Male,Urban,Yearly,43,01-02-2018,
CUST_8222,43,Female,Suburban,Monthly,44.18,25-07-2021,
CUST_8223,43,Male,Suburban,Prepaid,68.96,28-10-2018,
CUST_8224,66,Female,Rural,Prepaid,49.62,20-01-2019,
CUST_8225,28,Male,Suburban,Yearly,80.84,26-02-2022,
CUST_8226,19,Female,Urban,Monthly,49.03,08-11-2021,
CUST_8227,43,Male,Rural,Prepaid,17.94,15-08-2018,
CUST_8228,53,Male,Urban,Yearly,41.12,21-06-2019,
CUST_8229,50,Male,Rural,Monthly,62.76,06-10-2021,
CUST_8230,43,Female,Rural,Monthly,29.78,01-04-2020,
CUST_8231,30,Female,Rural,Prepaid,44.66,15-11-2018,
CUST_8232,43,Female,Rural,Prepaid,62.25,05-05-2020,
CUST_8233,42,Female,Suburban,Yearly,45.27,17-03-2021,
CUST_8234,21,Male,Suburban,Monthly,41.68,04-11-2018,
CUST_8235,59,Male,Suburban,Prepaid,68.81,06-02-2021,
CUST_8236,36,Male,Rural,Monthly,46.6,05-04-2022,
CUST_8237,35,Female,Suburban,Monthly,34.37,31-07-2021,
CUST_8238,54,Male,Rural,Prepaid,62.5,20-06-2018,
CUST_8239,47,Male,Suburban,Monthly,67.05,09-07-2019,
CUST_8240,43,Female,Rural,Monthly,52.71,15-11-2022,
CUST_8241,43,Female,Suburban,Prepaid,41.31,10-03-2020,
CUST_8242,33,Male,Suburban,Prepaid,36.69,28-06-2022,
CUST_8243,18,Female,Suburban,Prepaid,41.7,26-05-2019,
CUST_8244,29,Female,Rural,Monthly,31.09,25-07-2021,
CUST_8245,43,Female,Rural,Monthly,42.61,10-09-2020,
CUST_8246,51,Female,Suburban,Prepaid,58.24,21-07-2020,
CUST_8247,25,Male,Rural,Monthly,61.05,24-09-2019,
CUST_8248,35,Male,Urban,Prepaid,50.41,08-01-2018,
CUST_8249,65,Male,Suburban,Monthly,55.74,09-02-2021,
CUST_8250,22,Male,Suburban,Prepaid,46.47,04-07-2020,
CUST_8251,43,Male,Urban,Monthly,39.04,17-10-2021,
CUST_8252,43,Female,Rural,Monthly,44.86,31-03-2023,
CUST_8253,30,Male,Rural,Monthly,66.86,15-03-2019,
CUST_8254,36,Male,Rural,Monthly,15.85,27-10-2020,
CUST_8255,46,Female,Suburban,Prepaid,32.81,04-06-2022,
CUST_8256,43,Female,Suburban,Yearly,42.9,11-11-2019,
CUST_8257,43,Female,Suburban,Yearly,33.33,03-10-2019,
CUST_8258,57,Male,Suburban,Monthly,56.57,15-03-2019,
CUST_8259,29,Female,Suburban,Yearly,27,12-10-2021,
CUST_8260,43,Female,Rural,Prepaid,68.05,24-03-2018,
CUST_8261,43,Female,Urban,Prepaid,79.34,09-03-2020,
CUST_8262,61,Male,Rural,Monthly,53.73,24-10-2018,
CUST_8263,45,Female,Rural,Yearly,40.72,31-10-2021,
CUST_8264,43,Female,Suburban,Prepaid,63.9,18-05-2019,
CUST_8265,43,Male,Urban,Monthly,45.76,19-06-2022,
CUST_8266,43,Female,Urban,Yearly,37.18,14-06-2019,
CUST_8267,39,Male,Rural,Yearly,50.79,05-08-2020,
CUST_8268,43,Male,Urban,Prepaid,26.35,27-09-2022,
CUST_8269,19,Female,Rural,Prepaid,38.9,14-06-2019,
CUST_8270,43,Male,Rural,Prepaid,38.51,07-12-2019,
CUST_8271,24,Female,Rural,Monthly,48.58,10-11-2019,
CUST_8272,43,Female,Rural,Yearly,26.16,31-01-2019,
CUST_8273,43,Female,Suburban,Monthly,36.1,12-12-2021,
CUST_8274,43,Female,Urban,Yearly,42.3,07-04-2021,
CUST_8275,43,Male,Suburban,Monthly,57.11,01-09-2020,
CUST_8276,33,Female,Suburban,Monthly,50.04,16-07-2020,
CUST_8277,40,Female,Suburban,Prepaid,74.52,24-04-2022,
CUST_8278,57,Female,Rural,Prepaid,36.43,19-02-2019,
CUST_8279,26,Male,Rural,Prepaid,63.25,04-02-2023,
CUST_8280,49,Male,Suburban,Prepaid,63.24,21-10-2019,
CUST_8281,43,Female,Suburban,Prepaid,52.71,13-08-2019,
CUST_8282,43,Male,Urban,Prepaid,52.12,03-04-2020,
CUST_8283,30,Male,Suburban,Monthly,53.96,24-03-2021,
CUST_8284,22,Female,Rural,Monthly,35.91,06-08-2022,
CUST_8285,28,Female,Suburban,Prepaid,64.41,14-01-2023,
CUST_8286,27,Female,Urban,Monthly,51.12,25-10-2020,
CUST_8287,69,Female,Urban,Monthly,31.96,15-01-2018,
CUST_8288,30,Female,Suburban,Monthly,67.87,01-09-2019,
CUST_8289,43,Male,Urban,Monthly,48.37,02-10-2019,
CUST_8290,63,Female,Urban,Monthly,50.79,05-12-2019,
CUST_8291,67,Female,Rural,Yearly,12.34,18-03-2023,
CUST_8292,43,Female,Urban,Prepaid,48.76,31-05-2023,
CUST_8293,59,Female,Urban,Prepaid,69.04,12-05-2019,
CUST_8294,43,Female,Suburban,Prepaid,40.59,10-01-2018,
CUST_8295,43,Male,Rural,Monthly,30.68,23-10-2022,
CUST_8296,45,Female,Urban,Prepaid,56.84,12-11-2021,
CUST_8297,43,Male,Suburban,Monthly,23.86,10-06-2021,
CUST_8298,52,Female,Suburban,Prepaid,59.02,17-04-2021,
CUST_8299,43,Female,Suburban,Monthly,46.95,28-11-2019,
CUST_8300,65,Female,Suburban,Monthly,51.22,22-01-2020,
CUST_8301,43,Male,Suburban,Prepaid,85.47,03-10-2018,
CUST_8302,38,Female,Suburban,Monthly,53.76,06-05-2019,
CUST_8303,23,Female,Urban,Yearly,29.92,20-10-2018,
CUST_8304,43,Female,Rural,Monthly,51.72,19-05-2022,
CUST_8305,43,Female,Rural,Prepaid,305.75,15-05-2022,
CUST_8306,43,Female,Suburban,Yearly,19.71,19-07-2018,
CUST_8307,61,Female,Suburban,Prepaid,49.81,09-08-2020,
CUST_8308,43,Female,Rural,Monthly,24.03,21-05-2019,
CUST_8309,54,Male,Urban,Prepaid,50.37,15-02-2021,
CUST_8310,43,Female,Suburban,Yearly,73.17,20-05-2021,
CUST_8311,46,Female,Rural,Prepaid,43.48,26-05-2020,
CUST_8312,43,Female,Rural,Prepaid,51.18,18-06-2020,
CUST_8313,65,Male,Suburban,Yearly,54.2,09-12-2021,
CUST_8314,62,Male,Rural,Monthly,55.14,10-01-2020,
CUST_8315,43,Female,Urban,Monthly,52.22,04-01-2018,
CUST_8316,66,Male,Rural,Prepaid,19.87,11-06-2022,
CUST_8317,43,Female,Suburban,Monthly,52.77,12-04-2023,
CUST_8318,43,Female,Suburban,Yearly,40.48,14-06-2021,
CUST_8319,57,Male,Rural,Monthly,32.89,16-08-2020,
CUST_8320,30,Female,Rural,Yearly,52.99,15-03-2020,
CUST_8321,43,Male,Suburban,Yearly,52.09,14-11-2022,
CUST_8322,33,Male,Urban,Monthly,23.43,13-09-2021,
CUST_8323,43,Male,Rural,Prepaid,44.01,02-07-2020,
CUST_8324,43,Female,Urban,Prepaid,70.13,10-09-2018,
CUST_8325,57,Female,Urban,Prepaid,31.13,06-07-2018,
CUST_8326,33,Female,Suburban,Monthly,52.51,28-02-2022,
CUST_8327,48,Female,Suburban,Yearly,31.92,09-08-2020,
CUST_8328,59,Female,Suburban,Monthly,74.61,20-10-2019,
CUST_8329,42,Female,Urban,Yearly,60.47,30-07-2022,
CUST_8330,43,Female,Suburban,Yearly,37.56,18-05-2021,
CUST_8331,29,Male,Suburban,Yearly,53.21,31-12-2019,
CUST_8332,43,Female,Urban,Yearly,29.44,03-09-2020,
CUST_8333,54,Female,Urban,Monthly,22.81,08-09-2019,
CUST_8334,65,Female,Urban,Yearly,48.58,09-06-2018,
CUST_8335,50,Male,Urban,Monthly,38.64,10-10-2019,
CUST_8336,43,Male,Rural,Monthly,52.97,30-06-2019,
CUST_8337,26,Male,Suburban,Monthly,24.86,12-10-2021,
CUST_8338,43,Female,Rural,Monthly,41.66,19-06-2020,
CUST_8339,43,Male,Urban,Prepaid,72.96,24-05-2019,
CUST_8340,43,Male,Urban,Monthly,71.46,07-06-2021,
CUST_8341,45,Female,Urban,Prepaid,75.09,09-10-2020,
CUST_8342,43,Female,Urban,Prepaid,83.9,25-05-2022,
CUST_8343,22,Female,Urban,Monthly,43.94,21-02-2022,
CUST_8344,43,Male,Suburban,Yearly,8.31,17-09-2020,
CUST_8345,43,Female,Rural,Monthly,66.56,29-12-2018,
CUST_8346,51,Female,Rural,Prepaid,33.25,05-01-2018,
CUST_8347,43,Female,Suburban,Yearly,80.89,28-07-2020,
CUST_8348,56,Female,Suburban,Yearly,51.24,01-03-2020,
CUST_8349,59,Female,Suburban,Yearly,74.53,21-12-2019,
CUST_8350,43,Female,Rural,Monthly,47.68,06-11-2019,
CUST_8351,65,Male,Rural,Prepaid,39.81,07-06-2021,
CUST_8352,31,Female,Urban,Prepaid,60.91,15-02-2020,
CUST_8353,28,Male,Rural,Monthly,57.34,18-11-2018,
CUST_8354,43,Male,Rural,Prepaid,32.82,22-07-2019,
CUST_8355,43,Female,Suburban,Prepaid,49.48,27-11-2022,
CUST_8356,43,Male,Rural,Yearly,41.36,02-11-2022,
CUST_8357,50,Male,Urban,Monthly,53.06,11-06-2018,
CUST_8358,43,Male,Rural,Prepaid,49.48,24-09-2018,
CUST_8359,43,Female,Suburban,Prepaid,52.05,10-08-2019,
CUST_8360,25,Male,Suburban,Prepaid,50.23,22-07-2022,
CUST_8361,43,Male,Urban,Prepaid,44.71,04-09-2019,
CUST_8362,68,Male,Urban,Monthly,55.39,06-02-2023,
CUST_8363,43,Male,Rural,Prepaid,38.62,01-09-2018,
CUST_8364,60,Female,Urban,Yearly,74.73,31-05-2020,
CUST_8365,43,Female,Urban,Yearly,49.76,25-09-2019,
CUST_8366,55,Male,Suburban,Monthly,62.63,18-06-2022,
CUST_8367,32,Female,Suburban,Monthly,41.98,23-06-2021,
CUST_8368,43,Female,Rural,Prepaid,43.63,26-05-2019,
CUST_8369,46,Male,Rural,Monthly,63.83,20-06-2019,
CUST_8370,36,Female,Rural,Monthly,61.4,09-03-2023,
CUST_8371,68,Female,Rural,Monthly,48.16,31-07-2019,
CUST_8372,43,Male,Suburban,Prepaid,23.23,02-05-2021,
CUST_8373,43,Male,Rural,Prepaid,42.14,24-11-2019,
CUST_8374,21,Female,Rural,Prepaid,48.67,01-02-2019,
CUST_8375,48,Female,Urban,Monthly,39.76,06-08-2021,
CUST_8376,35,Female,Rural,Monthly,30.92,13-02-2020,
CUST_8377,33,Female,Urban,Monthly,62.81,21-05-2018,
CUST_8378,57,Male,Suburban,Monthly,47.29,09-08-2018,
CUST_8379,53,Male,Rural,Prepaid,77.13,01-01-2020,
CUST_8380,42,Male,Urban,Yearly,47.49,16-10-2022,
CUST_8381,40,Male,Rural,Monthly,52.66,30-10-2020,
CUST_8382,29,Male,Urban,Prepaid,41.17,24-10-2022,
CUST_8383,51,Female,Rural,Monthly,72.67,01-01-2021,
CUST_8384,43,Female,Suburban,Monthly,45.46,28-03-2019,
CUST_8385,54,Male,Suburban,Prepaid,46.96,12-07-2022,
CUST_8386,20,Male,Urban,Monthly,35.72,10-09-2021,
CUST_8387,43,Male,Urban,Yearly,55.69,18-04-2021,
CUST_8388,43,Female,Suburban,Prepaid,45.05,07-02-2023,
CUST_8389,60,Female,Rural,Monthly,35.46,16-06-2020,
CUST_8390,52,Female,Urban,Prepaid,49.27,18-12-2020,
CUST_8391,51,Male,Suburban,Yearly,60.87,15-06-2021,
CUST_8392,58,Male,Urban,Prepaid,74.72,30-06-2018,
CUST_8393,31,Male,Suburban,Prepaid,53.54,29-04-2019,
CUST_8394,21,Male,Suburban,Monthly,41.74,18-08-2019,
CUST_8395,46,Male,Urban,Prepaid,56.85,20-06-2021,
CUST_8396,58,Female,Urban,Prepaid,47.89,01-05-2018,
CUST_8397,62,Male,Suburban,Prepaid,50.84,28-12-2022,
CUST_8398,67,Female,Rural,Prepaid,49.97,02-05-2021,
CUST_8399,32,Female,Suburban,Prepaid,56.92,03-08-2021,
CUST_8400,43,Female,Rural,Yearly,58.93,21-12-2018,
CUST_8401,43,Female,Rural,Yearly,49.26,02-08-2019,
CUST_8402,33,Female,Rural,Monthly,102.77,13-10-2021,
CUST_8403,29,Male,Urban,Monthly,63.78,04-10-2018,
CUST_8404,69,Male,Suburban,Monthly,18.81,18-01-2022,
CUST_8405,22,Male,Suburban,Prepaid,44.8,19-07-2021,
CUST_8406,51,Female,Rural,Prepaid,49.71,22-10-2019,
CUST_8407,59,Female,Rural,Monthly,59.14,12-04-2021,
CUST_8408,43,Female,Rural,Prepaid,77.51,24-07-2022,
CUST_8409,56,Female,Suburban,Monthly,39.21,22-08-2022,
CUST_8410,43,Female,Rural,Monthly,67.26,14-03-2018,
CUST_8411,43,Female,Suburban,Monthly,53.05,11-07-2019,
CUST_8412,34,Male,Suburban,Yearly,54.94,11-03-2021,
CUST_8413,65,Female,Urban,Monthly,67.91,06-02-2019,
CUST_8414,44,Female,Rural,Yearly,25.04,01-03-2019,
CUST_8415,43,Male,Rural,Monthly,58.02,12-03-2018,
CUST_8416,43,Female,Rural,Prepaid,74.79,02-07-2021,
CUST_8417,63,Male,Urban,Monthly,34.13,18-11-2018,
CUST_8418,59,Male,Rural,Monthly,50.03,12-02-2018,
CUST_8419,56,Male,Suburban,Monthly,60.18,08-10-2022,
CUST_8420,43,Female,Rural,Monthly,20.65,11-05-2023,
CUST_8421,66,Male,Suburban,Prepaid,55.04,11-12-2022,
CUST_8422,55,Male,Suburban,Yearly,46.09,28-05-2020,
CUST_8423,40,Female,Suburban,Yearly,71.03,17-08-2022,
CUST_8424,39,Male,Suburban,Monthly,38.91,20-11-2021,
CUST_8425,43,Female,Rural,Prepaid,49.37,17-02-2018,
CUST_8426,43,Female,Urban,Yearly,37.93,08-11-2020,
CUST_8427,43,Male,Urban,Monthly,48.21,28-10-2022,
CUST_8428,21,Female,Suburban,Prepaid,39.23,30-11-2018,
CUST_8429,24,Female,Rural,Monthly,44.22,24-07-2021,
CUST_8430,40,Male,Urban,Monthly,32.8,08-04-2018,
CUST_8431,19,Male,Rural,Prepaid,39.56,06-09-2020,
CUST_8432,66,Male,Urban,Monthly,38.74,02-02-2019,
CUST_8433,41,Male,Suburban,Monthly,43.12,23-04-2020,
CUST_8434,43,Female,Suburban,Monthly,48.25,30-11-2018,
CUST_8435,48,Male,Suburban,Prepaid,6.43,31-08-2018,
CUST_8436,64,Male,Urban,Prepaid,52.14,05-07-2021,
CUST_8437,43,Male,Rural,Prepaid,68.59,28-01-2020,
CUST_8438,43,Female,Suburban,Prepaid,61.31,11-06-2021,
CUST_8439,57,Female,Rural,Prepaid,37,29-03-2022,
CUST_8440,65,Female,Rural,Monthly,65.34,18-07-2018,
CUST_8441,68,Female,Suburban,Prepaid,37.87,05-03-2023,
CUST_8442,60,Female,Urban,Prepaid,54.39,16-01-2019,
CUST_8443,51,Male,Suburban,Prepaid,13.75,19-06-2018,
CUST_8444,43,Female,Suburban,Prepaid,59.14,09-08-2019,
CUST_8445,43,Female,Urban,Monthly,50.08,21-12-2018,
CUST_8446,43,Female,Rural,Monthly,52.08,13-12-2018,
CUST_8447,33,Male,Urban,Prepaid,50.26,05-01-2023,
CUST_8448,64,Male,Urban,Prepaid,78.02,03-02-2022,
CUST_8449,30,Female,Suburban,Monthly,63.11,27-05-2023,
CUST_8450,32,Male,Urban,Prepaid,60.74,08-11-2022,
CUST_8451,43,Female,Urban,Yearly,58.33,01-03-2020,
CUST_8452,21,Male,Urban,Monthly,80.09,07-11-2018,
CUST_8453,43,Male,Rural,Prepaid,46.22,13-08-2021,
CUST_8454,47,Female,Rural,Monthly,29.17,26-07-2022,
CUST_8455,61,Male,Suburban,Monthly,75.75,07-02-2023,
CUST_8456,47,Female,Suburban,Prepaid,42.87,02-12-2019,
CUST_8457,53,Female,Rural,Prepaid,57.43,13-05-2020,
CUST_8458,20,Female,Urban,Monthly,57.82,20-01-2021,
CUST_8459,39,Male,Suburban,Yearly,38.99,08-10-2021,
CUST_8460,66,Male,Suburban,Prepaid,28.79,23-03-2023,
CUST_8461,43,Female,Urban,Monthly,65.99,03-05-2018,
CUST_8462,67,Female,Urban,Prepaid,69.03,30-06-2020,
CUST_8463,67,Male,Urban,Monthly,59.5,25-03-2021,
CUST_8464,43,Female,Urban,Monthly,56.03,24-09-2021,
CUST_8465,29,Male,Urban,Monthly,29.02,10-09-2019,
CUST_8466,43,Male,Rural,Monthly,45.02,22-12-2022,
CUST_8467,21,Male,Urban,Prepaid,68.2,23-01-2023,
CUST_8468,43,Female,Suburban,Monthly,38.3,16-07-2021,
CUST_8469,61,Female,Rural,Prepaid,51.99,02-02-2019,
CUST_8470,48,Male,Suburban,Monthly,56.92,20-04-2018,
CUST_8471,40,Female,Urban,Yearly,57.72,12-11-2020,
CUST_8472,43,Female,Suburban,Monthly,34.63,21-09-2021,
CUST_8473,32,Male,Urban,Prepaid,48.23,12-03-2019,
CUST_8474,43,Male,Suburban,Monthly,62.69,22-03-2019,
CUST_8475,45,Female,Suburban,Monthly,77.89,20-02-2021,
CUST_8476,33,Male,Urban,Yearly,46.76,13-05-2022,
CUST_8477,54,Female,Suburban,Prepaid,56.17,02-10-2018,
CUST_8478,38,Male,Rural,Monthly,32.6,12-02-2019,
CUST_8479,32,Male,Suburban,Prepaid,46.36,29-09-2019,
CUST_8480,43,Female,Rural,Prepaid,42.5,23-06-2019,
CUST_8481,67,Female,Rural,Prepaid,79.07,23-08-2022,
CUST_8482,43,Female,Suburban,Prepaid,61,14-03-2019,
CUST_8483,30,Female,Rural,Prepaid,51.4,21-07-2019,
CUST_8484,36,Female,Rural,Prepaid,21.44,02-09-2021,
CUST_8485,47,Male,Suburban,Prepaid,54.63,25-01-2021,
CUST_8486,43,Male,Urban,Monthly,54.78,09-10-2021,
CUST_8487,35,Female,Urban,Monthly,46.6,27-02-2022,
CUST_8488,43,Male,Rural,Yearly,50.7,12-08-2019,
CUST_8489,53,Female,Rural,Monthly,77.02,22-01-2021,
CUST_8490,53,Male,Urban,Yearly,64.23,21-10-2021,
CUST_8491,43,Male,Rural,Monthly,36.72,26-12-2018,
CUST_8492,69,Female,Urban,Prepaid,79.29,15-09-2020,
CUST_8493,36,Female,Suburban,Monthly,38.09,25-08-2019,
CUST_8494,43,Female,Rural,Monthly,74.24,07-04-2021,
CUST_8495,61,Male,Suburban,Monthly,39.14,28-01-2018,
CUST_8496,43,Female,Urban,Yearly,47.73,20-07-2019,
CUST_8497,43,Female,Urban,Monthly,18.31,07-09-2019,
CUST_8498,21,Female,Suburban,Monthly,57.91,07-01-2019,
CUST_8499,51,Female,Rural,Yearly,20.56,25-01-2023,
CUST_8500,19,Female,Suburban,Monthly,53.11,26-10-2019,
CUST_8501,22,Female,Suburban,Prepaid,43.48,06-11-2021,
CUST_8502,43,Male,Rural,Monthly,43.65,25-06-2019,
CUST_8503,43,Male,Urban,Monthly,55.91,29-01-2023,
CUST_8504,59,Male,Suburban,Monthly,62.29,31-03-2018,
CUST_8505,58,Male,Suburban,Yearly,69.63,16-02-2022,
CUST_8506,30,Female,Urban,Prepaid,32.45,24-08-2021,
CUST_8507,43,Female,Suburban,Monthly,45.33,31-01-2019,
CUST_8508,43,Male,Urban,Yearly,49.28,17-03-2023,
CUST_8509,43,Male,Rural,Monthly,59.04,04-09-2022,
CUST_8510,27,Male,Urban,Prepaid,58.74,05-10-2022,
CUST_8511,43,Female,Urban,Prepaid,37.33,19-06-2022,
CUST_8512,44,Female,Suburban,Monthly,68.03,23-10-2019,
CUST_8513,68,Female,Urban,Prepaid,56.15,23-01-2023,
CUST_8514,38,Male,Urban,Yearly,76.83,28-02-2019,
CUST_8515,43,Male,Suburban,Prepaid,54.76,24-04-2022,
CUST_8516,18,Male,Urban,Monthly,19.96,13-06-2018,
CUST_8517,45,Male,Suburban,Prepaid,37.65,26-04-2021,
CUST_8518,66,Male,Rural,Monthly,47.58,10-10-2021,
CUST_8519,56,Female,Urban,Monthly,37.34,02-12-2018,
CUST_8520,31,Female,Rural,Prepaid,36.78,21-09-2019,
CUST_8521,38,Female,Urban,Monthly,78.57,10-09-2022,
CUST_8522,47,Female,Urban,Prepaid,31.26,29-09-2018,
CUST_8523,38,Female,Rural,Monthly,42.06,16-06-2021,
CUST_8524,43,Male,Rural,Monthly,50.99,19-08-2022,
CUST_8525,26,Female,Suburban,Prepaid,30.27,13-03-2023,
CUST_8526,34,Male,Suburban,Prepaid,47.55,24-02-2018,
CUST_8527,22,Female,Rural,Monthly,14.54,14-07-2019,
CUST_8528,48,Male,Urban,Prepaid,41.73,07-05-2021,
CUST_8529,69,Male,Suburban,Prepaid,33.22,20-07-2019,
CUST_8530,57,Male,Urban,Monthly,45.4,02-03-2023,
CUST_8531,55,Male,Suburban,Prepaid,49.16,21-07-2021,
CUST_8532,60,Male,Suburban,Monthly,70.23,09-05-2023,
CUST_8533,43,Male,Suburban,Monthly,40.85,05-12-2019,
CUST_8534,53,Female,Rural,Prepaid,82.06,20-03-2021,
CUST_8535,67,Male,Urban,Prepaid,53.18,08-08-2018,
CUST_8536,50,Male,Rural,Monthly,35.86,24-04-2019,
CUST_8537,43,Female,Suburban,Prepaid,52.03,22-04-2021,
CUST_8538,43,Male,Rural,Prepaid,68.53,13-06-2023,
CUST_8539,50,Female,Rural,Monthly,33.98,18-09-2020,
CUST_8540,43,Female,Rural,Monthly,79.13,21-02-2020,
CUST_8541,60,Male,Urban,Prepaid,57.98,12-09-2020,
CUST_8542,66,Male,Rural,Monthly,32.84,27-09-2022,
CUST_8543,43,Female,Rural,Monthly,42.17,16-09-2019,
CUST_8544,61,Male,Rural,Monthly,43.76,30-09-2022,
CUST_8545,43,Female,Rural,Monthly,66.62,23-01-2019,
CUST_8546,43,Male,Rural,Yearly,32.31,01-12-2021,
CUST_8547,23,Female,Rural,Prepaid,73.09,01-06-2023,
CUST_8548,43,Male,Rural,Prepaid,67.12,08-08-2022,
CUST_8549,24,Male,Suburban,Prepaid,74.97,10-06-2020,
CUST_8550,43,Female,Rural,Prepaid,50.88,27-11-2021,
CUST_8551,38,Female,Rural,Prepaid,68.52,05-03-2019,
CUST_8552,43,Female,Urban,Prepaid,46.39,21-04-2022,
CUST_8553,33,Female,Suburban,Monthly,65.32,03-05-2020,
CUST_8554,63,Male,Rural,Prepaid,51.31,06-06-2022,
CUST_8555,43,Female,Urban,Monthly,77.02,22-05-2018,
CUST_8556,69,Female,Rural,Prepaid,54.02,26-06-2019,
CUST_8557,43,Male,Rural,Yearly,37.33,09-12-2022,
CUST_8558,55,Male,Rural,Monthly,72.69,19-09-2020,
CUST_8559,42,Female,Rural,Monthly,53.13,08-10-2021,
CUST_8560,45,Male,Rural,Yearly,41.95,27-12-2022,
CUST_8561,22,Female,Urban,Yearly,41.24,10-08-2022,
CUST_8562,38,Male,Rural,Monthly,36.65,20-07-2020,
CUST_8563,35,Female,Urban,Prepaid,28.51,02-02-2023,
CUST_8564,43,Male,Rural,Monthly,43.67,12-08-2022,
CUST_8565,23,Female,Urban,Monthly,53.07,28-07-2022,
CUST_8566,46,Female,Suburban,Prepaid,44.28,20-01-2022,
CUST_8567,36,Male,Rural,Prepaid,50.07,17-04-2018,
CUST_8568,43,Male,Suburban,Prepaid,26.94,13-02-2023,
CUST_8569,43,Female,Suburban,Prepaid,64.1,13-04-2021,
CUST_8570,62,Female,Suburban,Prepaid,48.28,16-09-2019,
CUST_8571,20,Male,Rural,Monthly,24.41,16-04-2023,
CUST_8572,59,Male,Suburban,Prepaid,44.67,01-06-2018,
CUST_8573,43,Male,Urban,Monthly,51.87,30-12-2020,
CUST_8574,52,Male,Rural,Monthly,64.33,22-05-2023,
CUST_8575,58,Male,Suburban,Monthly,39.7,23-12-2022,
CUST_8576,57,Male,Rural,Yearly,59.51,23-05-2022,
CUST_8577,20,Male,Suburban,Prepaid,49.67,04-09-2018,
CUST_8578,42,Male,Urban,Yearly,44.44,20-03-2018,
CUST_8579,62,Male,Rural,Prepaid,63.1,26-09-2020,
CUST_8580,55,Female,Rural,Yearly,35.83,12-09-2022,
CUST_8581,62,Male,Suburban,Prepaid,64.21,25-12-2020,
CUST_8582,37,Male,Urban,Monthly,32.88,03-08-2021,
CUST_8583,43,Female,Rural,Prepaid,41.36,21-08-2020,
CUST_8584,61,Female,Suburban,Monthly,44.23,30-08-2022,
CUST_8585,62,Female,Urban,Prepaid,48.34,23-11-2022,
CUST_8586,43,Female,Urban,Monthly,11.84,27-01-2022,
CUST_8587,38,Female,Urban,Monthly,51.58,09-07-2020,
CUST_8588,65,Female,Urban,Yearly,22.59,06-04-2021,
CUST_8589,40,Male,Rural,Monthly,52.51,07-05-2020,
CUST_8590,23,Female,Rural,Monthly,54.11,15-10-2018,
CUST_8591,68,Female,Urban,Prepaid,64.65,29-10-2022,
CUST_8592,30,Female,Suburban,Monthly,29.97,02-03-2023,
CUST_8593,66,Male,Suburban,Prepaid,53.44,08-07-2021,
CUST_8594,43,Female,Urban,Yearly,49.28,18-10-2018,
CUST_8595,26,Male,Urban,Prepaid,41.48,09-06-2019,
CUST_8596,34,Female,Suburban,Monthly,33.88,16-07-2019,
CUST_8597,43,Female,Urban,Monthly,51.21,30-10-2018,
CUST_8598,36,Male,Urban,Prepaid,70.05,03-08-2021,
CUST_8599,36,Male,Rural,Monthly,46.39,29-12-2018,
CUST_8600,24,Female,Rural,Prepaid,68.81,17-07-2021,
CUST_8601,43,Male,Urban,Prepaid,67.19,08-01-2022,
CUST_8602,43,Male,Urban,Yearly,17.91,17-03-2023,
CUST_8603,37,Female,Rural,Prepaid,37.11,11-01-2018,
CUST_8604,26,Female,Urban,Monthly,41.77,03-03-2019,
CUST_8605,34,Female,Rural,Monthly,69.86,24-10-2019,
CUST_8606,44,Male,Rural,Monthly,49.7,08-06-2018,
CUST_8607,64,Female,Suburban,Prepaid,69.36,03-09-2021,
CUST_8608,19,Female,Rural,Monthly,47.95,12-03-2019,
CUST_8609,43,Male,Suburban,Prepaid,69.78,30-07-2022,
CUST_8610,43,Male,Suburban,Monthly,56.79,29-01-2019,
CUST_8611,43,Female,Rural,Yearly,48.56,27-10-2022,
CUST_8612,22,Male,Urban,Prepaid,338.1,24-01-2018,
CUST_8613,56,Female,Rural,Monthly,42.43,07-08-2022,
CUST_8614,43,Male,Suburban,Prepaid,80.31,20-12-2022,
CUST_8615,24,Female,Rural,Prepaid,28.08,15-11-2021,
CUST_8616,34,Male,Rural,Prepaid,43.54,23-04-2019,
CUST_8617,43,Male,Suburban,Prepaid,51.51,10-12-2021,
CUST_8618,53,Male,Rural,Prepaid,38.87,29-09-2022,
CUST_8619,57,Male,Rural,Prepaid,55.92,20-02-2018,
CUST_8620,62,Female,Suburban,Monthly,48.19,24-08-2020,
CUST_8621,21,Male,Urban,Prepaid,54.95,10-07-2021,
CUST_8622,43,Female,Suburban,Prepaid,36.66,17-03-2021,
CUST_8623,42,Male,Suburban,Prepaid,34.76,16-11-2019,
CUST_8624,22,Male,Rural,Monthly,49.57,24-12-2022,
CUST_8625,43,Female,Suburban,Prepaid,60.94,19-11-2021,
CUST_8626,29,Male,Rural,Yearly,77.65,27-07-2019,
CUST_8627,43,Male,Rural,Prepaid,22.59,03-12-2018,
CUST_8628,41,Female,Rural,Prepaid,47.04,02-02-2021,
CUST_8629,46,Male,Suburban,Prepaid,56.64,26-03-2019,
CUST_8630,26,Female,Suburban,Prepaid,55.48,14-07-2020,
CUST_8631,43,Male,Rural,Monthly,31.69,02-09-2018,
CUST_8632,43,Male,Urban,Monthly,39.1,11-03-2019,
CUST_8633,41,Male,Urban,Prepaid,49.79,07-05-2019,
CUST_8634,31,Female,Suburban,Prepaid,90.25,17-06-2023,
CUST_8635,43,Male,Rural,Prepaid,64.15,17-11-2022,
CUST_8636,43,Male,Rural,Yearly,55.26,15-07-2018,
CUST_8637,59,Male,Suburban,Yearly,9.6,01-05-2018,
CUST_8638,36,Male,Urban,Monthly,30.24,20-12-2021,
CUST_8639,29,Male,Suburban,Monthly,31.57,09-07-2021,
CUST_8640,35,Male,Suburban,Yearly,55.37,22-09-2021,
CUST_8641,34,Male,Rural,Monthly,47.96,28-10-2020,
CUST_8642,47,Male,Suburban,Yearly,40.47,24-12-2020,
CUST_8643,41,Male,Urban,Monthly,55.02,30-05-2023,
CUST_8644,43,Female,Suburban,Prepaid,27.34,24-02-2021,
CUST_8645,52,Male,Rural,Monthly,37.78,24-06-2018,
CUST_8646,40,Female,Urban,Monthly,49.01,25-10-2018,
CUST_8647,34,Female,Rural,Monthly,78.04,30-01-2023,
CUST_8648,18,Female,Suburban,Prepaid,63.43,10-10-2022,
CUST_8649,32,Male,Suburban,Monthly,56.47,07-10-2018,
CUST_8650,43,Female,Suburban,Prepaid,43.99,28-01-2023,
CUST_8651,43,Female,Rural,Prepaid,49.73,28-02-2021,
CUST_8652,32,Female,Suburban,Monthly,68.24,02-09-2020,
CUST_8653,45,Male,Urban,Monthly,77.39,05-07-2018,
CUST_8654,41,Female,Urban,Monthly,46.4,02-08-2020,
CUST_8655,43,Male,Rural,Yearly,56.76,13-11-2019,
CUST_8656,43,Female,Rural,Monthly,63.71,10-12-2019,
CUST_8657,44,Female,Rural,Monthly,56.13,14-05-2020,
CUST_8658,43,Male,Suburban,Monthly,30.36,30-03-2021,
CUST_8659,43,Male,Urban,Prepaid,38.83,04-05-2022,
CUST_8660,29,Female,Urban,Yearly,61.11,05-08-2019,
CUST_8661,43,Female,Urban,Prepaid,41.55,01-02-2021,
CUST_8662,43,Female,Rural,Monthly,76.9,23-04-2022,
CUST_8663,43,Male,Rural,Prepaid,45.39,23-05-2020,
CUST_8664,66,Male,Suburban,Prepaid,29.99,24-07-2019,
CUST_8665,43,Female,Rural,Prepaid,65.52,22-08-2022,
CUST_8666,43,Female,Urban,Monthly,44.6,05-09-2022,
CUST_8667,43,Male,Suburban,Prepaid,45.79,30-09-2018,
CUST_8668,64,Male,Rural,Prepaid,63.02,05-07-2021,
CUST_8669,49,Female,Rural,Monthly,35.14,30-03-2023,
CUST_8670,43,Male,Urban,Prepaid,51.23,16-04-2022,
CUST_8671,43,Female,Suburban,Prepaid,31.83,18-02-2020,
CUST_8672,35,Male,Rural,Prepaid,51.14,05-05-2019,
CUST_8673,43,Female,Rural,Monthly,25.42,23-08-2018,
CUST_8674,63,Female,Suburban,Monthly,37.39,04-12-2018,
CUST_8675,49,Female,Suburban,Yearly,63.47,01-10-2021,
CUST_8676,44,Male,Rural,Prepaid,69.46,18-04-2018,
CUST_8677,45,Female,Rural,Prepaid,183.65,25-10-2019,
CUST_8678,35,Female,Urban,Prepaid,36.57,15-01-2022,
CUST_8679,43,Male,Suburban,Yearly,51.54,14-02-2020,
CUST_8680,43,Female,Rural,Monthly,37.87,13-09-2021,
CUST_8681,43,Female,Rural,Monthly,64.06,05-04-2020,
CUST_8682,43,Female,Rural,Yearly,145.75,21-05-2023,
CUST_8683,43,Male,Rural,Prepaid,40.59,21-06-2018,
CUST_8684,25,Male,Urban,Prepaid,77.18,13-09-2021,
CUST_8685,48,Male,Suburban,Monthly,55.67,05-11-2020,
CUST_8686,43,Male,Rural,Monthly,58.77,03-12-2019,
CUST_8687,24,Female,Suburban,Monthly,47.15,10-05-2020,
CUST_8688,53,Male,Suburban,Monthly,28.07,18-02-2020,
CUST_8689,35,Male,Rural,Monthly,73.23,16-11-2018,
CUST_8690,43,Male,Rural,Yearly,52.93,22-10-2020,
CUST_8691,43,Female,Rural,Monthly,64.24,30-05-2022,
CUST_8692,26,Female,Urban,Prepaid,45.89,04-05-2020,
CUST_8693,43,Female,Rural,Monthly,49.62,04-04-2020,
CUST_8694,43,Male,Suburban,Monthly,44,23-05-2019,
CUST_8695,43,Female,Suburban,Monthly,53.09,27-05-2018,
CUST_8696,52,Female,Urban,Prepaid,42.94,16-01-2022,
CUST_8697,35,Male,Rural,Prepaid,37.07,14-04-2019,
CUST_8698,22,Female,Rural,Prepaid,47.03,16-06-2023,
CUST_8699,43,Male,Urban,Yearly,57.92,05-01-2023,
CUST_8700,43,Male,Urban,Prepaid,67.45,16-12-2022,
CUST_8701,47,Female,Rural,Monthly,29.79,02-05-2018,
CUST_8702,43,Male,Rural,Monthly,63.3,02-11-2019,
CUST_8703,56,Male,Suburban,Yearly,39.53,04-09-2021,
CUST_8704,43,Male,Rural,Monthly,34.88,14-01-2019,
CUST_8705,42,Male,Rural,Yearly,35.71,10-12-2021,
CUST_8706,45,Male,Suburban,Monthly,89.06,02-09-2020,
CUST_8707,29,Male,Suburban,Yearly,61.17,18-12-2021,
CUST_8708,19,Female,Suburban,Prepaid,32.73,18-03-2020,
CUST_8709,60,Male,Suburban,Monthly,41.71,17-02-2018,
CUST_8710,31,Male,Urban,Yearly,29.64,14-11-2018,
CUST_8711,39,Male,Suburban,Prepaid,30.14,24-05-2023,
CUST_8712,43,Male,Urban,Yearly,29.58,22-11-2019,
CUST_8713,43,Female,Suburban,Prepaid,34.37,08-04-2022,
CUST_8714,43,Female,Suburban,Prepaid,61.49,21-06-2018,
CUST_8715,43,Male,Suburban,Prepaid,329.95,30-05-2023,
CUST_8716,55,Female,Rural,Monthly,36.18,29-03-2019,
CUST_8717,43,Male,Urban,Prepaid,43.8,18-04-2022,
CUST_8718,32,Male,Suburban,Prepaid,62.58,18-12-2021,
CUST_8719,43,Male,Rural,Yearly,50.55,13-12-2019,
CUST_8720,42,Male,Urban,Yearly,55.22,27-05-2023,
CUST_8721,18,Female,Urban,Prepaid,42.23,28-05-2022,
CUST_8722,24,Female,Rural,Monthly,72.96,14-10-2021,
CUST_8723,48,Male,Urban,Monthly,75.76,16-06-2021,
CUST_8724,29,Male,Rural,Prepaid,60.84,25-12-2020,
CUST_8725,59,Female,Suburban,Monthly,41,18-09-2019,
CUST_8726,22,Female,Rural,Monthly,30.25,27-12-2018,
CUST_8727,43,Male,Urban,Monthly,76.18,01-09-2021,
CUST_8728,43,Female,Urban,Monthly,54.9,23-12-2020,
CUST_8729,59,Male,Suburban,Monthly,51.78,02-11-2019,
CUST_8730,55,Female,Rural,Prepaid,60.68,03-06-2021,
CUST_8731,29,Female,Suburban,Monthly,50.41,12-02-2022,
CUST_8732,56,Female,Rural,Monthly,46.02,17-05-2023,
CUST_8733,35,Female,Rural,Monthly,83.24,11-03-2023,
CUST_8734,19,Male,Rural,Monthly,67.72,16-09-2018,
CUST_8735,27,Male,Suburban,Monthly,74.92,07-07-2022,
CUST_8736,32,Female,Suburban,Prepaid,73.72,17-05-2022,
CUST_8737,47,Male,Urban,Monthly,20.26,08-11-2021,
CUST_8738,61,Female,Suburban,Monthly,62.48,24-02-2019,
CUST_8739,43,Female,Rural,Monthly,57.49,26-01-2020,
CUST_8740,21,Male,Rural,Monthly,40.77,13-04-2020,
CUST_8741,43,Male,Rural,Prepaid,94.12,29-05-2018,
CUST_8742,43,Male,Suburban,Monthly,52.3,29-01-2022,
CUST_8743,43,Female,Urban,Prepaid,42.26,03-11-2021,
CUST_8744,43,Male,Suburban,Prepaid,47.94,17-03-2020,
CUST_8745,56,Male,Urban,Monthly,59.3,29-03-2022,
CUST_8746,51,Male,Suburban,Prepaid,56.7,18-03-2022,
CUST_8747,23,Male,Rural,Prepaid,42.1,19-08-2019,
CUST_8748,43,Female,Urban,Prepaid,62.61,01-07-2020,
CUST_8749,55,Female,Suburban,Monthly,50.5,30-10-2020,
CUST_8750,43,Female,Rural,Prepaid,231.15,26-09-2020,
CUST_8751,68,Female,Urban,Monthly,46.88,06-03-2020,
CUST_8752,51,Female,Urban,Monthly,32.52,15-01-2019,
CUST_8753,61,Female,Rural,Monthly,177.5,29-07-2018,
CUST_8754,32,Female,Rural,Prepaid,34.2,30-12-2021,
CUST_8755,31,Male,Suburban,Monthly,14.25,09-07-2020,
CUST_8756,23,Female,Suburban,Prepaid,55.13,29-06-2020,
CUST_8757,43,Female,Rural,Prepaid,34.73,05-08-2022,
CUST_8758,54,Female,Suburban,Prepaid,43.81,09-04-2019,
CUST_8759,67,Female,Rural,Prepaid,45.47,04-07-2019,
CUST_8760,49,Male,Rural,Yearly,35.2,15-02-2020,
CUST_8761,20,Female,Suburban,Monthly,44.52,12-09-2021,
CUST_8762,20,Female,Suburban,Prepaid,51.2,16-07-2018,
CUST_8763,39,Male,Urban,Yearly,39.57,05-09-2019,
CUST_8764,39,Female,Urban,Prepaid,36.26,04-01-2022,
CUST_8765,27,Female,Suburban,Monthly,40.85,17-01-2019,
CUST_8766,68,Female,Suburban,Yearly,64.27,14-06-2019,
CUST_8767,43,Female,Suburban,Yearly,41.48,25-01-2020,
CUST_8768,43,Female,Urban,Prepaid,52.52,30-08-2019,
CUST_8769,43,Female,Suburban,Monthly,42.49,11-10-2021,
CUST_8770,65,Female,Urban,Prepaid,48.4,31-10-2018,
CUST_8771,43,Male,Urban,Prepaid,62.71,25-10-2022,
CUST_8772,24,Male,Urban,Monthly,36.53,22-02-2021,
CUST_8773,30,Female,Urban,Monthly,83.42,29-10-2022,
CUST_8774,19,Male,Rural,Prepaid,55.36,25-02-2023,
CUST_8775,43,Female,Suburban,Prepaid,53.06,30-03-2018,
CUST_8776,27,Male,Suburban,Prepaid,34.27,08-11-2018,
CUST_8777,56,Female,Rural,Prepaid,59.75,21-10-2022,
CUST_8778,43,Male,Suburban,Prepaid,74.96,30-12-2022,
CUST_8779,34,Female,Urban,Yearly,38.67,08-05-2023,
CUST_8780,43,Male,Rural,Prepaid,34.94,02-03-2018,
CUST_8781,23,Male,Urban,Prepaid,50.71,04-03-2022,
CUST_8782,43,Female,Rural,Monthly,34.85,13-02-2018,
CUST_8783,22,Female,Urban,Monthly,43.23,21-07-2022,
CUST_8784,43,Male,Suburban,Monthly,62.55,20-02-2019,
CUST_8785,43,Male,Suburban,Monthly,76.53,01-05-2020,
CUST_8786,26,Female,Suburban,Prepaid,63.21,26-10-2021,
CUST_8787,43,Male,Rural,Monthly,37.1,30-04-2020,
CUST_8788,43,Female,Suburban,Monthly,45.86,06-05-2022,
CUST_8789,43,Male,Rural,Monthly,44.76,28-01-2018,
CUST_8790,38,Male,Urban,Yearly,51.5,08-03-2023,
CUST_8791,43,Female,Suburban,Yearly,63.26,15-04-2021,
CUST_8792,43,Female,Urban,Yearly,37.99,26-04-2019,
CUST_8793,21,Female,Suburban,Prepaid,82.82,01-09-2020,
CUST_8794,41,Male,Urban,Monthly,34.39,10-10-2019,
CUST_8795,52,Male,Rural,Yearly,37.54,15-02-2023,
CUST_8796,20,Male,Suburban,Monthly,38,25-05-2021,
CUST_8797,21,Female,Rural,Prepaid,86.9,24-09-2022,
CUST_8798,54,Male,Rural,Monthly,74.51,23-01-2020,
CUST_8799,57,Male,Urban,Prepaid,37.77,23-09-2018,
CUST_8800,65,Female,Suburban,Monthly,43.09,10-07-2020,
CUST_8801,43,Male,Rural,Yearly,48.57,23-09-2018,
CUST_8802,48,Male,Urban,Monthly,42.77,29-09-2020,
CUST_8803,61,Female,Urban,Monthly,63.51,22-05-2021,
CUST_8804,43,Female,Urban,Prepaid,57.35,27-03-2021,
CUST_8805,57,Female,Suburban,Yearly,53.04,17-09-2021,
CUST_8806,43,Female,Suburban,Monthly,62.3,14-05-2021,
CUST_8807,21,Female,Urban,Monthly,56.58,08-12-2020,
CUST_8808,63,Female,Suburban,Monthly,60.09,06-12-2018,
CUST_8809,31,Female,Urban,Prepaid,52.6,14-03-2022,
CUST_8810,43,Female,Suburban,Monthly,75.83,29-09-2018,
CUST_8811,43,Female,Suburban,Monthly,51.97,01-02-2018,
CUST_8812,23,Male,Urban,Yearly,47.77,05-04-2023,
CUST_8813,43,Female,Urban,Prepaid,61.97,16-01-2023,
CUST_8814,43,Female,Suburban,Prepaid,58.52,06-09-2021,
CUST_8815,57,Male,Urban,Monthly,49.69,29-08-2020,
CUST_8816,43,Female,Urban,Monthly,25.43,21-02-2020,
CUST_8817,52,Male,Urban,Prepaid,71.15,03-03-2019,
CUST_8818,43,Male,Urban,Yearly,68.64,31-01-2021,
CUST_8819,43,Female,Suburban,Prepaid,37.25,16-10-2019,
CUST_8820,19,Male,Rural,Prepaid,56.24,06-12-2019,
CUST_8821,30,Female,Suburban,Prepaid,42.16,26-10-2022,
CUST_8822,69,Female,Urban,Yearly,57.93,05-12-2022,
CUST_8823,19,Male,Urban,Prepaid,66.73,17-07-2020,
CUST_8824,69,Male,Suburban,Monthly,48.04,11-06-2020,
CUST_8825,43,Male,Urban,Monthly,60.67,10-08-2022,
CUST_8826,60,Female,Suburban,Monthly,28.86,23-06-2020,
CUST_8827,43,Female,Rural,Prepaid,37.09,27-09-2022,
CUST_8828,39,Male,Urban,Monthly,63.51,13-10-2021,
CUST_8829,43,Female,Rural,Prepaid,40.42,06-06-2022,
CUST_8830,43,Female,Rural,Yearly,37.6,19-02-2021,
CUST_8831,43,Male,Urban,Yearly,195.6,03-03-2023,
CUST_8832,52,Male,Urban,Prepaid,33.83,08-08-2019,
CUST_8833,29,Male,Suburban,Yearly,65.07,16-06-2018,
CUST_8834,43,Male,Suburban,Prepaid,66.18,02-11-2021,
CUST_8835,43,Male,Urban,Monthly,38.59,04-07-2019,
CUST_8836,43,Male,Suburban,Monthly,33.39,12-06-2020,
CUST_8837,56,Male,Rural,Monthly,48.59,04-04-2020,
CUST_8838,43,Male,Rural,Prepaid,32.45,17-06-2018,
CUST_8839,30,Male,Urban,Monthly,60.59,06-01-2018,
CUST_8840,43,Male,Suburban,Prepaid,50.15,02-04-2021,
CUST_8841,43,Female,Urban,Monthly,44.56,10-12-2021,
CUST_8842,29,Female,Rural,Prepaid,65.32,31-10-2021,
CUST_8843,43,Male,Urban,Monthly,35.85,05-07-2022,
CUST_8844,43,Female,Urban,Monthly,43.6,08-02-2021,
CUST_8845,50,Female,Urban,Monthly,32.05,14-08-2018,
CUST_8846,57,Female,Urban,Monthly,29.31,07-02-2020,
CUST_8847,43,Female,Rural,Prepaid,36.4,25-09-2020,
CUST_8848,62,Female,Urban,Prepaid,37.85,22-10-2022,
CUST_8849,52,Female,Urban,Prepaid,36.47,04-04-2019,
CUST_8850,43,Male,Suburban,Yearly,48.63,25-07-2019,
CUST_8851,22,Male,Urban,Monthly,48.51,11-09-2018,
CUST_8852,43,Female,Suburban,Monthly,26.72,15-08-2022,
CUST_8853,43,Female,Urban,Yearly,61.96,06-05-2022,
CUST_8854,43,Male,Suburban,Yearly,27.26,27-06-2021,
CUST_8855,27,Female,Urban,Monthly,24.09,11-12-2018,
CUST_8856,43,Female,Suburban,Monthly,65.54,15-10-2018,
CUST_8857,69,Female,Urban,Yearly,33.46,12-11-2020,
CUST_8858,51,Female,Urban,Yearly,55.36,25-06-2020,
CUST_8859,20,Female,Suburban,Monthly,41.24,18-06-2022,
CUST_8860,25,Male,Urban,Monthly,34.92,03-02-2023,
CUST_8861,48,Male,Urban,Monthly,32.22,30-05-2022,
CUST_8862,28,Female,Urban,Prepaid,55.71,30-12-2020,
CUST_8863,62,Male,Urban,Yearly,36,01-09-2022,
CUST_8864,43,Female,Rural,Monthly,66.43,13-05-2023,
CUST_8865,62,Female,Urban,Prepaid,27.16,09-03-2018,
CUST_8866,43,Female,Rural,Prepaid,71.23,31-05-2022,
CUST_8867,43,Female,Rural,Yearly,18.81,13-04-2020,
CUST_8868,43,Female,Urban,Monthly,54.28,25-10-2022,
CUST_8869,49,Female,Suburban,Prepaid,32.37,27-02-2018,
CUST_8870,37,Female,Suburban,Prepaid,26.13,24-08-2022,
CUST_8871,51,Female,Urban,Monthly,48.5,26-10-2020,
CUST_8872,67,Female,Rural,Prepaid,60.14,29-12-2020,
CUST_8873,33,Male,Suburban,Monthly,47.07,09-06-2019,
CUST_8874,43,Female,Urban,Monthly,49.34,26-03-2020,
CUST_8875,43,Male,Urban,Monthly,53.06,30-08-2022,
CUST_8876,24,Male,Rural,Yearly,59.26,08-04-2023,
CUST_8877,56,Female,Suburban,Prepaid,74.69,18-07-2020,
CUST_8878,43,Male,Urban,Prepaid,38.83,02-03-2021,
CUST_8879,43,Female,Suburban,Prepaid,57.18,18-05-2023,
CUST_8880,43,Female,Urban,Prepaid,41.4,16-08-2021,
CUST_8881,23,Female,Urban,Prepaid,47.38,26-01-2021,
CUST_8882,40,Female,Urban,Monthly,60.23,28-03-2019,
CUST_8883,44,Male,Rural,Prepaid,52.71,04-05-2022,
CUST_8884,63,Male,Rural,Yearly,38.81,11-02-2022,
CUST_8885,23,Female,Rural,Prepaid,51.57,14-04-2020,
CUST_8886,55,Male,Suburban,Monthly,55.29,29-03-2018,
CUST_8887,43,Male,Rural,Yearly,59.46,13-10-2019,
CUST_8888,39,Male,Rural,Prepaid,67.12,24-06-2021,
CUST_8889,37,Female,Suburban,Monthly,76.89,03-12-2020,
CUST_8890,43,Male,Suburban,Monthly,50.04,27-03-2018,
CUST_8891,32,Male,Suburban,Monthly,33.45,24-01-2018,
CUST_8892,43,Male,Suburban,Monthly,54.75,18-10-2021,
CUST_8893,43,Female,Rural,Prepaid,29.93,07-09-2018,
CUST_8894,25,Male,Rural,Monthly,78.53,05-01-2023,
CUST_8895,54,Male,Suburban,Monthly,41.64,03-03-2021,
CUST_8896,66,Female,Rural,Prepaid,64.78,19-08-2020,
CUST_8897,43,Male,Urban,Yearly,54.73,29-04-2019,
CUST_8898,43,Female,Rural,Monthly,53.67,20-03-2023,
CUST_8899,39,Female,Urban,Monthly,26.28,08-03-2020,
CUST_8900,43,Female,Suburban,Yearly,38.18,18-01-2018,
CUST_8901,64,Female,Suburban,Monthly,44.09,07-04-2018,
CUST_8902,22,Female,Rural,Prepaid,44.39,14-04-2023,
CUST_8903,56,Female,Suburban,Monthly,51.39,29-09-2020,
CUST_8904,35,Male,Rural,Monthly,40.08,14-02-2023,
CUST_8905,43,Female,Rural,Monthly,57.35,31-05-2022,
CUST_8906,43,Male,Rural,Yearly,242.8,30-07-2018,
CUST_8907,43,Male,Rural,Prepaid,59.86,02-05-2021,
CUST_8908,68,Female,Urban,Prepaid,27.72,05-09-2022,
CUST_8909,48,Male,Urban,Monthly,61.71,24-12-2021,
CUST_8910,27,Male,Suburban,Monthly,74.44,21-11-2022,
CUST_8911,32,Male,Urban,Prepaid,47.61,15-08-2020,
CUST_8912,59,Female,Suburban,Yearly,68.11,23-02-2021,
CUST_8913,43,Male,Suburban,Prepaid,49.58,24-09-2021,
CUST_8914,43,Male,Rural,Prepaid,43.72,08-02-2018,
CUST_8915,35,Female,Rural,Yearly,53.16,20-07-2018,
CUST_8916,40,Male,Rural,Prepaid,73.54,02-09-2022,
CUST_8917,50,Male,Rural,Yearly,72.33,04-11-2021,
CUST_8918,33,Male,Rural,Prepaid,27.03,20-02-2022,
CUST_8919,55,Female,Rural,Prepaid,34.57,11-03-2019,
CUST_8920,52,Male,Urban,Monthly,48.69,11-02-2022,
CUST_8921,43,Male,Suburban,Yearly,39.39,01-09-2020,
CUST_8922,43,Female,Suburban,Monthly,55.74,08-07-2022,
CUST_8923,43,Female,Rural,Prepaid,47.92,20-03-2021,
CUST_8924,47,Female,Urban,Monthly,43.2,14-10-2018,
CUST_8925,30,Male,Rural,Prepaid,79.66,09-12-2018,
CUST_8926,58,Female,Urban,Yearly,61.74,22-06-2022,
CUST_8927,33,Female,Urban,Prepaid,60.72,09-10-2018,
CUST_8928,22,Female,Suburban,Yearly,37.89,17-02-2022,
CUST_8929,45,Male,Suburban,Monthly,49.44,09-05-2020,
CUST_8930,56,Female,Urban,Monthly,47.94,14-04-2021,
CUST_8931,62,Female,Suburban,Monthly,51.41,30-12-2021,
CUST_8932,43,Female,Urban,Prepaid,43.4,20-09-2018,
CUST_8933,41,Female,Urban,Yearly,63.84,07-05-2022,
CUST_8934,44,Female,Urban,Prepaid,69.97,06-07-2020,
CUST_8935,43,Male,Suburban,Prepaid,61.48,20-02-2023,
CUST_8936,62,Male,Rural,Monthly,48.5,01-08-2022,
CUST_8937,44,Female,Suburban,Yearly,43.96,06-11-2018,
CUST_8938,43,Female,Rural,Prepaid,66.24,15-11-2020,
CUST_8939,43,Female,Suburban,Monthly,54.86,11-05-2021,
CUST_8940,59,Male,Suburban,Monthly,58.35,25-06-2021,
CUST_8941,64,Male,Rural,Prepaid,54.59,14-06-2020,
CUST_8942,55,Male,Urban,Prepaid,38.86,22-05-2021,
CUST_8943,43,Male,Rural,Monthly,73.45,22-08-2021,
CUST_8944,43,Female,Urban,Prepaid,86.81,18-02-2022,
CUST_8945,45,Female,Urban,Monthly,43.52,11-07-2021,
CUST_8946,43,Female,Suburban,Monthly,49.41,21-03-2019,
CUST_8947,32,Female,Suburban,Yearly,44.29,14-01-2021,
CUST_8948,49,Male,Suburban,Prepaid,40.06,25-07-2020,
CUST_8949,43,Female,Suburban,Monthly,58.94,23-10-2022,
CUST_8950,43,Male,Suburban,Prepaid,41.31,18-01-2018,
CUST_8951,48,Male,Rural,Monthly,35.67,19-04-2021,
CUST_8952,43,Female,Rural,Yearly,56.69,13-01-2022,
CUST_8953,26,Male,Rural,Prepaid,36.88,10-06-2019,
CUST_8954,46,Male,Rural,Monthly,40.76,28-11-2018,
CUST_8955,68,Female,Suburban,Monthly,39.86,04-12-2018,
CUST_8956,43,Male,Rural,Monthly,56.94,24-07-2018,
CUST_8957,21,Male,Rural,Monthly,51.11,28-05-2021,
CUST_8958,20,Female,Urban,Prepaid,21.97,28-12-2022,
CUST_8959,46,Male,Suburban,Monthly,54.29,15-09-2018,
CUST_8960,43,Male,Rural,Prepaid,37.62,06-04-2023,
CUST_8961,28,Female,Rural,Monthly,73.06,13-05-2020,
CUST_8962,50,Male,Rural,Monthly,18.95,22-10-2021,
CUST_8963,55,Female,Suburban,Yearly,55.64,31-12-2022,
CUST_8964,43,Male,Rural,Prepaid,61.67,07-01-2022,
CUST_8965,44,Male,Urban,Monthly,31.9,02-11-2018,
CUST_8966,50,Female,Suburban,Monthly,45.82,19-12-2018,
CUST_8967,38,Female,Urban,Prepaid,51.43,24-11-2020,
CUST_8968,56,Male,Suburban,Monthly,47.74,07-06-2021,
CUST_8969,48,Female,Rural,Prepaid,57.31,26-12-2020,
CUST_8970,55,Male,Suburban,Prepaid,52.37,13-12-2018,
CUST_8971,43,Female,Suburban,Prepaid,61.8,22-02-2022,
CUST_8972,19,Male,Suburban,Prepaid,54.95,24-09-2022,
CUST_8973,44,Male,Urban,Yearly,51.64,21-02-2019,
CUST_8974,53,Male,Suburban,Prepaid,45.86,18-11-2021,
CUST_8975,28,Male,Rural,Yearly,53.71,06-11-2019,
CUST_8976,64,Male,Suburban,Prepaid,76.22,18-12-2021,
CUST_8977,43,Female,Suburban,Monthly,48.71,10-05-2019,
CUST_8978,18,Female,Rural,Monthly,30.9,10-06-2021,
CUST_8979,52,Male,Rural,Yearly,66.44,22-01-2018,
CUST_8980,52,Male,Urban,Monthly,81.14,04-10-2020,
CUST_8981,48,Female,Rural,Yearly,58.66,13-06-2023,
CUST_8982,43,Female,Rural,Monthly,79.47,15-07-2019,
CUST_8983,43,Female,Rural,Prepaid,52.14,23-05-2023,
CUST_8984,18,Female,Suburban,Yearly,94.23,01-08-2021,
CUST_8985,42,Female,Urban,Yearly,27.97,14-11-2018,
CUST_8986,60,Male,Rural,Prepaid,47.74,06-01-2018,
CUST_8987,55,Male,Rural,Yearly,58.99,19-12-2021,
CUST_8988,37,Female,Rural,Monthly,38.53,16-07-2021,
CUST_8989,20,Female,Suburban,Yearly,67.74,04-10-2020,
CUST_8990,68,Female,Suburban,Yearly,58.2,15-07-2020,
CUST_8991,43,Female,Urban,Yearly,46.77,09-01-2022,
CUST_8992,35,Female,Urban,Yearly,56.45,23-06-2023,
CUST_8993,61,Female,Suburban,Prepaid,52.99,04-09-2021,
CUST_8994,27,Female,Rural,Prepaid,59.75,03-05-2023,
CUST_8995,22,Female,Rural,Prepaid,46.51,08-01-2021,
CUST_8996,26,Female,Urban,Prepaid,16.84,25-11-2022,
CUST_8997,19,Male,Rural,Prepaid,62.96,11-08-2020,
CUST_8998,43,Female,Suburban,Monthly,49.02,08-03-2023,
CUST_8999,43,Female,Urban,Prepaid,38.21,01-04-2020,
CUST_9000,43,Male,Suburban,Monthly,44.38,15-12-2020,
CUST_9001,27,Male,Suburban,Yearly,47.05,01-04-2021,
CUST_9002,67,Male,Rural,Monthly,27.69,29-06-2019,
CUST_9003,29,Female,Suburban,Monthly,36.68,20-10-2022,
CUST_9004,53,Female,Suburban,Prepaid,48.28,25-03-2021,
CUST_9005,38,Female,Rural,Prepaid,47.45,19-09-2022,
CUST_9006,43,Female,Suburban,Monthly,36,21-04-2021,
CUST_9007,43,Male,Rural,Monthly,30.68,19-02-2021,
CUST_9008,43,Female,Suburban,Monthly,37.2,06-02-2021,
CUST_9009,43,Female,Rural,Monthly,54.45,30-09-2020,
CUST_9010,66,Male,Rural,Prepaid,40.3,15-08-2022,
CUST_9011,20,Female,Urban,Prepaid,63.08,02-01-2023,
CUST_9012,27,Female,Suburban,Monthly,67.43,07-11-2019,
CUST_9013,22,Female,Suburban,Prepaid,76.16,01-04-2020,
CUST_9014,63,Female,Urban,Monthly,59.37,10-03-2021,
CUST_9015,43,Male,Rural,Yearly,56.34,06-02-2022,
CUST_9016,38,Male,Rural,Prepaid,70.66,05-12-2019,
CUST_9017,43,Male,Urban,Monthly,31.73,16-01-2019,
CUST_9018,43,Male,Urban,Monthly,59.39,10-01-2021,
CUST_9019,55,Female,Rural,Monthly,64.24,10-02-2020,
CUST_9020,61,Female,Rural,Prepaid,49.84,27-05-2023,
CUST_9021,43,Female,Urban,Yearly,62.34,09-01-2018,
CUST_9022,43,Male,Suburban,Prepaid,44.99,18-09-2022,
CUST_9023,22,Male,Rural,Monthly,50.59,29-04-2021,
CUST_9024,32,Male,Urban,Monthly,55.5,07-12-2021,
CUST_9025,33,Female,Suburban,Prepaid,55.05,04-02-2023,
CUST_9026,18,Female,Suburban,Prepaid,29.16,31-01-2022,
CUST_9027,43,Male,Suburban,Prepaid,42.29,04-08-2020,
CUST_9028,54,Male,Suburban,Monthly,50.64,16-02-2018,
CUST_9029,43,Female,Urban,Prepaid,55.88,10-06-2023,
CUST_9030,69,Female,Rural,Yearly,60.1,22-07-2021,
CUST_9031,64,Female,Suburban,Prepaid,50.37,14-04-2020,
CUST_9032,48,Male,Suburban,Yearly,66.62,27-06-2020,
CUST_9033,30,Male,Urban,Yearly,45.61,20-09-2018,
CUST_9034,43,Male,Suburban,Monthly,62.85,30-01-2018,
CUST_9035,60,Male,Urban,Monthly,47.75,20-05-2020,
CUST_9036,38,Female,Urban,Prepaid,36.24,21-05-2020,
CUST_9037,43,Female,Rural,Yearly,89.28,31-07-2018,
CUST_9038,44,Female,Suburban,Monthly,57.49,21-09-2022,
CUST_9039,43,Male,Rural,Yearly,22.39,26-05-2020,
CUST_9040,43,Female,Urban,Monthly,63.55,13-05-2020,
CUST_9041,55,Female,Suburban,Yearly,52.47,01-10-2021,
CUST_9042,63,Female,Urban,Monthly,63.01,17-12-2021,
CUST_9043,43,Female,Urban,Yearly,58.13,13-05-2019,
CUST_9044,28,Female,Urban,Prepaid,38.55,23-11-2019,
CUST_9045,25,Male,Suburban,Monthly,63.8,08-07-2021,
CUST_9046,43,Female,Urban,Monthly,40.06,15-02-2018,
CUST_9047,50,Female,Urban,Monthly,37.89,04-02-2023,
CUST_9048,24,Male,Suburban,Monthly,44.98,18-08-2018,
CUST_9049,55,Male,Rural,Monthly,34.43,04-03-2019,
CUST_9050,38,Female,Urban,Prepaid,57.52,14-09-2019,
CUST_9051,25,Female,Rural,Monthly,81.28,11-06-2023,
CUST_9052,43,Female,Rural,Monthly,33.44,20-04-2020,
CUST_9053,43,Female,Rural,Prepaid,70.62,20-03-2018,
CUST_9054,37,Male,Rural,Monthly,41.02,02-09-2019,
CUST_9055,43,Female,Rural,Prepaid,41.1,21-09-2021,
CUST_9056,43,Male,Rural,Prepaid,32.88,02-06-2021,
CUST_9057,43,Female,Suburban,Monthly,55.14,01-03-2020,
CUST_9058,67,Female,Suburban,Yearly,30.14,02-09-2020,
CUST_9059,43,Female,Rural,Monthly,42.89,26-05-2018,
CUST_9060,43,Male,Suburban,Yearly,66.63,08-01-2022,
CUST_9061,26,Female,Suburban,Monthly,73.45,26-03-2020,
CUST_9062,32,Female,Rural,Monthly,35.75,23-12-2022,
CUST_9063,47,Male,Rural,Prepaid,45.44,15-02-2021,
CUST_9064,43,Female,Urban,Yearly,47.87,15-02-2018,
CUST_9065,27,Male,Suburban,Monthly,27.93,22-05-2022,
CUST_9066,43,Female,Rural,Monthly,41.39,18-01-2020,
CUST_9067,43,Male,Suburban,Prepaid,40.48,15-02-2021,
CUST_9068,53,Male,Suburban,Yearly,57.33,31-03-2019,
CUST_9069,43,Male,Suburban,Monthly,53.68,07-03-2019,
CUST_9070,43,Female,Urban,Yearly,51.86,05-03-2018,
CUST_9071,54,Male,Rural,Prepaid,46.83,25-08-2019,
CUST_9072,43,Male,Suburban,Prepaid,69.67,08-05-2023,
CUST_9073,24,Female,Rural,Prepaid,49.67,22-11-2019,
CUST_9074,43,Male,Suburban,Monthly,64.9,13-01-2023,
CUST_9075,43,Female,Rural,Yearly,58.85,19-07-2021,
CUST_9076,57,Female,Rural,Prepaid,52.29,29-10-2020,
CUST_9077,43,Male,Rural,Prepaid,63.34,28-07-2018,
CUST_9078,33,Male,Suburban,Prepaid,45.38,25-09-2018,
CUST_9079,55,Female,Urban,Monthly,36.58,23-07-2018,
CUST_9080,43,Male,Rural,Prepaid,49.56,30-05-2020,
CUST_9081,65,Male,Urban,Yearly,72.54,30-12-2018,
CUST_9082,43,Male,Rural,Prepaid,53.21,08-07-2019,
CUST_9083,43,Male,Urban,Monthly,42.43,10-06-2019,
CUST_9084,31,Female,Rural,Monthly,37.83,01-05-2023,
CUST_9085,50,Female,Urban,Prepaid,27.17,01-06-2022,
CUST_9086,43,Male,Rural,Monthly,37.7,18-05-2020,
CUST_9087,43,Female,Rural,Monthly,54.51,29-05-2022,
CUST_9088,41,Male,Urban,Monthly,46.44,07-06-2022,
CUST_9089,30,Male,Rural,Monthly,53.33,13-08-2018,
CUST_9090,43,Male,Suburban,Prepaid,36.32,03-02-2020,
CUST_9091,43,Male,Rural,Yearly,65.4,24-08-2018,
CUST_9092,43,Female,Rural,Monthly,61.29,11-07-2022,
CUST_9093,66,Male,Suburban,Monthly,41.57,22-05-2021,
CUST_9094,60,Female,Suburban,Monthly,28.82,10-01-2019,
CUST_9095,43,Male,Suburban,Prepaid,53.75,07-12-2021,
CUST_9096,45,Female,Urban,Prepaid,20.51,01-05-2018,
CUST_9097,43,Female,Suburban,Yearly,30.27,14-02-2023,
CUST_9098,43,Female,Urban,Yearly,43.95,11-07-2018,
CUST_9099,43,Female,Suburban,Monthly,36.78,22-12-2018,
CUST_9100,43,Male,Urban,Prepaid,69.42,12-07-2021,
CUST_9101,59,Female,Suburban,Monthly,45.06,01-06-2019,
CUST_9102,43,Male,Suburban,Monthly,57.31,20-02-2020,
CUST_9103,59,Female,Rural,Yearly,17.34,11-02-2022,
CUST_9104,53,Female,Suburban,Prepaid,23.23,18-03-2019,
CUST_9105,43,Female,Rural,Prepaid,39.86,18-06-2021,
CUST_9106,44,Male,Suburban,Prepaid,53.2,13-11-2020,
CUST_9107,63,Female,Suburban,Prepaid,30.94,01-12-2022,
CUST_9108,19,Male,Rural,Yearly,55.44,05-03-2019,
CUST_9109,42,Male,Rural,Monthly,70.23,05-07-2018,
CUST_9110,26,Male,Urban,Yearly,38.17,27-04-2021,
CUST_9111,44,Female,Rural,Prepaid,49.83,02-06-2021,
CUST_9112,18,Female,Urban,Monthly,45.89,03-11-2020,
CUST_9113,43,Female,Suburban,Monthly,43.64,29-01-2022,
CUST_9114,27,Female,Rural,Prepaid,54.78,17-09-2019,
CUST_9115,59,Female,Rural,Monthly,50.13,28-12-2022,
CUST_9116,69,Female,Suburban,Monthly,47.26,28-08-2020,
CUST_9117,42,Female,Suburban,Yearly,52.12,31-01-2021,
CUST_9118,20,Male,Suburban,Prepaid,62.94,28-02-2020,
CUST_9119,23,Female,Suburban,Yearly,59.06,07-10-2021,
CUST_9120,43,Male,Rural,Yearly,23.68,30-09-2018,
CUST_9121,43,Male,Suburban,Monthly,36.71,13-07-2019,
CUST_9122,35,Female,Suburban,Monthly,58.77,12-10-2022,
CUST_9123,40,Female,Rural,Prepaid,88.72,01-05-2021,
CUST_9124,19,Male,Urban,Monthly,40.18,03-05-2019,
CUST_9125,29,Male,Rural,Monthly,27.52,06-11-2019,
CUST_9126,39,Female,Urban,Monthly,84.17,11-04-2021,
CUST_9127,43,Male,Suburban,Prepaid,69,14-08-2020,
CUST_9128,37,Male,Rural,Yearly,68.02,06-02-2023,
CUST_9129,43,Male,Suburban,Monthly,51.65,04-06-2023,
CUST_9130,41,Male,Rural,Yearly,49.24,03-08-2018,
CUST_9131,65,Female,Urban,Monthly,47.86,08-12-2019,
CUST_9132,37,Female,Rural,Monthly,61.41,09-10-2018,
CUST_9133,18,Male,Suburban,Monthly,68.78,30-01-2022,
CUST_9134,18,Male,Rural,Monthly,262.25,17-01-2023,
CUST_9135,43,Male,Suburban,Prepaid,61.63,29-08-2020,
CUST_9136,18,Female,Rural,Prepaid,70.88,13-10-2021,
CUST_9137,43,Female,Urban,Monthly,64.08,01-10-2020,
CUST_9138,62,Male,Rural,Yearly,58.74,22-11-2019,
CUST_9139,47,Male,Rural,Monthly,39.17,07-06-2023,
CUST_9140,43,Male,Rural,Prepaid,40.24,04-05-2021,
CUST_9141,43,Female,Rural,Prepaid,24.13,31-01-2021,
CUST_9142,20,Male,Urban,Monthly,55.79,18-10-2019,
CUST_9143,43,Male,Suburban,Monthly,51.7,26-10-2019,
CUST_9144,28,Male,Rural,Yearly,69.09,24-12-2022,
CUST_9145,41,Male,Rural,Monthly,56.85,27-04-2021,
CUST_9146,43,Male,Rural,Prepaid,45.14,06-10-2018,
CUST_9147,61,Female,Urban,Monthly,42.73,05-06-2022,
CUST_9148,62,Female,Suburban,Monthly,55.18,03-12-2020,
CUST_9149,43,Female,Suburban,Monthly,53.79,16-06-2019,
CUST_9150,30,Male,Rural,Prepaid,77.35,05-12-2018,
CUST_9151,43,Female,Rural,Prepaid,48.37,26-05-2018,
CUST_9152,43,Male,Suburban,Monthly,57.3,26-12-2022,
CUST_9153,43,Female,Rural,Prepaid,74.52,01-12-2022,
CUST_9154,52,Female,Rural,Prepaid,47.8,03-07-2018,
CUST_9155,41,Male,Rural,Prepaid,45.04,24-08-2020,
CUST_9156,45,Male,Urban,Yearly,29.99,13-05-2019,
CUST_9157,53,Male,Urban,Prepaid,44.59,04-08-2019,
CUST_9158,33,Female,Suburban,Monthly,55.67,26-01-2023,
CUST_9159,57,Male,Urban,Monthly,70.61,01-09-2022,
CUST_9160,33,Female,Urban,Monthly,29.39,18-10-2021,
CUST_9161,34,Female,Suburban,Monthly,36.54,03-02-2018,
CUST_9162,43,Female,Urban,Monthly,21.74,24-05-2023,
CUST_9163,32,Male,Suburban,Monthly,77.04,13-02-2018,
CUST_9164,43,Male,Rural,Prepaid,52.42,22-04-2019,
CUST_9165,32,Male,Suburban,Monthly,43.5,16-09-2019,
CUST_9166,51,Female,Suburban,Yearly,23.05,22-01-2021,
CUST_9167,28,Female,Suburban,Yearly,49.97,23-11-2020,
CUST_9168,43,Male,Rural,Monthly,43.94,19-10-2021,
CUST_9169,32,Female,Rural,Yearly,23.1,20-03-2022,
CUST_9170,43,Female,Rural,Yearly,45.68,11-07-2022,
CUST_9171,43,Female,Suburban,Monthly,68.38,11-04-2019,
CUST_9172,21,Male,Suburban,Monthly,46.1,06-11-2021,
CUST_9173,43,Female,Suburban,Monthly,67.65,17-02-2022,
CUST_9174,22,Female,Suburban,Yearly,73.35,02-07-2018,
CUST_9175,52,Male,Suburban,Monthly,45.97,22-06-2020,
CUST_9176,30,Male,Suburban,Yearly,48.66,26-05-2023,
CUST_9177,43,Male,Suburban,Prepaid,57.52,26-02-2018,
CUST_9178,43,Male,Urban,Prepaid,65.34,13-11-2019,
CUST_9179,35,Male,Rural,Prepaid,71.34,14-03-2020,
CUST_9180,51,Male,Urban,Prepaid,72.78,02-05-2018,
CUST_9181,43,Female,Rural,Yearly,39,02-12-2022,
CUST_9182,58,Female,Suburban,Prepaid,71.82,04-05-2020,
CUST_9183,43,Female,Urban,Monthly,57.72,19-01-2022,
CUST_9184,43,Female,Suburban,Prepaid,42.17,08-11-2021,
CUST_9185,40,Male,Urban,Prepaid,32.84,13-08-2018,
CUST_9186,24,Female,Urban,Prepaid,38.02,15-11-2021,
CUST_9187,43,Male,Suburban,Yearly,55.47,12-07-2019,
CUST_9188,20,Male,Urban,Monthly,42.63,13-05-2023,
CUST_9189,43,Female,Urban,Monthly,55.44,11-12-2022,
CUST_9190,24,Female,Rural,Yearly,33.09,17-01-2021,
CUST_9191,66,Male,Suburban,Yearly,38.69,14-11-2020,
CUST_9192,43,Male,Suburban,Monthly,48.65,06-06-2018,
CUST_9193,50,Male,Urban,Prepaid,47.42,08-11-2020,
CUST_9194,43,Male,Suburban,Prepaid,30.85,25-01-2021,
CUST_9195,65,Female,Rural,Prepaid,40.56,15-10-2018,
CUST_9196,32,Male,Rural,Prepaid,23.84,06-04-2022,
CUST_9197,19,Female,Suburban,Prepaid,50.99,29-07-2022,
CUST_9198,58,Male,Suburban,Prepaid,72.92,08-11-2022,
CUST_9199,24,Male,Rural,Yearly,38.51,12-06-2022,
CUST_9200,49,Male,Suburban,Yearly,35.7,17-08-2018,
CUST_9201,21,Female,Urban,Prepaid,64.74,22-02-2023,
CUST_9202,43,Male,Suburban,Yearly,32.44,26-05-2021,
CUST_9203,43,Female,Urban,Monthly,65.08,01-04-2019,
CUST_9204,43,Female,Rural,Prepaid,31.97,18-03-2020,
CUST_9205,49,Female,Suburban,Monthly,44.67,28-07-2021,
CUST_9206,45,Male,Rural,Prepaid,46.38,23-08-2019,
CUST_9207,43,Female,Suburban,Prepaid,60.57,17-04-2018,
CUST_9208,43,Female,Urban,Monthly,78.08,22-04-2020,
CUST_9209,52,Male,Suburban,Monthly,44.8,01-12-2018,
CUST_9210,43,Male,Rural,Prepaid,49.72,13-08-2018,
CUST_9211,47,Female,Urban,Monthly,24.35,16-03-2022,
CUST_9212,53,Female,Suburban,Yearly,49.39,24-03-2022,
CUST_9213,42,Male,Rural,Monthly,67.32,02-06-2021,
CUST_9214,33,Female,Rural,Monthly,85.44,02-06-2018,
CUST_9215,36,Female,Suburban,Monthly,44.61,02-11-2019,
CUST_9216,43,Female,Rural,Monthly,60.75,04-10-2019,
CUST_9217,43,Male,Urban,Prepaid,67.36,26-04-2020,
CUST_9218,68,Female,Suburban,Yearly,28.42,08-01-2022,
CUST_9219,43,Male,Urban,Yearly,71.28,15-10-2019,
CUST_9220,43,Male,Rural,Prepaid,37.9,21-06-2018,
CUST_9221,60,Male,Rural,Monthly,53.97,13-01-2019,
CUST_9222,62,Female,Rural,Monthly,31.06,04-12-2020,
CUST_9223,69,Male,Urban,Prepaid,44.5,29-06-2018,
CUST_9224,54,Female,Rural,Prepaid,24.68,27-06-2020,
CUST_9225,43,Male,Suburban,Prepaid,54,25-07-2020,
CUST_9226,43,Female,Suburban,Yearly,73.02,15-03-2022,
CUST_9227,21,Female,Rural,Prepaid,50.49,01-11-2021,
CUST_9228,53,Female,Suburban,Prepaid,28.37,22-03-2023,
CUST_9229,69,Male,Urban,Prepaid,44.92,22-05-2021,
CUST_9230,35,Female,Urban,Monthly,53.2,26-11-2021,
CUST_9231,43,Female,Rural,Yearly,47.82,03-07-2020,
CUST_9232,43,Male,Suburban,Monthly,60.18,11-04-2023,
CUST_9233,43,Male,Suburban,Prepaid,80.23,13-03-2022,
CUST_9234,35,Female,Rural,Monthly,49.12,22-03-2023,
CUST_9235,39,Male,Urban,Monthly,48.05,24-06-2022,
CUST_9236,43,Male,Rural,Monthly,195.9,08-08-2018,
CUST_9237,43,Male,Suburban,Monthly,65.45,11-04-2020,
CUST_9238,43,Female,Suburban,Prepaid,78.66,09-05-2018,
CUST_9239,61,Male,Rural,Prepaid,47.15,04-04-2023,
CUST_9240,56,Female,Urban,Prepaid,53.82,09-08-2018,
CUST_9241,43,Male,Urban,Yearly,52.44,24-04-2018,
CUST_9242,56,Male,Rural,Monthly,38.48,21-04-2023,
CUST_9243,46,Female,Suburban,Monthly,60.99,11-01-2018,
CUST_9244,43,Male,Urban,Yearly,49.39,24-12-2018,
CUST_9245,43,Male,Rural,Yearly,53.41,01-01-2023,
CUST_9246,43,Male,Suburban,Prepaid,64.49,27-02-2022,
CUST_9247,43,Male,Urban,Prepaid,45.1,22-10-2019,
CUST_9248,48,Female,Urban,Yearly,51.41,08-07-2021,
CUST_9249,43,Female,Rural,Yearly,39.12,12-03-2022,
CUST_9250,26,Female,Suburban,Monthly,33.62,27-05-2021,
CUST_9251,43,Female,Urban,Yearly,51.82,30-10-2019,
CUST_9252,31,Female,Rural,Prepaid,53.12,26-08-2022,
CUST_9253,66,Female,Urban,Prepaid,63.85,14-03-2022,
CUST_9254,43,Female,Suburban,Monthly,38.55,06-02-2018,
CUST_9255,43,Male,Urban,Yearly,34.25,17-06-2022,
CUST_9256,69,Female,Suburban,Monthly,76.66,06-04-2019,
CUST_9257,65,Female,Urban,Monthly,51.97,04-12-2019,
CUST_9258,43,Female,Urban,Prepaid,29.34,06-06-2023,
CUST_9259,43,Male,Rural,Prepaid,49.17,10-05-2020,
CUST_9260,50,Female,Urban,Yearly,40.15,12-07-2021,
CUST_9261,52,Female,Suburban,Prepaid,55.37,16-10-2018,
CUST_9262,43,Female,Rural,Monthly,43.74,02-12-2018,
CUST_9263,43,Male,Suburban,Monthly,68.55,30-12-2021,
CUST_9264,68,Female,Suburban,Monthly,30.5,01-03-2023,
CUST_9265,37,Male,Rural,Yearly,69.17,22-01-2021,
CUST_9266,43,Male,Suburban,Monthly,61.15,20-05-2021,
CUST_9267,68,Male,Urban,Monthly,54.84,17-04-2018,
CUST_9268,58,Male,Rural,Prepaid,65.52,24-09-2021,
CUST_9269,43,Female,Urban,Prepaid,68.23,09-12-2020,
CUST_9270,54,Male,Urban,Monthly,50.02,04-02-2021,
CUST_9271,43,Male,Suburban,Prepaid,74.44,17-06-2020,
CUST_9272,33,Female,Suburban,Yearly,59.27,08-08-2021,
CUST_9273,43,Male,Urban,Monthly,41.78,25-07-2020,
CUST_9274,29,Male,Rural,Prepaid,29.8,28-01-2021,
CUST_9275,43,Male,Urban,Prepaid,66.11,07-06-2022,
CUST_9276,24,Male,Urban,Prepaid,49.99,19-11-2021,
CUST_9277,31,Male,Suburban,Monthly,23.13,24-07-2018,
CUST_9278,29,Male,Suburban,Yearly,55,17-01-2023,
CUST_9279,52,Female,Urban,Monthly,46.13,07-01-2018,
CUST_9280,22,Female,Urban,Prepaid,39.95,09-02-2018,
CUST_9281,34,Female,Suburban,Prepaid,65.14,23-02-2022,
CUST_9282,43,Female,Urban,Prepaid,38.18,16-11-2022,
CUST_9283,43,Male,Suburban,Monthly,43.2,27-07-2020,
CUST_9284,27,Male,Urban,Prepaid,46.76,18-12-2020,
CUST_9285,43,Male,Rural,Prepaid,65.25,22-12-2018,
CUST_9286,34,Female,Rural,Prepaid,32.38,05-11-2018,
CUST_9287,22,Female,Urban,Monthly,40.51,30-11-2022,
CUST_9288,43,Male,Suburban,Monthly,56.38,22-05-2018,
CUST_9289,43,Male,Urban,Yearly,57.44,03-03-2023,
CUST_9290,26,Female,Urban,Monthly,33.11,11-04-2019,
CUST_9291,66,Female,Suburban,Monthly,44.09,09-05-2023,
CUST_9292,50,Female,Urban,Prepaid,48.24,30-07-2018,
CUST_9293,43,Female,Suburban,Prepaid,54.32,26-01-2020,
CUST_9294,53,Male,Urban,Monthly,46.85,17-05-2018,
CUST_9295,35,Female,Suburban,Prepaid,73.08,01-09-2020,
CUST_9296,26,Female,Urban,Prepaid,48.52,19-09-2022,
CUST_9297,43,Male,Rural,Prepaid,72.64,11-03-2021,
CUST_9298,43,Male,Suburban,Prepaid,43.03,04-06-2019,
CUST_9299,31,Male,Rural,Prepaid,25.99,03-04-2019,
CUST_9300,42,Female,Suburban,Yearly,87.66,02-07-2020,
CUST_9301,32,Female,Suburban,Prepaid,48.7,13-04-2020,
CUST_9302,23,Female,Suburban,Prepaid,55.54,10-04-2022,
CUST_9303,43,Female,Suburban,Prepaid,28.25,16-05-2019,
CUST_9304,46,Male,Urban,Monthly,53.93,19-05-2018,
CUST_9305,32,Male,Urban,Monthly,62.32,02-04-2018,
CUST_9306,46,Female,Suburban,Prepaid,32.82,01-01-2022,
CUST_9307,43,Female,Urban,Monthly,47.86,02-10-2022,
CUST_9308,35,Female,Suburban,Prepaid,49.09,08-03-2020,
CUST_9309,67,Male,Suburban,Monthly,30.78,16-11-2018,
CUST_9310,66,Female,Rural,Monthly,74.37,05-02-2018,
CUST_9311,61,Male,Suburban,Monthly,9.86,05-11-2021,
CUST_9312,43,Female,Suburban,Monthly,17.92,09-11-2021,
CUST_9313,33,Male,Urban,Prepaid,51.59,12-10-2018,
CUST_9314,43,Male,Suburban,Monthly,35.08,07-06-2019,
CUST_9315,43,Female,Suburban,Prepaid,60.16,14-05-2021,
CUST_9316,43,Male,Rural,Yearly,44.82,11-03-2022,
CUST_9317,68,Male,Urban,Prepaid,55.98,27-05-2018,
CUST_9318,67,Female,Urban,Monthly,29.49,29-06-2022,
CUST_9319,43,Male,Rural,Prepaid,44.04,20-04-2018,
CUST_9320,55,Female,Suburban,Prepaid,43.36,30-04-2023,
CUST_9321,62,Male,Rural,Monthly,85.16,06-04-2019,
CUST_9322,43,Male,Urban,Monthly,43.21,21-02-2021,
CUST_9323,35,Male,Rural,Prepaid,15.66,01-06-2019,
CUST_9324,37,Male,Urban,Prepaid,66.52,11-06-2019,
CUST_9325,65,Female,Rural,Monthly,46.34,17-04-2021,
CUST_9326,43,Female,Suburban,Prepaid,54.04,28-08-2020,
CUST_9327,43,Female,Suburban,Monthly,44.82,25-11-2019,
CUST_9328,30,Male,Urban,Monthly,30.86,19-04-2018,
CUST_9329,43,Male,Rural,Monthly,69.6,29-05-2021,
CUST_9330,31,Female,Urban,Prepaid,35.33,21-01-2021,
CUST_9331,43,Female,Suburban,Monthly,27.76,01-05-2019,
CUST_9332,43,Female,Urban,Prepaid,57.05,19-05-2020,
CUST_9333,69,Female,Suburban,Prepaid,52.34,20-05-2022,
CUST_9334,54,Male,Urban,Monthly,66.04,30-01-2018,
CUST_9335,43,Female,Rural,Prepaid,54.21,30-11-2020,
CUST_9336,43,Male,Suburban,Prepaid,48.87,12-05-2021,
CUST_9337,51,Female,Urban,Monthly,63.61,18-09-2018,
CUST_9338,61,Male,Suburban,Yearly,25.28,06-02-2020,
CUST_9339,22,Female,Rural,Monthly,47.27,07-08-2020,
CUST_9340,43,Female,Suburban,Prepaid,35.8,06-08-2020,
CUST_9341,43,Male,Rural,Prepaid,53.8,28-02-2021,
CUST_9342,62,Male,Suburban,Monthly,62.24,22-07-2019,
CUST_9343,43,Female,Rural,Monthly,54.18,26-11-2020,
CUST_9344,59,Male,Suburban,Prepaid,60.63,05-02-2018,
CUST_9345,43,Female,Rural,Monthly,68.58,15-02-2023,
CUST_9346,43,Male,Urban,Prepaid,57.55,27-04-2018,
CUST_9347,43,Female,Urban,Prepaid,61.12,20-11-2019,
CUST_9348,43,Female,Suburban,Prepaid,78.12,03-11-2018,
CUST_9349,67,Female,Rural,Monthly,89.6,15-11-2020,
CUST_9350,43,Female,Urban,Prepaid,47.65,13-04-2022,
CUST_9351,46,Female,Suburban,Prepaid,35.9,28-10-2019,
CUST_9352,20,Female,Urban,Prepaid,11.31,03-03-2019,
CUST_9353,43,Female,Rural,Yearly,78.87,20-02-2022,
CUST_9354,47,Female,Suburban,Monthly,41.48,08-10-2022,
CUST_9355,43,Male,Rural,Prepaid,56.94,14-02-2021,
CUST_9356,43,Male,Rural,Monthly,59.9,29-12-2018,
CUST_9357,19,Male,Rural,Prepaid,62.08,22-04-2022,
CUST_9358,20,Female,Urban,Monthly,46.24,27-12-2018,
CUST_9359,43,Female,Suburban,Monthly,61.92,28-07-2022,
CUST_9360,21,Female,Rural,Monthly,58.13,28-06-2021,
CUST_9361,42,Male,Urban,Prepaid,39.83,23-10-2022,
CUST_9362,43,Male,Rural,Yearly,74.4,01-12-2018,
CUST_9363,30,Male,Urban,Monthly,60.15,18-04-2023,
CUST_9364,43,Male,Suburban,Yearly,30.74,23-03-2023,
CUST_9365,43,Male,Suburban,Monthly,44.43,21-03-2018,
CUST_9366,52,Female,Suburban,Yearly,44.09,27-05-2020,
CUST_9367,40,Male,Suburban,Monthly,41.45,07-07-2022,
CUST_9368,43,Female,Rural,Prepaid,59.17,03-03-2021,
CUST_9369,19,Female,Urban,Monthly,69.37,17-07-2022,
CUST_9370,58,Female,Suburban,Monthly,33.59,26-04-2020,
CUST_9371,61,Male,Rural,Yearly,44.64,04-06-2019,
CUST_9372,48,Male,Suburban,Prepaid,67.19,01-12-2021,
CUST_9373,61,Female,Suburban,Monthly,37.4,21-12-2021,
CUST_9374,64,Male,Suburban,Yearly,39.29,29-06-2022,
CUST_9375,43,Male,Urban,Yearly,16.21,30-04-2023,
CUST_9376,49,Female,Urban,Prepaid,61.53,16-02-2019,
CUST_9377,35,Female,Urban,Monthly,53.03,23-11-2022,
CUST_9378,43,Female,Suburban,Monthly,44.99,09-01-2023,
CUST_9379,43,Female,Rural,Prepaid,25.92,05-06-2018,
CUST_9380,43,Female,Rural,Yearly,44.86,08-10-2020,
CUST_9381,59,Male,Rural,Monthly,21.16,06-03-2018,
CUST_9382,61,Female,Suburban,Monthly,47.37,21-10-2022,
CUST_9383,27,Male,Urban,Yearly,78.81,06-02-2018,
CUST_9384,60,Male,Rural,Prepaid,52.94,29-03-2018,
CUST_9385,43,Female,Suburban,Yearly,68.49,01-01-2019,
CUST_9386,43,Female,Suburban,Monthly,69.58,01-05-2022,
CUST_9387,54,Male,Rural,Yearly,42.08,11-12-2019,
CUST_9388,43,Female,Rural,Monthly,59.28,24-01-2022,
CUST_9389,24,Male,Suburban,Prepaid,9.04,10-03-2021,
CUST_9390,43,Female,Rural,Monthly,54.22,04-04-2022,
CUST_9391,43,Female,Suburban,Prepaid,66.13,22-02-2022,
CUST_9392,30,Male,Rural,Monthly,57.84,10-05-2021,
CUST_9393,20,Male,Urban,Monthly,44.62,13-03-2022,
CUST_9394,43,Female,Suburban,Monthly,68.84,02-03-2020,
CUST_9395,43,Female,Urban,Monthly,67.06,06-05-2020,
CUST_9396,23,Female,Rural,Monthly,49.26,25-04-2022,
CUST_9397,60,Male,Suburban,Monthly,72.36,17-05-2023,
CUST_9398,43,Female,Rural,Monthly,57.77,08-12-2022,
CUST_9399,43,Female,Suburban,Yearly,25.85,08-12-2022,
CUST_9400,43,Female,Rural,Prepaid,54.8,28-05-2022,
CUST_9401,43,Female,Urban,Yearly,39.25,21-10-2018,
CUST_9402,43,Male,Urban,Prepaid,57.45,24-01-2020,
CUST_9403,19,Male,Rural,Monthly,50.07,18-05-2023,
CUST_9404,43,Male,Urban,Monthly,369.55,19-11-2019,
CUST_9405,43,Female,Urban,Monthly,66.75,23-07-2018,
CUST_9406,51,Female,Rural,Prepaid,73.85,20-08-2020,
CUST_9407,43,Female,Suburban,Prepaid,49.85,18-12-2022,
CUST_9408,43,Male,Rural,Prepaid,67.34,23-06-2023,
CUST_9409,38,Male,Suburban,Monthly,53.17,01-06-2023,
CUST_9410,53,Male,Urban,Prepaid,35.24,06-07-2022,
CUST_9411,57,Male,Urban,Prepaid,37.83,07-11-2020,
CUST_9412,69,Female,Urban,Prepaid,44.82,12-01-2019,
CUST_9413,63,Male,Urban,Prepaid,68.75,08-02-2021,
CUST_9414,43,Male,Urban,Yearly,68.25,08-05-2018,
CUST_9415,39,Female,Suburban,Monthly,40.3,14-09-2020,
CUST_9416,47,Male,Suburban,Yearly,60.76,21-03-2022,
CUST_9417,67,Female,Suburban,Monthly,50.24,13-05-2018,
CUST_9418,60,Female,Rural,Yearly,35.83,03-11-2019,
CUST_9419,47,Female,Urban,Monthly,32.28,30-04-2018,
CUST_9420,25,Female,Urban,Monthly,46.53,21-06-2019,
CUST_9421,51,Female,Urban,Monthly,64,06-07-2022,
CUST_9422,64,Male,Rural,Prepaid,42.4,15-03-2021,
CUST_9423,43,Male,Rural,Monthly,61.85,07-07-2018,
CUST_9424,68,Female,Rural,Yearly,54.65,03-09-2022,
CUST_9425,37,Male,Urban,Monthly,25.43,12-02-2019,
CUST_9426,43,Female,Suburban,Monthly,80.12,05-11-2022,
CUST_9427,42,Male,Rural,Yearly,67.92,19-06-2022,
CUST_9428,43,Male,Rural,Yearly,28.87,14-04-2020,
CUST_9429,43,Male,Suburban,Monthly,55.99,06-09-2018,
CUST_9430,28,Male,Rural,Yearly,72.14,01-03-2019,
CUST_9431,32,Male,Suburban,Prepaid,56.16,11-07-2021,
CUST_9432,25,Male,Urban,Prepaid,43.78,31-05-2022,
CUST_9433,36,Male,Suburban,Prepaid,48.16,31-12-2021,
CUST_9434,40,Female,Suburban,Monthly,46.23,21-09-2022,
CUST_9435,43,Female,Urban,Prepaid,47.88,27-09-2019,
CUST_9436,57,Female,Rural,Prepaid,66.87,19-08-2019,
CUST_9437,49,Male,Urban,Prepaid,57.09,23-08-2022,
CUST_9438,43,Male,Rural,Prepaid,37.05,23-08-2020,
CUST_9439,43,Female,Rural,Monthly,45.92,06-08-2022,
CUST_9440,43,Female,Suburban,Prepaid,44.05,22-05-2023,
CUST_9441,67,Male,Urban,Monthly,54.34,25-07-2019,
CUST_9442,59,Female,Suburban,Prepaid,33.25,17-02-2019,
CUST_9443,43,Female,Urban,Prepaid,27.4,14-08-2018,
CUST_9444,43,Female,Urban,Yearly,36.08,09-01-2022,
CUST_9445,43,Female,Suburban,Yearly,26.6,05-01-2020,
CUST_9446,50,Male,Rural,Monthly,27.09,25-09-2020,
CUST_9447,36,Female,Rural,Prepaid,68.37,13-01-2023,
CUST_9448,54,Female,Urban,Yearly,48.07,19-11-2021,
CUST_9449,36,Female,Rural,Monthly,55.58,02-11-2021,
CUST_9450,50,Female,Suburban,Monthly,50.91,20-01-2023,
CUST_9451,43,Male,Suburban,Monthly,51.75,28-08-2022,
CUST_9452,33,Female,Suburban,Prepaid,54.48,20-08-2022,
CUST_9453,40,Female,Urban,Monthly,58.81,03-11-2018,
CUST_9454,24,Female,Urban,Monthly,55.54,03-06-2023,
CUST_9455,43,Female,Rural,Monthly,91.83,08-08-2019,
CUST_9456,43,Female,Suburban,Prepaid,34.62,18-10-2019,
CUST_9457,29,Male,Suburban,Yearly,34.1,21-08-2021,
CUST_9458,25,Female,Urban,Prepaid,41.79,06-05-2022,
CUST_9459,43,Female,Urban,Monthly,30.16,12-03-2019,
CUST_9460,43,Male,Urban,Prepaid,45.68,17-11-2021,
CUST_9461,45,Female,Suburban,Monthly,35.65,13-05-2018,
CUST_9462,43,Male,Suburban,Prepaid,51.22,06-06-2022,
CUST_9463,66,Female,Rural,Monthly,51.1,17-03-2019,
CUST_9464,43,Male,Suburban,Prepaid,30.43,08-05-2023,
CUST_9465,22,Male,Rural,Monthly,61.5,09-11-2020,
CUST_9466,39,Female,Rural,Prepaid,37.97,06-12-2021,
CUST_9467,32,Male,Suburban,Yearly,35.93,26-06-2019,
CUST_9468,30,Female,Rural,Yearly,56.59,16-10-2018,
CUST_9469,45,Male,Rural,Monthly,50,09-09-2021,
CUST_9470,50,Male,Urban,Yearly,50.02,07-08-2018,
CUST_9471,43,Female,Suburban,Prepaid,35.11,22-02-2019,
CUST_9472,40,Male,Rural,Yearly,33.3,21-08-2021,
CUST_9473,43,Female,Rural,Prepaid,61.96,22-05-2022,
CUST_9474,60,Male,Rural,Monthly,48.89,31-03-2020,
CUST_9475,35,Male,Suburban,Prepaid,53.44,23-06-2021,
CUST_9476,43,Female,Urban,Yearly,52.29,02-03-2020,
CUST_9477,47,Female,Urban,Monthly,60.17,28-02-2019,
CUST_9478,43,Male,Suburban,Monthly,49.14,18-09-2018,
CUST_9479,43,Female,Suburban,Yearly,46.52,08-02-2018,
CUST_9480,30,Female,Suburban,Monthly,60.76,25-10-2021,
CUST_9481,56,Male,Suburban,Monthly,83.52,10-05-2022,
CUST_9482,50,Male,Urban,Prepaid,31.37,09-04-2019,
CUST_9483,43,Female,Rural,Yearly,41.77,31-12-2021,
CUST_9484,65,Male,Rural,Yearly,54.39,27-10-2020,
CUST_9485,43,Female,Suburban,Yearly,17.36,31-07-2021,
CUST_9486,43,Female,Suburban,Prepaid,66.66,15-02-2021,
CUST_9487,43,Female,Rural,Prepaid,61.92,24-06-2022,
CUST_9488,19,Female,Urban,Prepaid,50.45,20-03-2022,
CUST_9489,43,Female,Suburban,Prepaid,57,20-11-2021,
CUST_9490,43,Female,Suburban,Prepaid,72.6,10-08-2021,
CUST_9491,63,Male,Urban,Monthly,54.34,09-07-2021,
CUST_9492,43,Female,Urban,Yearly,31.02,02-01-2022,
CUST_9493,43,Male,Urban,Yearly,64.41,01-09-2020,
CUST_9494,43,Female,Suburban,Prepaid,63.9,15-11-2018,
CUST_9495,41,Male,Urban,Prepaid,53.12,26-11-2018,
CUST_9496,35,Male,Suburban,Prepaid,89.23,29-09-2021,
CUST_9497,44,Male,Suburban,Prepaid,48.43,22-12-2021,
CUST_9498,43,Female,Urban,Monthly,23.09,02-04-2021,
CUST_9499,25,Male,Rural,Prepaid,53.89,28-11-2019,
CUST_9500,45,Male,Urban,Yearly,52.2,14-07-2021,
CUST_9501,43,Female,Rural,Monthly,83.4,18-02-2023,
CUST_9502,34,Male,Urban,Monthly,55.35,16-02-2020,
CUST_9503,46,Male,Urban,Monthly,46.38,15-12-2018,
CUST_9504,23,Female,Suburban,Monthly,31.17,26-02-2018,
CUST_9505,43,Male,Suburban,Monthly,77.12,13-08-2022,
CUST_9506,39,Male,Suburban,Yearly,15.78,26-12-2018,
CUST_9507,23,Female,Suburban,Monthly,57.04,26-07-2022,
CUST_9508,43,Male,Suburban,Yearly,19.86,30-07-2018,
CUST_9509,56,Male,Suburban,Prepaid,45.62,19-01-2023,
CUST_9510,43,Male,Suburban,Prepaid,44.67,17-10-2018,
CUST_9511,43,Male,Rural,Yearly,39.7,29-05-2021,
CUST_9512,31,Female,Rural,Prepaid,44.45,02-01-2020,
CUST_9513,43,Female,Suburban,Monthly,52.1,19-09-2018,
CUST_9514,68,Female,Rural,Monthly,43.09,07-05-2020,
CUST_9515,43,Female,Urban,Prepaid,48.23,28-02-2021,
CUST_9516,43,Male,Rural,Monthly,39.58,15-03-2022,
CUST_9517,43,Female,Suburban,Yearly,46.37,21-08-2019,
CUST_9518,57,Female,Rural,Yearly,64.59,20-05-2021,
CUST_9519,43,Male,Urban,Monthly,43.08,16-11-2020,
CUST_9520,43,Male,Rural,Monthly,73.42,10-10-2020,
CUST_9521,30,Male,Suburban,Yearly,64.57,17-10-2020,
CUST_9522,38,Female,Urban,Monthly,62.32,12-03-2022,
CUST_9523,58,Male,Urban,Prepaid,50.11,17-03-2022,
CUST_9524,27,Male,Rural,Prepaid,35.73,30-09-2018,
CUST_9525,26,Male,Urban,Monthly,51.48,20-02-2023,
CUST_9526,32,Female,Urban,Prepaid,76.38,06-06-2021,
CUST_9527,69,Female,Urban,Prepaid,37.62,27-04-2020,
CUST_9528,19,Female,Suburban,Yearly,54.41,09-03-2018,
CUST_9529,42,Female,Urban,Monthly,36.38,06-01-2019,
CUST_9530,43,Female,Rural,Yearly,43.96,13-01-2019,
CUST_9531,51,Female,Rural,Monthly,54.5,14-02-2023,
CUST_9532,68,Female,Urban,Monthly,55.47,17-08-2022,
CUST_9533,51,Male,Rural,Prepaid,51.76,05-08-2020,
CUST_9534,43,Male,Urban,Yearly,59.1,16-03-2018,
CUST_9535,43,Male,Rural,Prepaid,56.82,07-06-2023,
CUST_9536,43,Female,Urban,Monthly,45.08,11-11-2019,
CUST_9537,59,Female,Urban,Prepaid,60.85,30-09-2020,
CUST_9538,23,Male,Urban,Prepaid,35.5,21-07-2022,
CUST_9539,65,Male,Suburban,Prepaid,46.12,10-10-2020,
CUST_9540,66,Female,Rural,Monthly,43.03,28-10-2019,
CUST_9541,36,Female,Urban,Yearly,55.58,27-11-2018,
CUST_9542,20,Female,Suburban,Monthly,14.34,21-10-2020,
CUST_9543,35,Female,Suburban,Monthly,44.01,02-05-2021,
CUST_9544,43,Female,Urban,Yearly,56.85,25-09-2018,
CUST_9545,43,Female,Urban,Monthly,87.05,24-01-2021,
CUST_9546,69,Female,Urban,Yearly,50.75,26-08-2020,
CUST_9547,29,Female,Urban,Monthly,33.77,07-01-2023,
CUST_9548,22,Male,Urban,Yearly,60.12,21-08-2018,
CUST_9549,43,Female,Rural,Monthly,39.8,07-07-2020,
CUST_9550,28,Female,Urban,Prepaid,29.63,14-10-2021,
CUST_9551,47,Female,Urban,Prepaid,52.74,11-03-2019,
CUST_9552,43,Male,Rural,Prepaid,69.84,13-09-2021,
CUST_9553,22,Male,Suburban,Prepaid,37.97,13-11-2019,
CUST_9554,18,Female,Rural,Yearly,46.83,29-04-2023,
CUST_9555,44,Male,Suburban,Monthly,60.39,26-01-2020,
CUST_9556,45,Male,Suburban,Yearly,65.34,01-02-2022,
CUST_9557,43,Male,Rural,Monthly,71.39,25-05-2019,
CUST_9558,35,Female,Urban,Monthly,39.54,05-11-2019,
CUST_9559,43,Female,Suburban,Prepaid,48.12,08-10-2020,
CUST_9560,30,Female,Urban,Monthly,17.46,20-09-2020,
CUST_9561,58,Female,Rural,Monthly,44.08,05-07-2022,
CUST_9562,19,Female,Suburban,Yearly,34.27,05-07-2019,
CUST_9563,54,Female,Urban,Monthly,52.11,26-02-2018,
CUST_9564,62,Female,Suburban,Monthly,63.29,24-10-2022,
CUST_9565,43,Male,Suburban,Prepaid,60.35,02-01-2018,
CUST_9566,43,Female,Rural,Monthly,32.61,22-02-2022,
CUST_9567,43,Female,Urban,Yearly,44.03,31-10-2022,
CUST_9568,52,Female,Urban,Monthly,56.92,16-05-2022,
CUST_9569,39,Female,Suburban,Prepaid,51.88,20-06-2022,
CUST_9570,53,Female,Urban,Prepaid,39.45,11-09-2020,
CUST_9571,28,Female,Suburban,Monthly,55.62,28-01-2023,
CUST_9572,63,Female,Rural,Monthly,61.49,02-02-2023,
CUST_9573,46,Female,Rural,Prepaid,47.16,17-03-2023,
CUST_9574,52,Male,Urban,Yearly,35.14,21-03-2023,
CUST_9575,65,Male,Rural,Prepaid,55.66,01-08-2021,
CUST_9576,43,Female,Rural,Prepaid,37.06,10-04-2023,
CUST_9577,43,Female,Urban,Monthly,69.84,29-07-2018,
CUST_9578,43,Male,Suburban,Monthly,10.44,23-06-2018,
CUST_9579,58,Female,Rural,Yearly,45.13,05-03-2022,
CUST_9580,43,Female,Urban,Prepaid,36.65,15-06-2021,
CUST_9581,43,Male,Urban,Prepaid,60.68,04-02-2022,
CUST_9582,27,Female,Urban,Prepaid,71.5,14-02-2022,
CUST_9583,66,Female,Rural,Prepaid,40.19,24-08-2019,
CUST_9584,43,Female,Rural,Yearly,35.93,12-10-2019,
CUST_9585,43,Male,Suburban,Prepaid,59.66,15-04-2023,
CUST_9586,19,Male,Suburban,Yearly,23.16,23-03-2020,
CUST_9587,43,Female,Suburban,Monthly,53.7,24-06-2020,
CUST_9588,43,Male,Suburban,Monthly,49.49,17-06-2022,
CUST_9589,19,Male,Suburban,Yearly,46.72,02-04-2023,
CUST_9590,55,Male,Suburban,Prepaid,37.42,17-11-2022,
CUST_9591,48,Female,Urban,Prepaid,18.33,28-12-2021,
CUST_9592,68,Male,Suburban,Monthly,64.61,17-04-2021,
CUST_9593,43,Male,Rural,Prepaid,59.44,17-04-2023,
CUST_9594,43,Male,Suburban,Yearly,49.13,27-07-2019,
CUST_9595,43,Female,Rural,Yearly,53.44,28-07-2018,
CUST_9596,20,Male,Suburban,Yearly,47.74,03-08-2022,
CUST_9597,43,Male,Urban,Yearly,64.73,13-04-2022,
CUST_9598,43,Female,Urban,Monthly,47.02,11-06-2021,
CUST_9599,65,Male,Rural,Monthly,49.53,23-06-2021,
CUST_9600,18,Male,Suburban,Prepaid,52.21,21-01-2020,
CUST_9601,43,Male,Urban,Monthly,44.23,23-04-2021,
CUST_9602,43,Female,Urban,Prepaid,48.61,11-01-2020,
CUST_9603,35,Female,Suburban,Yearly,48.03,17-03-2018,
CUST_9604,26,Male,Rural,Yearly,39.72,19-06-2022,
CUST_9605,55,Male,Rural,Prepaid,35.71,16-12-2018,
CUST_9606,43,Male,Rural,Prepaid,47.04,13-12-2019,
CUST_9607,38,Male,Urban,Monthly,45.46,15-07-2022,
CUST_9608,18,Male,Suburban,Monthly,65.88,16-11-2018,
CUST_9609,43,Male,Urban,Monthly,35.57,18-01-2022,
CUST_9610,44,Female,Urban,Monthly,41.63,17-04-2021,
CUST_9611,43,Male,Urban,Yearly,52.77,16-06-2020,
CUST_9612,23,Male,Urban,Prepaid,55.97,02-12-2019,
CUST_9613,61,Male,Suburban,Monthly,47.91,10-06-2018,
CUST_9614,53,Female,Urban,Monthly,62.28,19-02-2019,
CUST_9615,45,Male,Urban,Prepaid,48.43,24-08-2021,
CUST_9616,62,Female,Rural,Monthly,36.98,04-08-2020,
CUST_9617,34,Male,Urban,Yearly,49.41,03-09-2019,
CUST_9618,57,Male,Suburban,Yearly,61.18,21-06-2019,
CUST_9619,43,Male,Urban,Monthly,64.59,11-08-2019,
CUST_9620,43,Male,Suburban,Yearly,64.17,05-02-2023,
CUST_9621,29,Male,Suburban,Prepaid,52.91,05-07-2018,
CUST_9622,56,Male,Suburban,Yearly,53.94,28-11-2020,
CUST_9623,29,Female,Rural,Prepaid,58.85,14-11-2021,
CUST_9624,19,Male,Rural,Monthly,25.57,10-05-2021,
CUST_9625,63,Male,Urban,Prepaid,39.23,31-01-2019,
CUST_9626,43,Male,Urban,Yearly,54.48,25-07-2022,
CUST_9627,40,Female,Urban,Prepaid,35.21,16-07-2018,
CUST_9628,47,Male,Suburban,Prepaid,67.27,30-12-2019,
CUST_9629,43,Female,Suburban,Monthly,66.01,09-06-2019,
CUST_9630,43,Male,Suburban,Prepaid,41.87,20-12-2020,
CUST_9631,43,Male,Urban,Prepaid,36.4,06-09-2019,
CUST_9632,43,Female,Urban,Monthly,56.45,02-03-2018,
CUST_9633,22,Female,Urban,Prepaid,30.84,12-06-2022,
CUST_9634,43,Male,Urban,Prepaid,52.1,29-12-2022,
CUST_9635,44,Female,Rural,Prepaid,92.45,16-07-2019,
CUST_9636,66,Female,Rural,Prepaid,34.87,23-06-2020,
CUST_9637,19,Male,Rural,Monthly,38.27,14-02-2023,
CUST_9638,41,Male,Urban,Monthly,40.74,24-10-2018,
CUST_9639,48,Male,Rural,Monthly,36.53,17-10-2022,
CUST_9640,50,Female,Rural,Prepaid,37.29,18-04-2022,
CUST_9641,43,Male,Urban,Monthly,75.78,05-02-2018,
CUST_9642,47,Male,Rural,Monthly,50.94,13-06-2020,
CUST_9643,43,Female,Urban,Prepaid,63.64,06-10-2020,
CUST_9644,54,Female,Urban,Prepaid,67.99,08-03-2018,
CUST_9645,43,Male,Urban,Prepaid,22.94,11-12-2019,
CUST_9646,45,Female,Suburban,Prepaid,38.46,13-08-2022,
CUST_9647,43,Female,Urban,Prepaid,36.4,28-02-2019,
CUST_9648,43,Female,Rural,Prepaid,10.52,26-04-2022,
CUST_9649,43,Male,Rural,Monthly,56.39,27-11-2021,
CUST_9650,43,Male,Urban,Monthly,54.56,24-08-2018,
CUST_9651,57,Male,Suburban,Yearly,69.84,28-05-2018,
CUST_9652,58,Female,Suburban,Monthly,57.11,24-09-2021,
CUST_9653,44,Male,Suburban,Monthly,10.89,10-02-2021,
CUST_9654,43,Male,Rural,Prepaid,39.47,03-10-2019,
CUST_9655,43,Female,Suburban,Prepaid,40.56,09-09-2018,
CUST_9656,56,Female,Suburban,Monthly,57.67,17-01-2023,
CUST_9657,54,Male,Urban,Monthly,10.21,11-03-2018,
CUST_9658,38,Female,Suburban,Monthly,58.16,08-07-2019,
CUST_9659,22,Male,Suburban,Yearly,61.82,08-01-2021,
CUST_9660,43,Male,Suburban,Prepaid,46.25,05-04-2022,
CUST_9661,62,Male,Urban,Prepaid,38.01,12-02-2021,
CUST_9662,43,Female,Urban,Monthly,67.67,23-04-2023,
CUST_9663,43,Female,Suburban,Monthly,29.25,05-09-2018,
CUST_9664,37,Male,Rural,Prepaid,67.19,20-02-2018,
CUST_9665,55,Male,Rural,Monthly,63.63,18-06-2022,
CUST_9666,37,Male,Urban,Prepaid,58.41,21-10-2022,
CUST_9667,43,Male,Suburban,Monthly,77.25,21-06-2018,
CUST_9668,42,Female,Rural,Prepaid,50.25,19-02-2019,
CUST_9669,19,Male,Suburban,Monthly,59.32,07-05-2023,
CUST_9670,43,Male,Urban,Monthly,49.28,29-03-2021,
CUST_9671,43,Female,Rural,Yearly,45.18,16-11-2020,
CUST_9672,23,Male,Urban,Yearly,57.93,18-07-2018,
CUST_9673,58,Male,Suburban,Monthly,45.45,04-08-2018,
CUST_9674,43,Male,Urban,Monthly,50.94,16-01-2023,
CUST_9675,50,Male,Urban,Monthly,51.02,15-01-2019,
CUST_9676,18,Male,Urban,Prepaid,43.93,25-08-2021,
CUST_9677,68,Female,Urban,Prepaid,61.02,14-02-2022,
CUST_9678,43,Female,Rural,Prepaid,23.43,02-07-2020,
CUST_9679,43,Female,Suburban,Monthly,39.57,17-02-2023,
CUST_9680,36,Female,Rural,Monthly,35.4,06-04-2022,
CUST_9681,43,Male,Suburban,Prepaid,54.61,16-09-2022,
CUST_9682,65,Female,Suburban,Monthly,46.43,11-01-2020,
CUST_9683,42,Female,Suburban,Monthly,28.72,05-02-2020,
CUST_9684,68,Female,Suburban,Monthly,57.05,20-03-2023,
CUST_9685,52,Female,Suburban,Monthly,53.41,28-07-2022,
CUST_9686,43,Female,Rural,Prepaid,50.55,29-12-2022,
CUST_9687,47,Female,Suburban,Prepaid,61.71,03-09-2021,
CUST_9688,22,Female,Urban,Yearly,57.83,09-08-2022,
CUST_9689,51,Female,Rural,Prepaid,46.5,17-08-2020,
CUST_9690,39,Male,Rural,Monthly,56.24,14-10-2019,
CUST_9691,56,Female,Suburban,Monthly,70.54,07-12-2019,
CUST_9692,30,Male,Urban,Yearly,47.7,06-12-2021,
CUST_9693,64,Female,Urban,Monthly,68.7,21-02-2018,
CUST_9694,20,Female,Suburban,Monthly,78.43,16-12-2018,
CUST_9695,37,Female,Suburban,Prepaid,54.95,03-04-2020,
CUST_9696,43,Male,Urban,Yearly,34.92,05-07-2018,
CUST_9697,22,Male,Rural,Monthly,45.54,25-01-2019,
CUST_9698,43,Female,Rural,Prepaid,52.44,25-12-2018,
CUST_9699,43,Male,Suburban,Monthly,50.3,09-12-2022,
CUST_9700,50,Female,Rural,Prepaid,51.93,04-02-2018,
CUST_9701,43,Male,Rural,Prepaid,68.22,20-01-2020,
CUST_9702,41,Male,Urban,Monthly,37.25,13-12-2022,
CUST_9703,67,Male,Rural,Monthly,55.52,16-06-2018,
CUST_9704,37,Female,Urban,Monthly,63.82,27-01-2020,
CUST_9705,43,Male,Suburban,Monthly,46.24,25-02-2020,
CUST_9706,67,Male,Suburban,Monthly,34.61,09-01-2022,
CUST_9707,43,Female,Urban,Monthly,46.92,28-02-2023,
CUST_9708,29,Male,Urban,Prepaid,34.38,03-01-2019,
CUST_9709,30,Female,Suburban,Prepaid,39.4,07-12-2022,
CUST_9710,62,Female,Urban,Prepaid,58.72,07-05-2022,
CUST_9711,43,Male,Suburban,Prepaid,53.97,20-05-2022,
CUST_9712,43,Female,Suburban,Yearly,60.68,23-11-2018,
CUST_9713,42,Male,Suburban,Yearly,57.26,05-03-2023,
CUST_9714,43,Male,Suburban,Prepaid,46.91,15-10-2018,
CUST_9715,49,Female,Suburban,Monthly,34.85,30-06-2019,
CUST_9716,41,Male,Suburban,Yearly,54.86,10-03-2020,
CUST_9717,65,Male,Rural,Prepaid,41.98,30-07-2020,
CUST_9718,43,Female,Rural,Monthly,47.91,20-01-2022,
CUST_9719,61,Female,Suburban,Prepaid,39.28,16-07-2022,
CUST_9720,26,Male,Rural,Monthly,63.56,18-01-2020,
CUST_9721,57,Female,Urban,Yearly,16.38,06-10-2021,
CUST_9722,67,Female,Urban,Yearly,57.73,19-02-2023,
CUST_9723,43,Female,Suburban,Monthly,52.24,20-04-2022,
CUST_9724,67,Female,Rural,Monthly,63.3,19-10-2022,
CUST_9725,30,Male,Urban,Monthly,31.66,06-05-2019,
CUST_9726,49,Male,Urban,Prepaid,49.31,26-06-2018,
CUST_9727,67,Female,Urban,Prepaid,43.58,05-02-2019,
CUST_9728,32,Male,Urban,Yearly,47.63,27-08-2021,
CUST_9729,53,Female,Rural,Prepaid,50.26,02-02-2021,
CUST_9730,43,Female,Urban,Prepaid,42.81,26-07-2018,
CUST_9731,22,Male,Urban,Monthly,48.38,04-02-2023,
CUST_9732,39,Male,Urban,Yearly,68.59,20-12-2022,
CUST_9733,33,Male,Suburban,Monthly,71.71,15-07-2019,
CUST_9734,58,Male,Urban,Monthly,53.58,24-02-2023,
CUST_9735,27,Female,Urban,Monthly,72,17-01-2020,
CUST_9736,43,Female,Rural,Monthly,28.34,06-02-2021,
CUST_9737,43,Male,Urban,Monthly,62.07,14-04-2020,
CUST_9738,66,Female,Urban,Yearly,53.19,16-11-2021,
CUST_9739,35,Male,Urban,Monthly,44.43,29-02-2020,
CUST_9740,24,Male,Suburban,Monthly,59.2,29-11-2020,
CUST_9741,21,Male,Rural,Yearly,52.35,22-04-2020,
CUST_9742,43,Female,Rural,Monthly,41.01,11-08-2019,
CUST_9743,22,Female,Suburban,Prepaid,60.49,06-06-2021,
CUST_9744,33,Male,Suburban,Prepaid,49.32,03-05-2019,
CUST_9745,43,Male,Rural,Yearly,39.28,29-09-2022,
CUST_9746,43,Male,Urban,Monthly,62.16,04-06-2022,
CUST_9747,35,Male,Rural,Monthly,24.44,28-10-2019,
CUST_9748,43,Female,Suburban,Prepaid,74.65,01-09-2021,
CUST_9749,40,Female,Urban,Monthly,63.6,03-02-2019,
CUST_9750,31,Male,Rural,Monthly,21.64,01-10-2022,
CUST_9751,32,Male,Urban,Monthly,68.21,26-01-2021,
CUST_9752,66,Female,Urban,Prepaid,51.27,25-03-2020,
CUST_9753,50,Male,Suburban,Prepaid,19.14,20-08-2022,
CUST_9754,42,Female,Rural,Yearly,22.08,06-02-2022,
CUST_9755,43,Female,Suburban,Yearly,58.59,14-12-2020,
CUST_9756,34,Male,Rural,Monthly,33.61,15-01-2021,
CUST_9757,43,Female,Rural,Monthly,36.88,08-09-2018,
CUST_9758,60,Female,Urban,Monthly,51.58,07-03-2022,
CUST_9759,34,Female,Urban,Yearly,57.59,17-05-2021,
CUST_9760,31,Female,Urban,Monthly,53.19,24-02-2022,
CUST_9761,43,Male,Suburban,Yearly,36.4,15-10-2020,
CUST_9762,37,Female,Urban,Prepaid,38.75,29-05-2022,
CUST_9763,43,Female,Suburban,Monthly,34.09,18-06-2018,
CUST_9764,36,Female,Urban,Monthly,53.46,14-09-2018,
CUST_9765,56,Male,Suburban,Prepaid,52.7,22-11-2021,
CUST_9766,43,Male,Rural,Monthly,55.97,19-04-2022,
CUST_9767,43,Male,Suburban,Monthly,52.76,07-12-2022,
CUST_9768,43,Female,Suburban,Monthly,51.69,09-04-2018,
CUST_9769,63,Male,Suburban,Monthly,63.4,25-04-2023,
CUST_9770,50,Male,Rural,Prepaid,51.46,08-07-2019,
CUST_9771,43,Male,Suburban,Monthly,63.26,27-10-2022,
CUST_9772,43,Female,Rural,Prepaid,44.11,23-06-2021,
CUST_9773,35,Male,Urban,Yearly,38.2,09-02-2023,
CUST_9774,43,Male,Urban,Prepaid,68.01,14-03-2021,
CUST_9775,50,Male,Rural,Monthly,42.95,28-06-2019,
CUST_9776,43,Female,Suburban,Monthly,48.36,14-03-2021,
CUST_9777,43,Female,Urban,Prepaid,37.59,08-10-2021,
CUST_9778,43,Male,Suburban,Monthly,79.81,20-09-2018,
CUST_9779,44,Male,Suburban,Yearly,27.04,09-09-2019,
CUST_9780,23,Male,Rural,Prepaid,64.74,20-08-2020,
CUST_9781,43,Female,Urban,Prepaid,22.09,18-05-2021,
CUST_9782,54,Female,Rural,Monthly,44.33,06-11-2018,
CUST_9783,43,Male,Rural,Prepaid,61.1,23-05-2023,
CUST_9784,37,Female,Rural,Yearly,75.19,04-01-2018,
CUST_9785,42,Male,Rural,Prepaid,46.42,20-07-2022,
CUST_9786,43,Female,Suburban,Monthly,41.89,23-02-2023,
CUST_9787,27,Male,Urban,Prepaid,53.05,09-10-2021,
CUST_9788,27,Female,Urban,Prepaid,74.77,08-04-2018,
CUST_9789,43,Male,Urban,Prepaid,52.55,13-06-2020,
CUST_9790,38,Female,Suburban,Monthly,57.66,02-05-2023,
CUST_9791,28,Male,Suburban,Monthly,202,22-04-2019,
CUST_9792,44,Male,Rural,Prepaid,63.64,22-12-2020,
CUST_9793,33,Male,Rural,Yearly,26.51,03-03-2021,
CUST_9794,43,Male,Rural,Monthly,68.79,04-04-2019,
CUST_9795,43,Female,Rural,Prepaid,69.93,11-12-2020,
CUST_9796,66,Male,Urban,Prepaid,80.31,08-02-2021,
CUST_9797,33,Female,Rural,Prepaid,69.9,03-09-2020,
CUST_9798,43,Female,Suburban,Prepaid,41.91,05-09-2021,
CUST_9799,33,Male,Suburban,Monthly,71.98,31-07-2020,
CUST_9800,52,Male,Suburban,Yearly,66.95,25-07-2021,
CUST_9801,33,Male,Rural,Yearly,39.13,18-06-2023,
CUST_9802,57,Male,Urban,Yearly,53.13,24-08-2021,
CUST_9803,29,Female,Urban,Prepaid,6.3,28-01-2019,
CUST_9804,52,Female,Rural,Prepaid,29.31,22-06-2022,
CUST_9805,66,Female,Rural,Yearly,62.31,15-07-2018,
CUST_9806,43,Female,Suburban,Monthly,74.52,17-07-2021,
CUST_9807,43,Male,Suburban,Prepaid,62.37,26-01-2020,
CUST_9808,43,Female,Urban,Prepaid,50.83,19-02-2023,
CUST_9809,43,Male,Suburban,Monthly,34.5,12-12-2021,
CUST_9810,65,Male,Suburban,Monthly,59.67,08-12-2020,
CUST_9811,34,Female,Rural,Yearly,21.26,14-01-2023,
CUST_9812,49,Female,Urban,Prepaid,57.72,14-03-2022,
CUST_9813,58,Female,Rural,Prepaid,36.48,12-01-2018,
CUST_9814,43,Female,Urban,Monthly,61.33,21-04-2022,
CUST_9815,41,Female,Rural,Prepaid,62.06,16-12-2020,
CUST_9816,44,Female,Urban,Monthly,41.52,11-02-2021,
CUST_9817,37,Male,Suburban,Monthly,64.01,06-01-2020,
CUST_9818,42,Male,Urban,Prepaid,23.69,22-03-2021,
CUST_9819,43,Male,Urban,Monthly,47.85,03-02-2018,
CUST_9820,26,Female,Rural,Prepaid,61.87,30-10-2021,
CUST_9821,45,Male,Urban,Monthly,59.33,01-09-2019,
CUST_9822,43,Male,Urban,Monthly,41.66,02-12-2019,
CUST_9823,43,Male,Urban,Prepaid,63.23,17-09-2022,
CUST_9824,37,Male,Rural,Monthly,63.79,12-01-2022,
CUST_9825,23,Male,Urban,Prepaid,32.4,14-12-2019,
CUST_9826,43,Male,Rural,Prepaid,48.32,15-03-2022,
CUST_9827,43,Female,Suburban,Prepaid,52.93,03-12-2019,
CUST_9828,43,Female,Rural,Prepaid,52.71,17-01-2018,
CUST_9829,54,Female,Urban,Monthly,62.17,30-08-2020,
CUST_9830,23,Male,Suburban,Prepaid,43.8,06-06-2021,
CUST_9831,62,Female,Urban,Monthly,74.54,23-05-2021,
CUST_9832,51,Female,Rural,Yearly,44.09,14-01-2021,
CUST_9833,43,Male,Suburban,Prepaid,32.99,23-03-2018,
CUST_9834,32,Female,Suburban,Prepaid,46.6,20-04-2020,
CUST_9835,62,Male,Suburban,Prepaid,53.81,09-12-2021,
CUST_9836,43,Female,Urban,Prepaid,32.32,02-12-2021,
CUST_9837,31,Male,Suburban,Prepaid,45.39,25-06-2020,
CUST_9838,43,Male,Suburban,Monthly,31.4,22-12-2022,
CUST_9839,43,Female,Suburban,Prepaid,60.55,05-12-2020,
CUST_9840,43,Male,Suburban,Monthly,47.34,09-11-2018,
CUST_9841,43,Female,Rural,Prepaid,14.21,25-06-2020,
CUST_9842,48,Male,Urban,Prepaid,65.57,06-05-2022,
CUST_9843,43,Female,Urban,Prepaid,32.44,02-05-2022,
CUST_9844,59,Female,Suburban,Prepaid,90,21-02-2021,
CUST_9845,49,Male,Rural,Prepaid,39.75,20-05-2023,
CUST_9846,34,Female,Suburban,Monthly,41.32,24-03-2018,
CUST_9847,31,Female,Urban,Monthly,52.41,26-03-2023,
CUST_9848,57,Female,Urban,Prepaid,13.79,30-01-2023,
CUST_9849,43,Male,Urban,Monthly,56.61,05-11-2020,
CUST_9850,65,Male,Suburban,Prepaid,60.52,27-09-2019,
CUST_9851,41,Female,Suburban,Prepaid,63.59,02-08-2019,
CUST_9852,62,Female,Rural,Yearly,54.21,24-02-2021,
CUST_9853,44,Male,Rural,Yearly,51.37,17-10-2018,
CUST_9854,42,Male,Urban,Yearly,27.24,15-10-2019,
CUST_9855,43,Female,Urban,Prepaid,57.4,09-06-2021,
CUST_9856,69,Male,Rural,Yearly,49.37,18-09-2021,
CUST_9857,35,Male,Urban,Monthly,43.59,22-01-2022,
CUST_9858,63,Female,Rural,Monthly,34.51,28-05-2018,
CUST_9859,35,Male,Suburban,Yearly,57.2,22-03-2018,
CUST_9860,54,Male,Urban,Yearly,45.16,20-09-2021,
CUST_9861,43,Male,Urban,Monthly,21.77,07-05-2020,
CUST_9862,26,Female,Rural,Yearly,46.65,10-02-2023,
CUST_9863,52,Male,Suburban,Prepaid,38.44,08-07-2021,
CUST_9864,25,Female,Urban,Monthly,63.14,21-07-2020,
CUST_9865,43,Male,Urban,Prepaid,47.51,26-04-2023,
CUST_9866,59,Male,Rural,Yearly,46.06,04-03-2022,
CUST_9867,39,Female,Suburban,Monthly,54.63,19-03-2021,
CUST_9868,43,Female,Rural,Yearly,75.12,08-05-2018,
CUST_9869,47,Female,Suburban,Monthly,56.09,07-06-2022,
CUST_9870,45,Female,Suburban,Monthly,38.16,14-01-2018,
CUST_9871,52,Male,Rural,Prepaid,26.65,07-11-2022,
CUST_9872,60,Female,Rural,Monthly,69.95,07-03-2019,
CUST_9873,43,Female,Suburban,Monthly,13.22,23-10-2018,
CUST_9874,48,Female,Rural,Prepaid,49.68,21-07-2022,
CUST_9875,66,Male,Urban,Prepaid,85.24,16-07-2020,
CUST_9876,43,Male,Urban,Monthly,23.34,30-12-2019,
CUST_9877,43,Female,Urban,Prepaid,33.24,05-08-2020,
CUST_9878,53,Female,Urban,Prepaid,52.99,15-06-2022,
CUST_9879,47,Female,Urban,Prepaid,37.91,06-08-2021,
CUST_9880,40,Female,Rural,Prepaid,48.26,06-02-2018,
CUST_9881,36,Male,Suburban,Yearly,56.38,04-02-2018,
CUST_9882,29,Female,Rural,Yearly,58.54,05-02-2018,
CUST_9883,32,Male,Urban,Monthly,66.62,23-02-2018,
CUST_9884,43,Female,Urban,Prepaid,26.28,02-04-2021,
CUST_9885,60,Female,Rural,Monthly,68.99,14-03-2023,
CUST_9886,43,Male,Rural,Monthly,70.2,07-01-2019,
CUST_9887,43,Female,Suburban,Monthly,62.69,05-01-2021,
CUST_9888,43,Female,Urban,Monthly,33.03,30-12-2018,
CUST_9889,46,Female,Rural,Prepaid,32.26,28-12-2022,
CUST_9890,67,Female,Suburban,Monthly,54.45,07-01-2020,
CUST_9891,43,Male,Urban,Monthly,59.66,06-09-2022,
CUST_9892,43,Female,Urban,Yearly,67.63,21-09-2018,
CUST_9893,61,Female,Urban,Monthly,42.79,27-11-2021,
CUST_9894,19,Male,Rural,Prepaid,59.4,14-10-2021,
CUST_9895,37,Female,Urban,Monthly,58.58,26-01-2021,
CUST_9896,32,Male,Urban,Monthly,40.18,09-02-2021,
CUST_9897,43,Female,Suburban,Prepaid,43.39,19-08-2022,
CUST_9898,21,Female,Rural,Monthly,26.05,28-02-2021,
CUST_9899,39,Female,Suburban,Prepaid,34.04,04-07-2021,
CUST_9900,43,Male,Rural,Prepaid,40.55,03-06-2023,
CUST_9901,55,Male,Urban,Prepaid,57.83,17-06-2019,
CUST_9902,40,Female,Suburban,Prepaid,83.94,04-11-2019,
CUST_9903,43,Male,Rural,Prepaid,57.27,27-03-2023,
CUST_9904,43,Female,Rural,Monthly,31.33,23-05-2019,
CUST_9905,28,Male,Urban,Prepaid,42.84,01-11-2022,
CUST_9906,43,Female,Urban,Monthly,65.75,10-03-2020,
CUST_9907,19,Male,Suburban,Monthly,37.95,25-07-2022,
CUST_9908,25,Female,Suburban,Prepaid,72.49,22-12-2020,
CUST_9909,46,Male,Rural,Yearly,60.27,17-07-2021,
CUST_9910,43,Male,Suburban,Monthly,46.23,13-10-2020,
CUST_9911,54,Male,Urban,Yearly,21.3,04-02-2022,
CUST_9912,35,Male,Suburban,Monthly,65.11,12-08-2018,
CUST_9913,67,Female,Suburban,Monthly,59.66,25-04-2020,
CUST_9914,43,Female,Rural,Yearly,57.09,26-09-2020,
CUST_9915,27,Male,Urban,Prepaid,90.13,08-05-2019,
CUST_9916,43,Female,Rural,Monthly,35.96,24-03-2019,
CUST_9917,43,Male,Urban,Monthly,72.82,05-11-2021,
CUST_9918,52,Female,Urban,Yearly,47.2,09-12-2018,
CUST_9919,28,Male,Rural,Prepaid,53.83,30-10-2018,
CUST_9920,61,Female,Suburban,Monthly,54.68,31-05-2019,
CUST_9921,43,Female,Rural,Prepaid,62.52,08-06-2021,
CUST_9922,20,Male,Suburban,Yearly,39.28,30-06-2018,
CUST_9923,56,Male,Rural,Monthly,85.91,06-02-2019,
CUST_9924,43,Male,Rural,Yearly,33.42,24-03-2021,
CUST_9925,45,Male,Suburban,Yearly,44.65,29-03-2023,
CUST_9926,43,Male,Suburban,Monthly,77.65,27-11-2020,
CUST_9927,56,Female,Suburban,Monthly,67.7,25-07-2019,
CUST_9928,42,Male,Rural,Monthly,44.65,04-06-2018,
CUST_9929,38,Female,Suburban,Monthly,60.2,23-10-2022,
CUST_9930,43,Male,Suburban,Monthly,33.84,19-11-2018,
CUST_9931,60,Female,Suburban,Prepaid,37.84,18-04-2019,
CUST_9932,32,Female,Urban,Prepaid,44.54,26-08-2022,
CUST_9933,43,Male,Suburban,Yearly,71.4,25-02-2020,
CUST_9934,43,Male,Suburban,Prepaid,18.41,10-08-2019,
CUST_9935,39,Female,Suburban,Monthly,63.21,27-02-2020,
CUST_9936,38,Female,Urban,Prepaid,44.07,19-08-2018,
CUST_9937,43,Male,Urban,Monthly,59.32,17-08-2020,
CUST_9938,61,Female,Suburban,Prepaid,58.76,27-02-2018,
CUST_9939,49,Female,Suburban,Monthly,49.6,12-06-2023,
CUST_9940,67,Female,Suburban,Prepaid,38.67,29-06-2019,
CUST_9941,43,Female,Suburban,Monthly,40,30-10-2019,
CUST_9942,30,Female,Urban,Monthly,45.3,29-03-2023,
CUST_9943,22,Female,Suburban,Monthly,25.61,03-11-2018,
CUST_9944,21,Male,Urban,Monthly,51.34,06-07-2018,
CUST_9945,45,Male,Rural,Yearly,39.41,01-11-2022,
CUST_9946,43,Male,Urban,Monthly,43.06,23-02-2023,
CUST_9947,43,Male,Rural,Prepaid,46.91,10-01-2019,
CUST_9948,26,Female,Urban,Prepaid,61.25,16-04-2019,
CUST_9949,43,Male,Urban,Prepaid,68.57,22-10-2019,
CUST_9950,52,Female,Urban,Prepaid,70.59,10-05-2018,
CUST_9951,54,Female,Suburban,Monthly,56.16,07-11-2021,
CUST_9952,38,Male,Urban,Yearly,44.15,19-07-2019,
CUST_9953,35,Male,Suburban,Monthly,30.38,29-12-2019,
CUST_9954,50,Female,Urban,Monthly,86.61,24-07-2021,
CUST_9955,25,Male,Urban,Prepaid,76.71,09-03-2021,
CUST_9956,68,Male,Rural,Prepaid,63.38,23-06-2022,
CUST_9957,66,Female,Urban,Yearly,59.87,19-08-2019,
CUST_9958,43,Female,Suburban,Prepaid,44.69,01-09-2020,
CUST_9959,60,Female,Rural,Yearly,51.96,29-08-2019,
CUST_9960,43,Female,Rural,Prepaid,63.81,31-03-2023,
CUST_9961,43,Female,Urban,Yearly,21.64,24-05-2019,
CUST_9962,43,Female,Urban,Monthly,40.82,06-11-2019,
CUST_9963,43,Male,Rural,Monthly,50.16,21-11-2019,
CUST_9964,31,Male,Suburban,Yearly,21.15,13-12-2021,
CUST_9965,20,Male,Urban,Prepaid,27.69,20-04-2019,
CUST_9966,29,Female,Rural,Prepaid,40.13,15-01-2019,
CUST_9967,43,Female,Suburban,Prepaid,51.29,30-01-2019,
CUST_9968,29,Male,Urban,Prepaid,72.65,04-10-2018,
CUST_9969,62,Male,Rural,Monthly,43.29,22-01-2018,
CUST_9970,43,Male,Rural,Yearly,78.22,24-02-2020,
CUST_9971,19,Female,Urban,Prepaid,39.09,11-05-2021,
CUST_9972,32,Male,Suburban,Yearly,48.11,29-08-2018,
CUST_9973,43,Male,Suburban,Yearly,27.79,20-10-2021,
CUST_9974,46,Male,Rural,Monthly,43.46,07-11-2022,
CUST_9975,34,Female,Suburban,Yearly,21.45,10-09-2020,
CUST_9976,49,Male,Rural,Monthly,100.79,12-09-2021,
CUST_9977,43,Male,Urban,Monthly,34.32,22-03-2020,
CUST_9978,43,Female,Suburban,Monthly,55.39,09-09-2019,
CUST_9979,45,Female,Urban,Monthly,42.85,21-11-2022,
CUST_9980,31,Female,Rural,Prepaid,46.47,24-07-2019,
CUST_9981,43,Female,Urban,Prepaid,48.85,15-03-2019,
CUST_9982,43,Female,Suburban,Monthly,64.24,08-12-2021,
CUST_9983,43,Male,Urban,Prepaid,57.62,21-03-2019,
CUST_9984,49,Male,Suburban,Yearly,53.63,12-04-2019,
CUST_9985,63,Female,Suburban,Monthly,58.7,12-02-2021,
CUST_9986,43,Female,Suburban,Prepaid,55.57,15-09-2022,
CUST_9987,43,Female,Suburban,Prepaid,30.86,11-09-2022,
CUST_9988,43,Female,Suburban,Monthly,46.28,22-12-2022,
CUST_9989,43,Male,Rural,Prepaid,60.26,28-12-2021,
CUST_9990,44,Male,Urban,Prepaid,41.07,08-11-2018,
CUST_9991,43,Female,Rural,Yearly,55.36,10-07-2020,
CUST_9992,41,Female,Urban,Prepaid,66.54,30-04-2018,
CUST_9993,54,Female,Urban,Monthly,39.59,27-03-2023,
CUST_9994,43,Female,Urban,Prepaid,65.27,23-06-2023,
CUST_9995,55,Male,Rural,Yearly,48.41,24-09-2019,
CUST_9996,43,Female,Suburban,Monthly,51.1,03-11-2021,
CUST_9997,57,Female,Suburban,Monthly,62.7,08-05-2020,
CUST_9998,43,Male,Rural,Monthly,58.9,09-05-2021,
CUST_9999,32,Female,Suburban,Monthly,9.22,15-04-2019,
,,,,,,,
,,,,,,,
,,,,,,,
,,,,,,,
,,,,,,,
,,,,,,,
,,,,,,,
,,,,,,,
,,,,,,,
,,,,,,,
,,,,,,,
,,,,,,,
,,,,,,,
,,,,,,,
,,,,,,,
,,,,,,,
,,,,,,,
,,,,,,,
,,,,,,,
,,,,,,,
,,,,,,,
,,,,,,,
,,,,,,,
,,,,,,,
,,,,,,,
,,,,,,,
,,,,,,,
,,,,,,,
,,,,,,,
,,,,,,,
,,,,,,,
,,,,,,,
,,,,,,,
,,,,,,,
,,,,,,,
,,,,,,,
,,,,,,,
,,,,,,,
,,,,,,,
,,,,,,,
,,,,,,,
,,,,,,,
,,,,,,,
,,,,,,,
,,,,,,,
,,,,,,,
,,,,,,,
,,,,,,,
,,,,,,,
,,,,,,,
,,,,,,,
,,,,,,,
,,,,,,,
,,,,,,,
,,,,,,,
,,,,,,,
,,,,,,,
,,,,,,,
,,,,,,,
,,,,,,,
,,,,,,,
,,,,,,,
,,,,,,,
,,,,,,,
,,,,,,,
,,,,,,,
,,,,,,,
,,,,,,,
,,,,,,,
,,,,,,,
,,,,,,,
,,,,,,,
,,,,,,,
,,,,,,,
,,,,,,,
,,,,,,,
,,,,,,,
,,,,,,,
,,,,,,,
,,,,,,,
,,,,,,,
,,,,,,,
,,,,,,,
,,,,,,,
,,,,,,,
,,,,,,,
,,,,,,,
,,,,,,,
,,,,,,,
,,,,,,,
,,,,,,,
,,,,,,,
,,,,,,,
,,,,,,,
,,,,,,,
,,,,,,,
,,,,,,,
,,,,,,,
,,,,,,,
,,,,,,,
,,,,,,,
,,,,,,,
,,,,,,,
,,,,,,,
,,,,,,,
,,,,,,,
,,,,,,,
,,,,,,,
,,,,,,,
,,,,,,,
,,,,,,,
,,,,,,,
,,,,,,,
,,,,,,,
,,,,,,,
,,,,,,,
,,,,,,,
,,,,,,,
,,,,,,,
,,,,,,,
,,,,,,,
,,,,,,,
,,,,,,,
,,,,,,,
,,,,,,,
,,,,,,,
,,,,,,,
,,,,,,,
,,,,,,,
,,,,,,,
,,,,,,,
,,,,,,,
,,,,,,,
,,,,,,,
,,,,,,,
,,,,,,,
,,,,,,,
,,,,,,,
,,,,,,,
,,,,,,,
,,,,,,,
,,,,,,,
,,,,,,,
,,,,,,,
,,,,,,,
,,,,,,,
,,,,,,,
,,,,,,,
,,,,,,,
,,,,,,,
,,,,,,,
,,,,,,,
,,,,,,,
,,,,,,,
,,,,,,,
,,,,,,,
,,,,,,,
,,,,,,,
,,,,,,,
,,,,,,,
,,,,,,,
,,,,,,,
,,,,,,,
,,,,,,,
,,,,,,,
,,,,,,,
,,,,,,,
,,,,,,,
,,,,,,,
,,,,,,,
,,,,,,,
,,,,,,,
,,,,,,,
,,,,,,,
,,,,,,,
,,,,,,,
,,,,,,,
,,,,,,,
,,,,,,,
,,,,,,,
,,,,,,,
,,,,,,,
,,,,,,,
,,,,,,,
,,,,,,,
,,,,,,,
,,,,,,,
,,,,,,,
,,,,,,,
,,,,,,,
,,,,,,,
,,,,,,,
,,,,,,,
,,,,,,,
,,,,,,,
,,,,,,,
,,,,,,,
,,,,,,,
,,,,,,,
,,,,,,,
